Gondi Sentence	Hindi Translation	Telugu Translation
इर मनकल अगाटोर.	यह आदमी / मनुष्य वहाँ का है।	ఈ మనిషి అక్కడి వారు.
इस्‍कुलता पिलाल्‍कुना अंगीं उंदेतीर मनंतां.	शाला में जानेवाले सभी छात्राओं का कमीज एक ही रंग का होता है।	బడిలొ చదవుకునె బాలల చొక్క రంగు ఒకె రకముగ ఉంటుంది.
एद्दिते कबड़ किसी-किसी अंगी नांदुता.	धूप में काम करने के कारण मेरा शर्ट भीग गया है।	ఎండలొ పని చెయటమ్ వలన చొక్క తడవడము జరగింది.
पेददादना मुत्तो अंगे आंता.	बड़े भैय्या की पत्‍नी भाभी लगती है।	పెద్ద అన్నయ్య భార్య వదిన అవతుంది.
इर मनकल अगाटोर.	यह आदमी / मनुष्य वहाँ का है।	ఈ మనిషి అక్కడి వారు.
होदेल्ते तडमी मासला अग्‍गि डब्‍बा कबड़ कींता.	चुल्‍हा जलाने के लिये आगपेटी काम आता है।	పొయ్యిలో అగ్గి చేయిటకు అగ్గి పెట్టె తో వెలిగిస్తారు.
ना जाडी कुप्‍पक बोर अग्‍गि डब्‍बा गीसतोर?	मेरे तनीस ढीग को किसने आग लगाया?	నా గడ్డికి ఎవరు అగ్గి పెట్టినారు.
कप्‍डींकु, दोतींकु अंचू मनंता.	साडी, धोती, लुंगी को गोट होता है।	బట్టలకు, దోతులకు,లుంగిలకు, అంచు ఉంటుంది.
सिन्ने पिलाल्‍कुनाहाटीं करसला सिन्ने तट्टा मनंता दान अंचे इंचुर.	छोटे बच्‍चों के पास खेलने के लिये एक टोकरी होता है, उसे टोकरी कहते है।	చిన్న పిల్లలకు ఆడుకొవటానికి చిన్న గప ఉంటుంది.
पेविकल बंकाकन्ना एक्‍को गट्टिगा अंटकुंता.	फेविकल गोंद से भी अधिक चिपकता है।	ఫెవికొల్ అనె పధార్థము బంకకన్న ఎక్కొ అంటుకుంటుంది.
अड़कां, बुड्डीं इर्रला लोतुकु अट्‍कु इर्रंतुर.	कुछ सामान रखने के लिये मकान मे अटारी होता है।	ఇంటి సామాను ఉంచుటకు ఇంట్లో అటుకు తయారు చేస్తారు.
गाटो अट्टनाहाटीं एतुन काच्‍हंतुर.		అన్నము వండుటకు నీటిని ఎసరు పెట్టుతారు.
मनम दुब्‍बते, उस्‍केते ताकते मना काल्‍कुना अडगुल्‍कु अर्रंतां.	जब हम धूल के रास्‍ते जायेंगें तब वहा पांव के निशान दिखाई देते है।	మనము ఇసుకలో, బురుదలో నడిస్తె అడుగులు పడుతాయి.
पेडल अळसेर मंतोर.	वह लडका रो रहा है।	పాప ఏడ్సుస్తూంది.
हर्रि पिसि होननेंके तरास अड्डम वाता.	रास्‍ते से जाते समय मेरे आड़ सांप आया।	త్రోవలో నడుస్తు వెళ్ళంగా పాము అడ్డం వచ్చింది.
दान हिके केयट.	उसे यहा बुलाओ।	
तलुर-बाबो हिल्‍वोर्कुन अनात इंतुर.	जिसका कोई नही होता है उसे अनाथ लडका कहते है।	
पेहपेन कीते अगा बोत्तिटोर हेडमितोर वांतुर.	जब पेरसापेन पूजा होता तब सभी जन इक जगह आते है।	పెద్ద దేవుని దగ్గర అందరు కలుస్తారు.
नेलकु उंदि मल्‍का अमासा वांता.	महिने में एक बार अमावस्या आता है।	నెలకు ఒకసారి అమవాస్య వస్తుంది.
ओर वत्तुता जिम्मां/मीन्‍कु अम्मुसेके मंतोर.	वह सुका मच्‍छली बेच रहा है।	ఆయన ఎండుచాపలు అమ్ముతున్నాడు.
कासूरता इरसु अरगुता.		ఎడ్ల బండి ఇర్సు అరిగి పోయింది.
लोता गल्मकु दल्‍गिसि मनना जेगातुन अरगु इंतुर.	मकान के सामने बैठने के लिये जो व्यवस्‍था होता है उसे बरामदा कहते है।	ఇంటి ముందు ఉన్న స్థలమును అరుస అంటారు
यावल-बाबाल मिय्यड्‍कु एटीं,गोड़कु हीते दानु अरनम इंतुर.		తండ్రి కూతురుకు ఇచ్చె మేకలను ,ఆవులను కట్నము అంటారు.
इंदके मा तातल अरवै मूडु वर्सानोर आतोर.	अभी मेरे दादाजी तिरसठ साल उम्र के है।	ఇప్పుడు మా తాతయ్య వయసు అరవై మూడు సంవస్తరాలు ఉన్నయ్.
बस्‍केळ्‍क बंडापोरोटाल एर पॊंगते बंडा अर्गंता.	पत्‍थर के ऊपर से हमेशा पानी बहने से पत्‍थर भी पिघलता है।	
मुरतड एरपूरनेंके दान उंदि वेरे अर्राते इर्रंतुर.		శిశు జన్మ సమయంలో ఆడవారికి ప్రత్యేక స్థలము ఏర్పాటు చేస్తారు.
पेडल हिडु अरसंतोर.	वह लडका नीचे गिर रहा है।	బాలుడు పడుతున్నాడు.
ना नार अहेरी तहसिलते वांता.	मेरा गांव अहेरी तहसिल में आता है।	
निम्मे निन्ने मंचिगा कबडी कर्‌स्तिन.	तू कल अच्‍छा कबड्डी खेला था।	నీవు నిన్న చాల మంచిగా కబడి ఆడినావు.
नावा नाटुक आंद्रा राज्येम दल्‍गिसे मंता.	आंध्र प्रदेश का सरहद मेरे गांव के नजदिक से गुजरता है।	
पोद्दला कबड कियनेंके उंदि गंटासेपन्ना आराम कियगोम.	काम करने के पश्‍चात आराम करना जरूरी है।	వేసవి కాలంలో నడుస్తు వెళ్ళంగా మధ్యన చెట్టు నీడ చూసి విశ్రాంతి తీసుకుంటారు.
नना हव्‍वीं अय्‍ना जिम्मां/मीन्‍क अय्‍ना तिंतन.		నేను చేపలు, కాని మాంసము, కాని తింటాను.
पिलाल्‍क नोंडेतुन इग्‍गसेके/गुंजसेके मंतुर.	लडके रस्‍सी को खींच रहे है।	పిల్లలు తాడును గుంజుతున్నారు.
लोतुक गुरें दोहला इट्‍केंगें वापरे कींतुर.	घर बनाने के लिये ईट का उपयोग होता है।	ఇండ్లు గోడలు కట్టుటకు మట్టితో ఇటుకలను తయారు చేస్తారు.
बटन चालू मनानेंके करंट तीगेतुन इट्टुडु बेस आयो.	बटन चालू रहते समय बिजली के तार को छूना मना है।	
ओर होन इत्ते निम्मे दांतिना?	वह जाने को कहे तो तू जायेगा?	ఆయన తిట్టినాడు అంటే వెళ్ళినాడు.
एनकटा लोकुल्‍क इत्तोड तालीते एर उनुंदुर.	पुराने जमाने में लोग पानी पीने के लिये पितल का लोटे इस्‍तेमाल करते थे।	
इद नीवा लोने ना?	यह आपका घर है?	
नाकु नी कोंदा गावाले, इदुन हाटीं नना वातन.	मुझे आपका बैल चाहिये, इसलिये मै आया।	
इद ना लोन, इदुनलेंसी इंका बोरदे लोन हिल्‍ले.	यह मेरा घर है, इस तरह का घर कहीं भी नहीं है।	
नाकु नी कोंदा गावाले, इदुन हाटीं नना वातन.	मुझे आपका बैल चाहिये, इसलिये मै आया।	
इदे ई पेडन एत्ता.	लो, इस बच्‍चे को पकडो।	
इनुडु कस्‍टम आयो गानि कियमड़ मात्रम कस्‍टमे.	कहना तो आसान है, पर करना बहोत कठीन है।	
इय्योड पिर्रु इरगा वाता.	इस साल वर्षा/बारीश अधिक हूई।	
इय्योड इरगा पिर वाताहेंका पंटां पाड आतां.	अधिक वर्षा/बारीश होने कारण किसानों का बहोत नुकसान हुआ।	
नना मुंदुक इरवै उंदि वर्सानोन आंतन.	मै अगले साल इक्‍कीस साल का हो जाऊंगा।	
नावा पेदा दादल इरवै एनमिदि वर्सानोर मंतोर.	मेरा बड़ा भाई अट्ठाईस साल का है।	
मा मामांक इरवै तोम्मिदि वर्सां मंतां.	मेरे मामा उनतीस साल का है।	
इरवै नालूं वर्सां आतंका मरमीं आयगोम	चौबीस साल होने के बाद शादी करनी चाहीये।	
इर्क मराता पेडेकुना निय तेंडांतुर.	महुआ के पेड़ के फल से तेल निकालते है।	
कोत्तां बगा दोर्कते-अगा इर्रुडु बेस आयो.	पैसा जहां चाहे वहां रखना उचित नही है।	
इल्‍हा आंता इंचि बोर्के एर्का मनाहिल्‍ले.	इस तरह होगा, किसी को भी नही मालूम था।	
इद इल्‍हा बल्‍हा आता?	यह सब कैसा हुआ?	
इव पुस्‍तकाल्‍क पीसि निम्मे इस्‍कुल्‍क होन्नु.	ये किताबे लेकर तू पाठशाला मे जा।	
नाकु इव्‍वुर केडा मनकालोर कलियतुर.	मुझे जो जंगली मनुष्य मिले वह दो जण थे।	
नाकु इव्‍वुर केडा मनकालोर कलियतुर.	मुझे जो जंगली मनुष्य मिले वह दो जण थे।	
मनकालोर्क इसंटद पच्‍चा पन्ने तिनुर.	मनुष्य जो मेंढक खाता है, वह इस तरह का नही होता।	మానవులు తినె కప్ప ఆకుపచ్చ కప్పకాదు.
दिनकन्ना मुन्ने इसंटां बच्‍चूंगों दुमाराल्‍क वातां.	इसके पहले भी इस तरह के कितने भी तूफान आये थे।	
नाटेना पिलाल्‍क अंटोर हद्वुकुनाला नाटेना इस्‍कुल्ते दांतुर.	गांव के सभी बच्‍चे पढ़ाई के लिये गांव के पाठशाला में जाते है।	బాలురు, బాలికలు, చదువుకోవడానికి ఊళ్ళలో పాఠశాలలున్నాయి.
इस्‍टम हिल्‍वा कबड बस्‍केने कियमनी.	कोई भी काम जबरदस्‍ती से नही करनी चाहीये।	
लक्‍का मॆडाल्‍क इद नावा इस्‍टामाता जॆगा.	लक्‍का मॆडा परबत यह मेरा पसंदीदा स्‍थल है।	
पोराल सेंडि इस्रुसंतोर.	बच्‍चा गेंद फेंक रहा है।	అబ్బాయి బంతిని విసురు తున్నారు.
इहिन आंता इंचि बोर्के एर्का मनाहिल्‍ले.	ऐसा होगा किसी को मालूम नही था।	
एरा बोट्टु कियनेंके पेगिड-पेडल वरोना वेदुक/वड़जुंक वरोर उंगरम तासकुंतुर.	सगाई के दिन दुल्‍हा-दुल्‍हन एक-दुसरे के उंगली में अंगुठी चढ़ाते है।	
जोर- जोरते वड़क्ते तोडदाल उच्‍चुल पलते अर्रंता.	जोर-जोर से बात करने से मुह से थूक बाहर आता है।	
सिना पिलाल्‍क कटुल्तेने उडकंतुर.	छोटे बच्‍चे खटिये में ही पिशाब करते है।	
उत्रम राससि हिकेटा पोल्‍लें हेके वेहा वांता.	पत्र लिखकर इधर की बातें उधर बता सकते है।	ఉత్తరము ద్వరా ఇక్కడి మాటలు అక్కడ చెప్ప గలము.
नाटे पंचादि उपिस्‍ते नाटेनोर अंटोर उंदगा जमा आंतुर.	गांव में पंचायत बुलाने से गांव के सभी सदस्य एक जगह जमा होते है।	
पेरसापेन कोय्तोरा उंदि पेद्दा पेन.	पेरसापेन यह आदिवासीयों का इक अहम ईश्‍वर है।	
उंदि हारीतुन नालूं तुकडां कीते उंदि तुकडातुन पाव इंतुर.	इक रोटी का चार टुकड़े करने से इक टुकडे को पाव भाग कहते है।	ఒక రొట్టెను నాలుగు ముక్కలు చేస్తే ఒక ముక్కను పావు అంటారు.
उंदि मल्‍का नना मरा पोरोटाल हिड अरतन.	इकबार मै पेड़ के ऊपर से नीचे गिरा था।	
मरमींनगा गाटो तिननेंके लाइनसिर उप्‍चांतुर.	शादी में खाना खाते समय सबको लाईन में बिठाते है।	
पेडल हिडु उद्दिस मंतोर.	बच्‍चा नीचे बैठा है।	పిల్లలు క్రింద కూర్చోని ఉన్నారు.
मरमींनगा गाटो तिननेंके लाइनसिर उप्‍चांतुर.	शादी में खाना खाते समय सबको लाईन में बिठाते है।	
दुकानमते नावद उद्देरा काता मंता.	दुकान में मेरा उधार खाता है।	
हकेड्‍क-हकेड्‍क पिलाल्‍क गिलासमेड पाल उनना.	सबेरे-सबेरे बच्‍चे एक गिलास दूध पीना सेहत के लिये अच्‍छा है।	పిల్లలు ప్రొద్దున పాలు త్రాగాలి.
पेय्या गोड्डुनगा पालू उंटा.	बच्‍छडा गय्या के पास दूध पीता है।	దూడ ఆవు దగ్గర పాలు త్రాగుతుంది.
हकेड्‍क-हकेड्‍क पिलाल्‍क गिलासमेड पाल उनना.	सबेरे-सबेरे बच्‍चे एक गिलास दूध पीना सेहत के लिये अच्‍छा है।	పిల్లలు ప్రొద్దున పాలు త్రాగాలి.
बल्‍हा कीसि अय्‍ना ई आटा गेल्‍सना उपायम कियगोम.	कीसि भी हालत में यह सामना जीतने का योजना बनाना पडेगा।	
हेडमितोर वाते ओर्कु कुर्सि वाट्‍सि उपिच्‍गोम.	मेहमान आने से उन्‍हे खुर्ची डालकर बिठानी चाहिये।	
कोत्तना उप्योग मंचि/बेस कबडताहाटीं कियगोम.	पैसों का प्रयोग अच्‍छे काम के लिये करनी चाहीये।	
केडाते मराकुना बोल्‍कुने,पुत्तिने उर्रुम मनंता.		అడవిలో, పుట్టలలో చెట్ల తోఱ్ఱలలో ఉడుములు ఉంటాయి.
मुत्तो-मुय्‍दो उर्रें अरसंतुर.	पती-पत्‍नी झगड़ रहे है।	ఒక మనిషి ఒక ఆడ ఆమె చాల కొట్లాడుకున్నారు.
कारम उस्‍सला उसमल कबड्‍क ओज्‍जंता.		కారం నూరిటకు రోకలి పనికి వస్తుంది.
पोगो तिननोर बस्‍केड़क उस्‍कुसेकेने मनंतुर.	तंबाखू खानेवाले हमेशा थूकते रहते है।	
बेरेटे एक्‍को उस्‍के मनंता	नदी में बालू अधिक होता है।	
उसमाल्ते वंजी उस्‍संतुर.		వీరు రోకలితో వడ్లు దంచుతున్నారు.
सिने पिलाल्‍कुंक एर उना वायो इंचि मनामे ओर्क उहुडु गावाले.	छोटे बच्‍चे पानी स्वंय नही पी सकते इसलिये उन्‍हे हम पिलानी चाहिये।	
नाकु सोनय उह्‍का वांता.	मुझे शहनाई बजाना आता है।	
सिने पिलाल्‍कुन ऊकडते मींडसंतुर.	छोटे बच्‍चों को झूले में सुलाते है।	
सिने पिलाल्‍कुंक उकळ ऊंगमड़ इरगा इस्‍टम.	छोटे बच्‍चों को डोलना बहोत पसंद आता है।	
ताडी मरक वडीकु इरगा ऊंगंता.	ताड़ी के पेड़ हवा आने बहोत डोलते है।	
नॆदे नांगेल्ते उडांतुर.		నాగాలితో చేనును దున్నుతారు.
कुडेह्‍कुन पीसि बेस्रम पोर्कने ऊत पिट्टें मनंतां.		వాగులోగాని, బెషరం పొరకలలో గాని పూరేడు పిట్టలు బాగా ఉంటాయి.
जेनगा पियानय्ते अद नेत्तुटुन ऊतंता.	झळू अपने खून को चूस लेता है।	
ऊर बिस्‍के लोह्‍कुन पीसि मनंता.	चिमणी घर-आंगण में पाये जाते है।	
एर तुंगतंका पिलाल्‍क-पेद्दल्‍क तला ऊसंतुर.		స్నానం చేయించి పిల్లల తల దూస్తారు.
कट्टें तरला गुट्टां एक्‍किस होनापींता.	लकड़ीयाँ लाने के लिये पहाड़ चढ़कर जाना पडेगा।	కట్టెలు తేవడానికి గుట్ట ఎక్కరు.
ओर अंटोर मरापोरो एकसंतुर.	वे सब पेड़ पे चढ़ रहे है।	వీరందరు చెట్టు పై ఎక్కినారు.
गोंदकेते बतलना हिर्कुते एक्‍कुल्‍कु तेदंतां.	गले में कुछ लटकने से हिचकी लगता है।	
एक्‍को गाटो तित्ते पीर नोंता.	बहुत खाना खाने से पेट में दर्द होता है।	
कोया मरमीने पल्‍हीनाल एगरंतुर.	गोंड समाज के शादीयों में रातभर नाचते है।	స్త్రీ, నృత్యం చేస్తున్నారు.
एटो कर्णपोक्‍कते मनंता.	खेकड़ा खड्डे में पाया जाता है।	
रोज इच्‍चो रोज इच्‍चो बकगा आसेक मंतोर, बारी इत्ते ओन्‍कु वेल्‍लन रोजुकनाल एडकी वासंता.		రోజు రోజుకు తగ్గుతున్నాడు ఎందుకంటే జ్వరముతో ఉన్నాడు.
१५ आगस्‍ट एडादिक उंदिमल्‍के वांता.		సంవత్సరంలో తేది: 15 ఆగష్టు 26 జనవరి నా జెండాను ఎగురువేస్తారు.
दुनियता अंटोरकन्ना एत्तु मनकना एत्तु तोमिद मूल्‍क मंता.	दुनिया का सबसे ऊंचा आदमी की ऊंचाई नौ फीट है।	
मावा नाटे वेल्‍लेन एत्तुना ताडी मरा मंता.	मेरे गांव में बहुत ही लंबा ताडी का पेड़ है।	
कोंगा कुडेह्‍क, बेरेह्‍कुन पीसि मनंता.	बगला नाला, नदी के किनारे पाया जाता है।	
नना दांतन, मा तम्मुर ना एदुर हूडसेके मंतोर.	मै चलता हूँ, मेरा भाई प्रतिक्षा कर रहा है।	ఎక్కడికి వెళ్ళుతున్నావు ఆగు నేను కూడ వస్తాను.
पोड्‍द पेय्‍स्‍ते एद्दी आंता.	सुबह होने के कुछ समय बाद धूप लगता है।	ఉదయం అయితే ఎండ వస్తుంది.
एद्दी कालम हक्‍केटाल अय्ते पोड्‍द होननाल इरगा एद्दी मनंता.		వేసవి కాలంలో ఉదయం నుండి సాయంత్రం వరకు చాల వేడిగ ఉంటుంది.
एद्दी कालम हक्‍केटाल अय्ते पोड्‍द होननाल इरगा एद्दी मनंता.		వేసవి కాలంలో ఉదయం నుండి సాయంత్రం వరకు చాల వేడిగ ఉంటుంది.
एंडा कालम इरगा एद्दि तेर्रंता.	धुपकाल में बहोत धूप होता है।	
मा काकोंक नाडीकय्ते एनबै वर्सां पुरागा आंतां.	कल मेरी दादी माँ अस्‍सी साल की होनेवाली है।	
नावा कालेज एनबै उंदिते सुरुव आता.	मेरा महाविद्यालय इक्यासी मे शुरू हुआ।	
राजेश एनबै एनमिदिते पुटतोर.	राजेश का जन्‍म अट्‍ठासी में हुआ।	
मा सुदीर एनबै तोम्मिदते पुटतोर.	हमारा सधीर नवासी में पैदा हुआ।	
मा अम्मल एनबै नालूं वर्सां पिस्‍ता.	मेरी दादी माँ चौरासी साल तक जिवित रही।	
मा पेदा दादना सिने मिय्यड एनमिदि वर्सनद आता.	मेरे बड़े भैय्या की छोटी लडकी आठ साल की हूई है।	
लोतुक वासां कोट्टला एनागरा वासम मनंता.		ఇంటి వాసాలు ఇటు అటు కొట్టుటకు ఆడే కట్టె ఎనీగర తయారు చేస్తారు.
एनी पेदा-पेदा मराकुन सोंडोंमते उरहंता.		ఏనుగు తన తోండంతో పిల్లల పై నీరు జల్లుతుంది.
एन्‍कटा जमानाते लोकुल्‍क मन्नु/तोड़ी तिंचि पिस्‍तुर.	पुराने जमाने के लोग मिट्टी खाकर जिवित रहे।	
नीरे वाता बेरेडते एन्‍बै हारूं गोड़कु हासोत्तां.	पिछले वर्ष आयी बाढ़ में छियासी पालतू जानवर गुजर गये।	
मा नय्यु एबै उंदि वर्सां पिस्‍ता.	हमारा कुत्ता इक्यावन साल तक जिवित रहा।	
इय्यटाल एबै एनमिदि वर्सां मुन्ने मना देसेमकु स्वतंत्रम दोर्कुता.	आज से अट्ठावन साल पहले हमारे देस को आजादी मिली।	
इंका एबै तोम्मिदि रोजकु अय्ते दिवले वांता.	और उनसठ दिन के बाद दिपावली आयेगी.	
नना एबै नालूं रोजकुना हाटीं नागपूर होंचि मत्तन.	मै चौवन दिनों के लिये नागपूर गया था।	
नावा बाल एबै मूडु वर्सानोर मत्तोर.	मेरे पिताजी तिरपन साल के थे।	
एबै हारूं रोजकुंक नना मर्रा जोगनगुडा वांतन.	छप्‍पन दिन के बाद मै फिर जोगनगुडा आऊंगा।	
ओर एर कांजसेके मंतुर.	वे पानी ला रहे है।	వీరు చిన్న బిందెలతో నీళ్ళు తెస్తున్నారు.
कुहिता एते ब्‍लिचींग पावडर वाटतंका आ एतुन मंचि एर इंतुर.	कुए की पानी में ब्‍लिचींग पावडर डालने के बाद के पानी को अच्‍छा पानी कहते है।	
एनकटा लोकुल्‍क एरतुंगंना कॊलीते एर तुंगांकोंदुर.	पुराने जमाने के लोग स्‍नानगृह में स्‍नान नही करते थे।	
एरपाट मंचिगुडा एर्का हिल्‍ले इनामन्नी.	मालुम होते हूये भी मना नही करनी चाहीये।	
नूर वर्सना पोल्‍ले इदवेरा दाका एरपाट इर्रुडु गम्मति पोल्‍ले आयो.	सौ साल की बात को अभी तक याद रखना कोई मजाक बात नही।	
नॆदे इरगा पंटा पंडना इंचि एरवु वाटंतुर.	खेत में अच्‍छा फसल आने के लिये गोबर डालते है।	చేనులో పత్తి పంట వెయుటకు ఎరువు వేస్తారు.
अन्नी एरवुकुंकन्ना हडपी एरवुने मंचि पंटा पंडंता.	गोबर को खेत में अच्‍छे फसल के लिये उपयोग करते है।	
नॆदे इरगा पंटा पंडना इंचि एरवु वाटंतुर.	खेत में अच्‍छा फसल आने के लिये गोबर डालते है।	చేనులో పత్తి పంట వెయుటకు ఎరువు వేస్తారు.
एर्का मत्ता पोल्‍ले हिल्‍ले इनना आयो.	जो भी मालूम है वह बतानी चाहीये।	
रोजनद रोजे एर्का आयगोम इत्ते रोज पेपर हद्वगोम.	रोज की बात रोज मालूम होने के लिये हरदिन अख़बार पढ़नी चाहिये।	
एर्रापुडी गालमकु ताससि जिम्मां/मीन्‍क पींतुर.		వాన పాములను గాలనికి తగిలించి చేపలు పట్టుతారు.
कुसिर ताल्‍प/पॊय्‍सला एल्‍पाया वाटंतुर.	सब्‍जी बनाने को लसन उपयोगी है।	ఉల్లి పాయాలు కూరలో వేస్తారు.
नॆली कियनोर नॆदगा कबड किसेके म‍ंतोर.		వ్యవసాయము చేసేవాడు మడిళ్ళలో పనిచేస్తున్నాడు.
मिमेट अंटोर हकेरेने इग्‍गे एव्‍वट.	आप सब सबेरे यहाँ पहोंच जाओ।	మీరందరు ఇక్కడ ప్రొద్దునే చేరుకోవాలి.
जोन्ना गाटो अटनहाटीं मुन्ने एतून एसर वायागोट्टा पींता.	जवार का खाना पकाने से पहले पानी को उबल पड़ता है।	జొన్న అన్నము వండడానికి ముందు నీటిని వేడి చేయవలెను.
मरमींनगा पोल हुट्टानेंके नालूं ऐरेन अड़कां इर्रंतुर.		పెండ్లి పందిరిలో నాలుగు చిన్న కుండలు ఉంచుతారు.
निम्मे बोन तंतिनो ओर ओक्‍कला हायनय्ते नीकुन पोलिसुल्‍क ओंतुर.	तु जिसको मारा वह अगर मर गया तो तुझे पुलिस लेकर जायेंगें।	
सेदेपा मराता आकी इरगा सेदू मनंता.	कडूनीम का पत्ता बहोत कड़वा होता है।	
आबद्दम वड़कामन्नी इंचि ओट्टु पिया वेहंतुर.	झूठ नही बोलनी चाहीये इसलिये कसम खाने को बताते है।	
निम्मे कोत्तां मक्‍किचा हिलिन इंचि ओट्टु पीम.	तूने पैसे छुपाया नही करके कसम खा।	నీవు డబ్బులు దొంగతనము చేయలేదని ఒట్టు తీసుకొంటవా.
निम्मे कोत्तां मक्‍किचा हिलिन इंचि ओट्टु पीम.	तूने पैसे छुपाया नही करके कसम खा।	నీవు డబ్బులు దొంగతనము చేయలేదని ఒట్టు తీసుకొంటవా.
इरगा पिर वाते ओड्डू उर्लंता.		పెద్దవాన పడితే వాగు ఒడ్డు నిండ ప్రవహిస్తుంది.
मक्‍के हेन्‍कु तिननेंके वेल्‍ले मंदि ओड्‍हाचि तिंतुर.		చిక్కుడు కాయలు వండుటకు విరగొట్టుతారు.
कटुल्ते वेल्‍लेन मंदि उंदे मल्‍का उदुते दाना नॊंडे ओदोल आसी दांता.		మంచంలో ఎక్కువ మంది కూర్చుంటే నుల్కా వదులు అవుతుంది.
नडिक पॆंट गट्टिगा आते दान ओदोल कींतुर.	कमर में पैंट टइट होने से उसे ढिला करते है।	
अगा अर्सि मत्ता दस्‍तीगुड्डा ओनद आंद.	वहां पड़ा हुआ हाथरुमाल उसका है।	
आ दस्‍तीगुड्डा ओनदे अनि अद ओनद-ओरे पोगुट्‍कुत्तोर.	वह हाथरुमाल उसी का है, और वह स्वंय ही फेंक दिया।	
आ दस्‍तीगुड्डा ओनदे अनि अद ओनद-ओरे पोगुट्‍कुत्तोर.	वह हाथरुमाल उसी का है, और वह स्वंय ही फेंक दिया।	
तेडियसो-तेडियकनो तप आते ओप्‍पुकुन्‍मड़ मंचिदि.	गलती से अगर गलती हुई तो वह कबुलना बेहतर होगा।	
ओर हीके वासेके मंतोर/मंतुर.	वे/वो इधर आ रहे है/रहा है।	
अगा मनना कचलम ओरद आंद.	वह खटारा उनका है।	
अगा मनना कचलम ओरद आंद.	वह खटारा उनका है।	
कंका वेल्‍लेन कबाह्‍कुंक ओज्‍जंता.	बांस बहोत ही उपयोगी है।	వెదురు చాల పనికి వస్తుంది.
वेयवा हव्‍वीं तित्ते कक्‍का वांता.	बिना पकायें मटन खाने से उल्टी होता है।	
कच्‍चि दुकानकुनाल कच्‍चि मर्सुक,कसेह्‍क,कर्कु कियला एतांतुर.	लोह के दुकान से लोह कुल्‍हाड, चाकू वगैरा बनाने के लिये खरिदते है।	ఇనుము దుకాణములో కర్ర కొరకు ఇనుము తీసుకుంటారు.
कच्‍चि वीसि मुडगेते होत्ते कलियंता.	यह मक्‍खी जंगल में पाया जाता है।	
कच्‍चितुन सिन्नगा-सिन्नगा कीते दान कच्‍चि टुक्‍डे इंतुर.	लोहे को छोटे-छोटे टुकडे करने से वह छोटा बनता है।	
बद बंडाते कच्‍चि कलियसी मनंतनो अद बंडातुन कच्‍चि बंडा इंतुर.	जिस पत्‍थर में लोहे का प्रमाण होता है, उस पत्‍थर को लोहयुक्‍त पत्‍थर कहते है।	
कच्‍चितुन सिन्नगा-सिन्नगा कीते दान कच्‍चि टुक्‍डे इंतुर.	लोहे को छोटे-छोटे टुकडे करने से वह छोटा बनता है।	
बद अय्ते पेनेम कच्‍चितद मनंतो दान कच्‍चिता पेनेम इंतुर.	अगर तावा लोहे का है, तो उसे लोहे का तावा कह‍ते है।	
कच्‍चि वीसि मुडगेते होत्ते कलियंता.	यह मक्‍खी जंगल में पाया जाता है।	
कटुल मींडना कबड़कु ओज्‍जंता.	खटिया सो ने के लिये उपयोग मे लाया जाता है।	
कटोरीते कुसिर इर्रंतुर.	खटोरे में सब्‍जी वगैरा रखते है।	
एर आगूगोम इंचि कुडेट्‍कु कट्टा वाटंतुर.		నీటిని ఆపుటకు వాగుకు అడ్డం కట్టా కట్టుతారు.
कट्टे लॊता अन्नी कबह्‍कुंक ओज्‍जंता.	लकड़ी घर के हर काम के लिये उपयोगी है।	
नाटेना लोकुल्‍क आना कालम वायका मुन्नेने कट्टें, मोट्टुक तच्‍चि इर्रंतुर.	गाव में बरसात आने से पहले ही लकडीयाँ लाके रखते है।	
वतुता कट्टेतुन बोड़सला इर्रंतुर.	सुका लकडी को जलाने के लिये रखते है।	
कट्टेतुन आरेते कोय्ते सन्नमता कट्टेनुसि पेय्‍संता.	लकड़ी को काटने से उसमें से कोंडा निकलता है।	
कड़ हूड़ना कबड़ कींता.	आँख देखने का कार्य करता है।	
उल्‍लीगड्डा कोय्ते कड्‍कुंक एह्‍क वांतां.	प्याज काटते समय आखो में आंसू आते है।	
मा लोन ननाने कडगोट्टोन आंदुन.	मेरे घ‍र में सबसे छोटा मै ही हूँ।	
उंदि कय्‍दे वेल्‍लेन सामन ओते इरगा कंडतेम आंता.		ఒక చేతితో వస్తువులు దూరం తీసుకెళ్ళెలంటే చాల ఇబ్బందిగా ఉంటుంది.
कबड़ कीसि-कीसि कंडतेम आंता.	काम कर-करके थक जाते है।	
जोन्नां, वंजींना बंति दोहला/विस्‍सला नॆदे कडा कींतुर.	जुवाड़ी या धान के चूरणी के लिये खेत में कलिहान बनाते है।	జొన్నలు, వరి, కంది, తీయుటకు చేనులో కల్లం చేస్తారు.
पिलाल्‍क कर्सनेंके वरोंक-वरोर कंडा बलम हुप्‍संतुर.		పిల్లలు ఆటలాడు కొనే ముందు చేతిని ముడిచి కండలు చూపుతారు.
मरमीं आता मुरताह्‍क काल्‍कुंक मट्टें दोस्‍संतां/तासंतां.		పెళ్ళి కూతురుకు చేయికి కడియాలు తొడిగిస్తారు.
कड़ीतुन गाटोते कल्‍पिसि तिंतुर.	कड़ी चावल के साथ मिला के खाते है।	
कड़्दा लोप्‍पो गुंड्रुगा,तेल्‍लगा उंदि कड़ु गुड्डु मनंता.		కళ్ళలో గుండ్రంగా తెల్లటి కనుపాప ఉంటుంది.
कडुंकु रोंडु रेप्‍पां मनंता.	आखों को दो पलख होते है।	
अळते कडदाल कडेर पॊंगंता.	रोने से आँखो मे से आँसू निकलते है।	
काकह्‍क कत्‍पुक आसी मनंतां.	कौआएं हमेशा इकट्टा रहते है।	
बतलना कतरिचाला कत्तेरा कबड़्क ओज्‍जंता.	कुछ काटने के लिये कैंची का इस्‍तेमाल होता है।	
काकाह्‍क बगानना उद्दनय्ते कत्‍पुंक-कत्‍पे उद्दंतां.	कौआ अगर कहीं बैठता है तो पूरे झुंड के साथ बैठता है।	
मरमींने तोरण दोहला रंगु-रंगुल्‍कुना कायदाल्‍क कत्रिचंतुर.	शादी में तोरण बनाने के लिये अलग-अलग रंग के कागज काटकर चिपकाते हैं।	
पंदिरि वाट्ते दानपोरो कन्‍ड्ररां वाटांतुर.		పందిరిలో గుంజల పైన వాసాలు వేస్తారు.
मरमींने पेगिड-पेडना तलुर-बाबो ओरा-ओरा हेडमितोर्कुंक कपडीं तासंतुर.		చుట్టాలు, బంధువులు పెండ్లిలో వరుడు,వధువు తల్లి, దండ్రులకు బట్టలు కట్నము చేస్తారు.
बोना कपडीं ओर हुकगोम	स्वंय के कपडे स्वंय ही धोनी चाहीये।	
कोया मुरताह्‍क कपर्क बोट्टु तासंतां.	गोंड औरतें माथे पे टिका लगाते है।	
सिनस्‍के कप्‍पिड उहावायो.	बचपन मे कपडा पहनना मुश्‍किल होता है।	
कास्ता गंजुनु पॆगुने पिसि रेहांतुर.		వేడి వంట పాత్రను బట్టతో పట్టి దించుతారు.
नना नार होत्ते नॆदे कबड कियला दांतन.	जब मै गांव जाता हूँ, तो खेत में काम करने जाता हूं।	
कास्‍तकरी मनकंक मरसु बस्‍केड्‍के कबड्‍क अर्रंता.	खेती करनेवाले को कुल्‍हाड हमेशा काम में आता है।	
कास्‍तकरी कियनोन हाटीं कासूर/कचलम बच्‍चनो कबडतद.	खेती करनेवालों के लिये खटारा अति महत्त्‍वपूर्ण होता है।	
कबड-दंदा हिल्‍वोर लॊने मींडसि मनंतुर.	जिसे कामधंदा नही वह घर में पड़ा रहेगा।	
नावा बाबाल नॆलीते कबड कींतोर.	मेरे पिताजी खेत में काम करते है।	
कबडक ओज्‍वा बूमीते पंटा पंडो.	बिना काम की भूमी में फसल नही निकलता।	
कास्‍तकरी कियनोन हाटीं कासूर/कचलम बच्‍चनो कबडतद.	खेती करनेवालों के लिये खटारा अति महत्त्‍वपूर्ण होता है।	
कबड-दंदा हिल्‍वोर लॊने मींडसि मनंतुर.	जिसे कामधंदा नही वह घर में पड़ा रहेगा।	
कास्‍तकरी मनकंक मरसु बस्‍केड्‍के कबड्‍क अर्रंता.	खेती करनेवाले को कुल्‍हाड हमेशा काम में आता है।	
रोज मा बाबाल कबड्‍क दांतोर.	हरदिन मेरे पिताजी काम पे जाते है।	
मा दादल नाकु लॊन वा इंचि कबुर लोहतोर.	मेरे भैय्या ने मुझे घर आने के लिये खबर भेजा है।	
मावा लॊन अंटोरकन्ना एक्‍को मा बाबाल कमांचंतोर.	मेरे घर में सबसे ज्यादा मेरे पिताजी कमाते है।	
कुसिर्कु रंगु वायगोम इंचि अव्टे कम्‍का नोह्‍किसी वाटंतुर.	सब्‍जी को स्वाद तथा रंग आने के लिये यह हल्‍दी उपयोगी है।	
मनकंक कामेल्‍क आयानय्ते ओना कळ्‍क पच्‍चगा आंता.	कावीळ से पिडित आदमी के आंखो में पिला रंग आता है।	
कम्मरि कच्‍चितुन काच्‍हासि मर्सुकु, गडापारां तयार कींतोर.	लोहार लोहे को गरम करके कुल्‍हाड, सब्‍बल वगैरा बनाता है।	
मनकंक रोंडु कय्‍क मनंतां.	मनुष्य को दो हाथ होते है।	
पिर वायनेंके पिरदाल बस्‍केन बस्‍केनो करगना बंडां अर्रंतां.	वर्षा होते समय बारिश के साथ कभी-कभी पिघलनेवाले पत्‍थर भी गिरते है।	
बरप बंडा करगंता.	बर्फ के पत्‍थर गर्मी से पिघलते है।	వడబండ్లు కరుగుతాయి.
करंट तीगेतुन इट्ते करंट दल्‍गंता.	बिजली के तार को हाथ लगाने से धक्‍का लगता है।	
वेल्‍ले कबड कीते इरगा करवेसंता.	ज्यादा काम करणे से ज्यादा भूक लगता है।	
नॆदे कबड़ कीताहेंका नाकु करवेस्‍ता.	खेत में काम किया तो मुझे भूक लगा।	చేనులో పనిచేస్తే చాల ఆకలేస్తుంది.
ओर सेंडी करससेके मंतोर.	वह बॉल खेलता है।	వీరు బంతి అడుచున్నారు.
ओर दान्‍कु कंप्युटर करहचंतोर.	वह उसे कंप्युटर पढ़ाता है।	ఆయన ఆమెకు కంప్యూటర్ నేర్పుతున్నాడు.
बस्‍केळ्‍क मंचि कबाह्‍के कियना कराब कबाह्‍क कियमन्नी.	हमेशा अच्‍छा काम करनी चाहिये, बुरा काम नही करनी चाहिये।	
मंचि मनकल अंटोर्क मंचि कींतोर, गानि सेडु मनकल कराब कींतोर.	अच्‍छा आदमी सबका अच्‍छा करता, पर बुरा आदमी सबको बिगाड़ता है।	
मंचि मनकल अंटोर्क मंचि कींतोर, गानि सेडु मनकल कराब कींतोर.	अच्‍छा आदमी सबका अच्‍छा करता, पर बुरा आदमी सबको बिगाड़ता है।	
कराब मेंजू इरगा गब्‍बु वांता.	खराब अंडा दुर्गंध पैलाता है।	
नना इंदकेने कोयम करियसंतन.	अभी मै गोंडी सीख रहा हूं	నేను ఇప్పుడు గోండి భాష నేర్చుకుంటున్నాను.
ओर दान्‍कु कंप्युटर करहचंतोर.	वह उसे कंप्युटर पढ़ाता है।	ఆయన ఆమెకు కంప్యూటర్ నేర్పుతున్నాడు.
नॆदे कबड़ कीताहेंका नाकु करवेस्‍ता.	खेत में काम किया तो मुझे भूक लगा।	చేనులో పనిచేస్తే చాల ఆకలేస్తుంది.
लॊन दोहला उस्‍केते सिमेंट कल्‍पंतुर.	मकान बनाने के लिये रेत में सिमेंट मिलाते है।	మనిషి ఇల్లు కట్టుటకు సిమెంట్ కలుపుతున్నాడు.
गमुलोड सिंदि अनि ताडी कल्‍लू रेहांतोर.	कलार सिंधी, ताड़ी का दारू निकालता है।	గౌడు ఈత చెట్టు, తాడి చెట్టు నుండి కల్లు దించుతాడు.
पेडल कवसंतोर.	बच्‍चा हस रहा है।	పిల్లలు నవ్వుతారు.
तला ऊसला कंग्‍वा कबड हींता.	सर के बाल बनाने के लिये कंगी काम आता है।	
गाटो अट्टनाहाटीं एतुन काच्‍हंतुर.		అన్నము వండుటకు నీటిని ఎసరు పెట్టుతారు.
वंजीतुन पेदा-पेदा मोप्‍कु दोहचि कांजसि ओंतुर.		అర్కకు తాళ్ళు కట్టి తీసుకెళ్ళుతారు.
लेय्या मुर्ताह्‍क कडकुंक काट्‍के दोस्‍सांतां.	युवा लडकीयाँ आखों में काजल लगाते है।	అమ్మాలు కళ్ళలో కాటుక పెట్టుతారు.
लेय्या मुर्ताह्‍क कडकुंक काट्‍के दोस्‍सांतां.	युवा लडकीयाँ आखों में काजल लगाते है।	అమ్మాలు కళ్ళలో కాటుక పెట్టుతారు.
ई काया पंडा हिल्‍ले.	यह फल कच्‍चा फल है।	మామిడి చెట్టు దగ్గర కాయలు ఉంటాయి.
रोज हक्‍केर्कु एरतुंगसि बूदेवुंकु दंडम तासगोम.	हर रोज सुबह उठकर स्‍नान करके के पृथ्‍वी को नमन करनी चाहिये।	రోజు స్నానం చేసి ప్రొద్దున భూమాతకు దండం పెట్టుతారు.
सरवन बालुड़ु ओना गुड्डि यावन-बाबन कावेडते उप्‍पिचि कासीक ओतोर.	श्रावणकुमार ने अपने अंध माता-पिता को कावड़ में बिठाकर काशी लेके गया था।	శ్రవణ కుమారుడు తన తల్లి దండ్రులను కావాడిలో కాశీకి తెసుకెళ్ళనాడు.
जोन्ना गाटो अटनहाटीं मुन्ने एतून एसर वायागोट्टा पींता.	जवार का खाना पकाने से पहले पानी को उबल पड़ता है।	జొన్న అన్నము వండడానికి ముందు నీటిని వేడి చేయవలెను.
ओर पिडकना पोरो इनुमुंक काकं हीसंतोर.	वह आदमी लोहे को गरम कर रहा है।	పిడికెల పైన అగ్గిలో ఇనుము వేడిచేస్తారు.
केडातल कट्टें तरला कासूर कबड़ हींता.	जंगल से लकडीयाँ लाने को खटारा काम आता है।	అడవి నుండి కట్టెలు తీసుకరావడానికి ఎడ్లబండి పనికిస్తుంది.
कोय्‌तोर किन्नेरा नेकसंतुर.	गोंड लोगो के पास 'किन्नेरा' पाया जाता है।	గోండ్స్ మత్రమే కర్నాట్ అనే సంగీతం వాయిద్యం వాయిస్తారు.
उंदि जेगाते वेल्‍लेन पोरलोर जमा आते ओर वरोंक-वरोर किस्‍कुकुंतुर.	एक जगह सब लड़के इक्‍कट्ठा आये तो वह एक-दुसरे का चिमटा लेते है।	ఒక చోట పిల్లలు గుమిగూడితే ఒకరి నోకరు గిచ్చుకొంటారు.
कींकिर नेकस‍ना हाटीं कींकिर पुल्‍ला कावाले.		కీక్రి అనే సంగీత సాధనము మ్రోగించుటకు ఖుజా ఉంటుంది.
पेनकुना पूजा कियला कुंकुमा अनि गुलाल पोडरता बोट्टु तासंतुर.	भगवान का पूजा करते समय कुंकु का उपयोग होता है।	దేవుళ్ళ పూజ కొరకు కుంకుమ గులాలు అంగడి నుండి తెస్తారు.
पेनकुना पूजा कियला कुंकुमा अनि गुलाल पोडरता बोट्टु तासंतुर.	भगवान का पूजा करते समय कुंकु का उपयोग होता है।	దేవుళ్ళ పూజ కొరకు కుంకుమ గులాలు అంగడి నుండి తెస్తారు.
जोन्न बुस्‍सी,पेसेल पोट्टु इवुन अंटवुन कुटार इंतुर.		జొన్న చొప్ప కంది చొప్ప ఎడ్లకు ఎండ కాలంలో మేత పెట్టుతారు.
काल हेलवोन कूटाल इंतुर.	जिसका पैर नही होता है, उसको लंगड़ा कहते है।	కాళ్ళు చేతులు లేని వారిని కుంటి వారంటారు.
इरगा पिर वाताहेंके कुडेर्कु कम्मुड वाता.	अधिक वर्षा के कारण नाले को बाढ़ आयी है।	వర్షం వస్తే వాగులు పొంగుతాయి.
नवराल नवरींक कुतिकट्टु दोहांतोर.	दुल्‍हा दुल्‍हन के गलें में मंगलसूत्र बांधता है।	వరుడు వధువు మెడలో మంగళ సూత్రం కట్టుతాడు.
सिने पिलाल्‍कुन कव्‍सला ओर्कुन कुतुल कीते ओर इरगा कव्‍वंतुर.		చిన్న పిల్లలను నవ్వించుటకు గులగుల (కితకితలు) పెట్టుతారు.
कुम्मल अड़्कां-बुड्डीं कीसेक मंतोर.	कुंभार मटका बनाता है।	కుమ్మరి వాడు కుండ తయారు చేస్తున్నాడు.
तव्टम तासना हेटेटुन कुरपे इंतुर.		చిన్నకొడవలిని కుర్ప అంటారు.
काल हेलवोन कूटाल इंतुर.	जिसका पैर नही होता है, उसको लंगड़ा कहते है।	కాళ్ళు చేతులు లేని వారిని కుంటి వారంటారు.
तडमि मत्ता कट्टेतुन कूटेल इंतुर.		కట్టే కాలిన తరువాత దానిని విస్కూడ్ కట్టే అంటారు.
कूडीं तयार कियला राय आकीं मंचिगा मनंतां.	पतराड़ी का उपयोग शादीयों मे खाना खाने के लिये होता है।	వీరు ఇస్తారాకుల కొరకు రాగి చెట్టు ఆకులు తెంపుతున్నారు.
सिने पिलाल्‍कुन बस्‍सुने पीसि उद्दुते ओर्कु कुर्का वांता.	आवश्यकता से जादा खाने से नींद लगता है।	చిన్నపిల్లలను బస్సులో పట్టి కూర్చుంటే నిద్రపోతారు.
पुन्‍कु, गड्डां आसि मत्तस्‍के पप्‍पु कुसिर तित्ते अव कुलुम पींतां.		పుండ్లు, గడ్డలు అయితే చీము పట్టుతాయి
तल्‍लक होकना नीय मारते डब्‍बातुन पैहाचि कूसंतुर.		తల నూనే అయిపోతే నూనే డబ్బను చూస్తారు.
सिने पिलाल्‍क वेसुड केंजसंतुर.	छोटे बच्‍चे बालकथाए सुनना पसंद करते है।	బాలురు, బాలికలు వింటుంన్నారు.
बगा अय्ते इरगा मरक, गुट्टां, गट्‍क मनंतंगों, अद जॆगातुन केडा इंतुर.	जहां	
केडा बर्रे केडाते मनंता.	जंगली भैस जंगल मे रहता है।	
केडाते मनना वेरकटुन केडा वेरकळ इंतुर.	जंगल मे पाये जानेवाले बिल्‍ली को जंगली बिल्‍ली कहते है।	
केडा कोरदा बूरा मुन्नेड्‍क मल्‍सी मनंता.	जंगल में रहनेवाले मुर्गीयों को जंगली मुर्गी कहते है।	
दूरमताल केयमड़कन्ना दग्‍गेरा होंचि वेहामड़ बॆस.	दूर से बुलाने से बेहतर नजदीक जाके बताना कई गुना अच्‍छा है।	
नना अंगी केरतन.	मै शर्ट पहनता हू।	నేను చొక్క వేసాను
मनकना तल्‍लाकन्ना मुरतटा तल्‍लक एक्‍को केल्‍क मनंता.	आदमी से औरत के सर में ज्यादा बाल होते है।	
मुरताह्‍क केवदुक केवपॊग तासंतां.	औरतें कान में बाली लगाते है।	
मनकंकु रोंडु केव्‍क मनंता.	मनुष्य को दो कान होते है।	
केव्‍वुने कॆंजंतुर.	कान से सुनते है।	
मनकंकु रोंडु केव्‍क मनंता.	मनुष्य को दो कान होते है।	
बस्‍केळ्‍क आय बॆकेनना होननेंके लॊता तल्‍प केहगोम.	हमेशा बाहर जाते समय घर का दरवाज़ा बंद करनी चाहीये।	
कैसुर पीसि लॊन हेय्यंतुर.	झाडू से घर साफ करते है।	
कॊती केडाते मनंता.	बंदर जंगल में रहता है।	
हॆपुर कॊलाना टोपी कीसि डंडारी करसंतुर.		చచ్చోయ్ కొలాటముతో దండారి నృత్యం చేస్తారు.
मा लॊतुक नालूं कोलीं मंतां.	मेरे घर में चार कमरे है।	
कटुल्‍क नालूं कॊसुल्‍क मनंतां.	खटिये को चार ढाचायें होते है।	
कोकसम कोर्कुनां कोर्के तेहाकुंचि ओंता.		గ్రద్ద ఊరిలోని కొళ్ళ పిల్లలను ఎత్తుకొని పోతుంది.
कोंगा कुडेह्‍क, बेरेह्‍कुन पीसि मनंता.	बगला नाला, नदी के किनारे पाया जाता है।	
कोगिल पिट्टेता आवाज/लॆंग तिय्यगा मनंता.	कोयल की आवाज बहुत मिठा होता है।	
नना इंदकेन कोंचम-कोंचम इंग्‍लीश करियसेके मंतन.	मै अभी थोडा-थोडा इंग्‍लीश पढ़ रहा हूँ।	
पॊड्‍द होत्ते कोर्कु अवुना कोंटते होंचि मींडतां	शाम होते ही मुर्गीयां अपने कोने मे जाके सो जाते है।	
लोता लोप्‍पो उंदि अर्राता मूलाते पेन मनंता.	हर घर मे एक देवघर होता है।	ఇంటిలో ఒక మూల దేవుడు స్థలం ఉంటుంది.
कोटी रूपें मत्तोन कोटेस्वर इंतुर.	जिसके पास करोड़ रुपया है, उसे करोडपती कहते है।	
गोड़कुंक मींडला कियना जॆगातुन कोड़का इंतुर.	पशूओं का रहने का ठिकाण को गोटा कहते है।	జంతువులను, ఉంచడానికి కొట్టము చేస్తారు.
कोडका पिट्टें लोह्‍कुन पीसे मनंतां.	चिमणी घर-आंगण में ही पाया जाता है।	
पद्दिक एक्‍को कोड़ंज़ मनंता.	सुवर को ज्यादा चरबी होता है।	
मर्रिना मुत्तो कोडयड आंता.	लडके की पत्‍नी बहू लगती है।	
नना उंदि मल्‍का तुमिर मराता कोस्‍सा कोड्डीदाका एकतन.		కాలకు ముల్లు గ్రుచ్చినచో సూదితో తీస్తారు.
कोत्‍लना मुत्तोन कोताल बाई इंतुर.	कोतवाल की पत्‍नी को कोतवाल बाई कहते है।	
एनकटा एंडी कोत्तां मत्तां.	गुजरे जमाने मे चांदी के सिक्‍के बाजार में थे।	
मना देसेमते रुपया ताकंता.	अपने देस का चलन रुपया है।	
बतलना असनद मत्ते कोत्तां हीसि अस्‍संतुर.	कुछ खरिदने के लिये पैसा देना अनिवार्य है।	
पटवारीन पज्‍जो बोर अय्ते वेलियंतोरो ओन कोत्‍लल इंतुर.	जो पटवारी के साथ रहता है, उसे कोतवाल कहते है।	
कोत्‍लना मुत्तोन कोताल बाई इंतुर.	कोतवाल की पत्‍नी को कोतवाल बाई कहते है।	
हाटुमते बेके कोंदां अस्‍सला दोरकंतंगो हेकेटा जेगातुन कोंदना हाटुम इंतुर.	जिस बझार में बैल भिकता है, उस बझार को बैलों का बझार कहते है।	ఎడ్ల అంగడి ఉంటుంది. ఎడ్లు ఆమ్మె స్థలాన్ని ఎడ్ల వాడా అంటారు.
नॆली कियना प्रति मनकनगा कोंदा मनंता.	खेती करनेवाला हर किसान के पास बैल होता है।	
हाटुमते बेके कोंदां अस्‍सला दोरकंतंगो हेकेटा जेगातुन कोंदना हाटुम इंतुर.	जिस बझार में बैल भिकता है, उस बझार को बैलों का बझार कहते है।	ఎడ్ల అంగడి ఉంటుంది. ఎడ్లు ఆమ్మె స్థలాన్ని ఎడ్ల వాడా అంటారు.
एनकटा आदिवासीर्क कोन्‍लीते गाटो अटुंदुर.	गुजरे जमाने के आदिवासी समाज के लोग इस तरह की बरतन मे खाना पकाते थे।	
पोलाला पंडुगुना नाड हनमंतुना गुड़ीते कोब्‍बेर कायां पय्‍हंतुर.	पोला उत्‍सव में हनुमान मंदिर में नारियल फोड़ा जाता है।	పొలాల పండుగ రోజున అందరు అంజనేయుని గుడిలో టెంకాయ కొట్టుతారు.
कोब्‍बेर मरा अन्नी जॆगाने पिस्‍सो.	नारियल का पेड़ हर जगह जिवित नही रह सकता।	
कोब्‍बेर काया पैहातंका कोब्‍बेर कुड़का पलते अर्रंता.	नारियल फोडने के बाद सफेद भाग बाहर निकलता है।	
कोब्‍बेर मरा अन्नी जॆगाने पिस्‍सो.	नारियल का पेड़ हर जगह जिवित नही रह सकता।	
मना देसेमते मनना अन्नी जातिनाल कोमटि उंदि जाति आंदु.	हमारे जितनी भी जातीयाँ है, उसमे से कोमटी इक जात है।	
एटीं, गोड़क, कॊंदांक कोम्‍कु मनंतां.	बकरी, गय्या, बैल को सींग होते है।	
मराता कोम्मां हीके-हेके ऊंगंतां.	पेड़ के टहनी हवा के कारण हिलने लगते है।	చెట్టు కొమ్మలు అటు ఇటు వెళ్ళుతాయి.
कोया उंदि जाति आंदु.	गोंड एक जात है।	
कोयतोर एक्‍कोते एक्‍को केडा दग्‍गेरा मनंतुर.	आदिवासी जमाती विशेष करके जंगल क्षेत्र मे ही रहते है।	అడవులలో, గూడెలలో ఉండేవారు గోండువారు.
कोयतोर वडकना बाषातुन कोया बाषा इंतुर.	गोंड लोग जो भाषा बोलते है, उसे गोंडी भाषा कहते है।	
कोयतोर एक्‍कोते एक्‍को केडा दग्‍गेरा मनंतुर.	आदिवासी जमाती विशेष करके जंगल क्षेत्र मे ही रहते है।	అడవులలో, గూడెలలో ఉండేవారు గోండువారు.
वंजीपंटा मूडनेल्‍कुंक कॊतक वांता.	धान का फसल तीन महिने बाद काटने योग्य होता है।	
बर्रेता कोर पेद्दगा मनंता.	भैस का शींग बड़ा होता है।	
कोर बगा अय्ते गुडुक/मेस्‍क तासंतनो आ जॆगातुन कोरगूडा इंतुर.	मुर्गी जिस घोंसले मे अंडा देता है, उस घोंसले को मुर्गी का घोंसला कहते है।	
कोर्रु उंदि ईता आयका मुन्ने दान कोर पेट्टा इंतुर.	मुर्गी की युवा अवस्‍था को तलंग कहते है।	
कोर पोरि सिन्नस्‍के हूडला बॆस दिस्‍संता.	मुर्गी का पिल्‍लू बचपन में देखने को बहुत सुंदर दिखता है।	
इर गड्डेम गीकसेके./कोरियसेके मंतोर.	यह आदमी दाड़ी बनाता है।	ఈయన గడ్డం తీస్తున్నాడు.
पेरगुंकन्ना पल्‍सगा मनानदुन कोरोप इंतुर.	दुध से ताक बनाया जाता है।	పెరుగును ఒక పాత్రలో చల్ల చేస్తారు.
कोर्रीना गुगरीं वाटसि तिंतुर.	सेम का नाश्ता बनाके खाते है।	
कोर्रु मेस्‍क/गुडुक तासंता.	मुर्गी अंडा देता है।	
कोर पोरि सिन्नस्‍के हूडला बॆस दिस्‍संता.	मुर्गी का पिल्‍लू बचपन में देखने को बहुत सुंदर दिखता है।	
कोर्रु उंदि ईता आयका मुन्ने दान कोर पेट्टा इंतुर.	मुर्गी की युवा अवस्‍था को तलंग कहते है।	
नरकड्‍कु कुडेटे होंचि एटोन तिनना जिवराशीतुन कोलयल इंतुर.	लोमडीयाँ जंगल मे रहते है।	వాగులో రాత్రి పూట ఎండ్రికాయాలు తినె జంతువును నక్క అంటారు.
होली पंडुगुंक कोलाटम आटा करसंतुर.	होली उत्‍सव में यह खेल खेलते है।	
कम्मरि मरसुकुन कोलिमते काच्‍हांतोर.	लोहार लोहे को गरम करता है।	కమ్మరి గొడ్డళ్లు పదును చేస్తారు.
जोगनगुडा अनि उमानूर नड्डुम कोसेड अंतर मंता.	जोगनगुडा और उमानूर के बीच का अंतर दो मील का है।	
कोसिस कियनोर बस्‍केने ओडोड.	कोशिश करनेवालों की हार नही होती।	
पुन्‍नु आते कोह्‍का तासते मग्‍गंता.	चोट लगने से बिबा लगाने से आराम मिलता है।	
कोह्‍का मरा उंदि मत्तु मरा आंदु	बिबा का पेड़ एक आयुर्वेदीक पेड़ है।	
नांगेल उडानेंके कोंदन मुलगकट्टेते कोह्‍कंतुर.	हल चलाते समय बैलों को तुतारी से टोचते है।	
गंगा बेरेड़ मना देसेमता पवित्र बेरेड़ इंतुर.	गंगा नदी को पवित्र नदी कहते है।	
गंजुने गाटो अट्टांतुर.	बरतन/गंज में चावल पकाते है।	
नर्कड्‍क बुरकल वांता इंचि वेहातेंके राकेश गज‍गजा वन्‍काला दल्‍गुतोर.	रात को शेर आने की खबर सुनकर राकेश थरथर कांपने लगा।	
गंजय उनानेंके मात्रलोर इरगा पोया होड्‍संतुर.	गांजा यह एक प्रकार का नशीला चिज है।	ఊర్లలో ముసలివారు గంజాయి త్రాగెటప్పుడు పొగ పీల్చుకుంటారు.
गज्‍जि आते इरगा दुर्दा तेदंता.	खरुज होने से बहुत खुजली होता है।	
एगरानेंके काल्‍कुंक गज्‍जें दोहाचि एगरंतुर.	नाचते समय आदिवासी नृत्यक पैरों में घुंघरु बांधते है।	డెమ్‌సా నృత్యంలో కాలకి గజ్జెలు కట్టి నృత్యం చేస్తారు.
गज्‍जेर पंडिं नाशिक जिल्‍लते दोर्कंतां.	खजूर के फल नाशिक जिले में पाया जाता है।	
नना रोज हेय्यूं गंटां हदवंतन.	मै हरदिन पाच घंटे पढ़ाई करता हू।	
नावा पल्‍कु गट्टिगा मंतां.	मेरे दात मजबूत है।	
गडिते टाईम हूळांतुर.	घड़ी में समय देखते है।	
गड्डी मूंजुकुन मनकालोर हव्‍किसी तिंतुर.	माकड़ को लोग शिकार करके खाते है।	
सिन्नस्‍के इस्‍कुलते नाकुन बोर दोर्कते ओरे गदरांचुंदुर.	बचपन में पाठशाला में मुझपर जो चाहे वो गरजते थे।	
गद्दल हाता जिवरासुल्‍कुना हाव्‍वीं तिंता.	गीदड़ मरे हुए जानवरों का मटन खाता है।	
मरमीने पेगिड-पेडल उद्दला मुंडा गुंजातगा गद्दे वाटंतुर.		పెండ్లిలో వధు, వరులు కూర్చోవడానికి గద్దెలు వేస్తారు.
बोरो-बोरो 'तप आता, माप कीम' इंचि गद्‍वां पींतुर.		తప్పు అయితే క్షమాపన అడుగుతు గడ్డం పట్టుతారు.
गन्नुने पेदा-पेदा बंडा पय्‍हावांता.	हातोडे से बड़े-बड़े पत्‍थर फोड सकते है।	
कंकक्/बोंगुंक गन्ने मनंता.	बांबु इस वनस्‍पती में गांठ पाया जाता है।	
गबिलेंका पिट्टे मराक वेलाड़ अर्रंता.	चमगादड़ पेड़ पे बैठ नही सकती।	
सिन्ना पिलाल्‍कुंक करस्‍ला बोम्मा हीते ओर्कु गमते-गमत आंता.	छोटे बच्‍चों को खेलने को खिलौना दिया तो उन्‍हे बेहद खुशी होता है।	చిన్నపిల్లలకు ఆటలాడెందు బొమ్మలు తెస్తె చాల ఆనంద పడుతారు.
गमुलोड सिंदि अनि ताडी कल्‍लू रेहांतोर.	कलार सिंधी, ताड़ी का दारू निकालता है।	గౌడు ఈత చెట్టు, తాడి చెట్టు నుండి కల్లు దించుతాడు.
आ मुरतड़ गाजीं केरसेके मंता.	वह औरत चुडी/कंगन खरिद रही है।	ఈమే గాజులు కొనుచున్నాది.
नूंग निय तेंड्‌ते पीची पेय्‍संता.		నువ్వుల నూనే తీస్తె పీచు వెలుతుంది.
जिम्मां/मीन्‍क पियला गालमसुव्‍वक गालम दोहांतुर.		చేపలు పట్టుటకు కట్టెకు గాలం కట్టుతారు.
कुर्रां करहाला गिर्रे कींतुर.		కంకలను నేర్పుట కొరకు గిర్ర అనే దానిని తయారు చేస్తారు.
केडा नाटेनोर कोर्री गुग्रीं एक्‍को तिंतुर.	नाश्ता के लिये गांव के लोग वाल का ऊसळ बनाते है।	
पत्तीता नॆदे जाडी बेर्सते गुंटुक तन्नंतुर.	रुई के खेत मे अधिक घास निकला तो ऊपर-ऊपर डवरा चलाते है।	పత్తిలో గడ్డి మొలచినచో గుంటుకు కొట్టుతారు.
मातरलोर्कुंक दूरमताल गुड्डि-गुड्डि दिसंता.		ముసలి వాళ్ళకు దూరం నుండి కనిపించే బాలుడు మసక, మసక కనిపిస్తాడు.
हतिह्‍कुननाड गुदुमसाई एगरंतुर.	'गुदुमसाई' यह नृत्यप्रकार शादी के तिसरे दिन के रात मे नाचते है।'	పెళ్ళి రోజు రాత్రి పూట ఢెమ్స నృత్యము చేస్తారు.
इस्‍कुल करहना मनकन गुरजी इंचि केयांतुर.	पाठशाला में पढ़ानेवाले व्यक्‍ती को अध्यापक कहते है।	పూర్వపు కాలం యందు బడి చెప్పె ఆచార్యుడుని మస్తరల్ అనే వారు.
पूना लोन वाट्ते दानकु गूरे दोहांतुर.	नया घर बनाने पर उसे दीवार बनाना जरुरी है।	క్రొత్త ఇంటి ముందు ప్రవహరి గోడ కట్టుతారు.
लेय्या पेकीं गोह्‍कुंक गोर पालिश होकंतां.	जवान लड़कीयाँ अपने नखुन को नखपालीश से रंगाते है।	అమ్మాయిలు గోరుళకు పెంటు వేసుకుంటారు.
पीनी कालमते गोंगोडि मुच्‍कुंतुर.	ठंडकाल में कंबल का इस्‍तेमाल करते है।	చలికాలం గొంగాళి కప్పి పడుకుంటారు.
नाटेना एटिन, गोड्‍कुन, बर्रेन कलपिसि गोड्‍क-गोदाल्‍क इंतुर.		ఊరిలోని చిన్న పెద్ద జంతువుల, తెగదూడలు అంటారు.
मातरालोर्क नरकडकु निद्रते गोंड्रंतुर.		ముసలివారు నిద్రపోయెటప్పుడు బుర్లు గొట్టుతారు.
गोर सिक्‍कुड कायान कुसिर कीसि तिंतुर.	वाल को सब्‍जी बनाके खाते है।	గోరు చిక్కుడు కాయలను కూరచేసి తింటారు.
गोर्रुतोनि जोन्ना, सोयाबिन दोस्‍संतुर/एद्दंतुर.		మూడు కాళ్ళ వెలుగడతో జొన్న విత్తునాలు నాటుతారు.
बर्रेन गोल्‍सुने दोहंतुर		బఱ్ఱెలను గొలుసులతో కట్టుతారు.
मुरतड पेकीं गौन केर्रंतां.	स्‍त्रीयाँ गौउन पहनते है।	అమ్మాయిలు గౌను తొడుగుతారు.
सायकल बुर्दा आते अद जंग पींता.	सायकल को खिचड़ में रखने से उसे जंग चढ़ता है।	సైకిల్ బురద అయితే తుప్పు పటుతుంది.
जंगा तूरिला नावा बाबल उहकंतोर.	यह बांसूरी मेरे पिताजी अच्‍छा बजाते है।	
पिलाल्‍क बस्‍केळ्‍क वरोंक वरोर जगडाल्‍क कीसेक मनांतुर.	छोटे बच्‍चे हमेशा इक दुसरे से झगड़ते रहते है।	పిల్లలు ఒకరి జోలికి ఒకరు వస్తున్నారు.
पेहपेन्‍क कीते अगा एटीं, गोड्‍कुना जड़ता हींतुर.		పెద్ద దేవుని దగ్గర జంతు బల్లలు ఇస్తారు.
जनुमता नोंडे वाटंतुर.		జనుమలో తాడు అల్లుతారు.
सेनगा मराकुन जपा-जपा पीकंतुर.		శనగ మొక్కలను తొందర తొందరగా తీస్తారు.
जप्‍पना कबड किम्टू. जप्‍पना मारते जप्‍पना लोन दाकोट.	जल्‍दी काम करो, वापस जाना है।	అంగడి(బజారు) తొందరగా చేయండి ఇంటికి వెళ్లుదాం.
बिच्‍चागाड नारंता वेलियसी वेल्‍लेन जोन्नां, वंजीं, मक्‍कें जमा कींतोर.	भिकारी गांव में घूमकर अधिक मात्रा में अनाज इकट्‍ठा करता है।	ఆడపిల్లలు ఆటాలాడెప్పుడు ఆవు పేడ కుప్పలలో డబ్బాలు జమ చేస్తారు.
नर्कड्‍क नॆदे बतां वायाकोंटा कावेल कियमटुन जागिल इंतुर.	रात के समय जनावरों से फसल को बचाने हेतू खेत मे जागरण करते है।	రాత్రి పూట పంటలను కాపాడుటకు వెళ్ళుతారు వారిని కాపాల దారులు అంటారు.
केडा गोर्रेतुन जिंका इंचि केयंतुर.		అడవి బఱ్ఱె పోతును భేడ్కీ అంటారు.
पून रोन नेंग्नेके मिच्चुक-मुच्चुक आय्वलीर्‌ लैट्क दोहंतेर.		నూతన గృహప్రవేశం చేసెటప్పుడు చిన్న విద్యుత్ దీపలు ఇల్లుకు కట్టుకుంటారు.
केवता लोप्‍पो जिब्‍बुल मनंता.		చెవిలో జీబిలి ఉంటుంది.
गडचिरोली इद मना जिल्‍ला आंद.	गडचिरोली यह अपना जिला है।	
होटल्‍कुने, नॆदे माल्‍कुंक सहायम कियनोन जीतागाड/तव्‍वागाड इंतुर.	होटल,खेत में मालक को मदत करनेवाले को नौकर कहते है।	హొటలలో, చేను ఇతరులు దగ్గర పని చేస్తున్న వారిని జీతగాళ్లు అంటారు.
पूना कंकाता बद्दतुन गीकिनेंके अद जीरका दांता.		సంరాలు తీసిటప్పుడు చేతులకు గ్రుచ్చుకుంటుంది.
पेहेपेन कियनगा अंटोर जीवातोर कलियंतुर.	पेरसापेन पूजा के समय सभी रिश्तेदार मिल जाते है।	పెద్ద దేవుని దగ్గర చుట్టాలు, బంధువులు అందరు కలుస్తారు.
नांगेल ऊडनेंके कोंदना बोडगेंकु जोत्तें दोहांतुर.		ఎడ్లను నడుపుటకు బండికి జాత్తెలు వేస్తారు.
अंगीं-लागुल्‍क कुट्टनोन टेलर इंतुर.		బట్టలు కుట్టె వారిని దర్జి అంటారు.
तट्टाते केडाताल पूयीं/इरुह्‍कु तच्‍चेके मंतुर.	जंगल से टोकरी भरकर महुआ ला रहे है।	గుల్లలలో అడవి నుండి ఇప్పపూలు తెస్తున్నారు.
तडिमिक कय तासते कय वॆंता.	आग में हाथ लगायेंगे तो हाथ जलेगा।	
ना जाडी कुप्‍पक बोर अग्‍गि डब्‍बा गीसतोर?	मेरे तनीस ढीग को किसने आग लगाया?	నా గడ్డికి ఎవరు అగ్గి పెట్టినారు.
होदेल्ते तडमी मासला अग्‍गि डब्‍बा कबड़ कींता.	चुल्‍हा जलाने के लिये आगपेटी काम आता है।	పొయ్యిలో అగ్గి చేయిటకు అగ్గి పెట్టె తో వెలిగిస్తారు.
कपडिं इस्‍तिर कियला इस्‍तिर पेट्टेते तड्मिं वाटंतुर.	कपडे ईस्‍त्री करने के लिये ईस्‍त्री में नींव डाल‍ते है।	
गोमेश तप आता इंचि ओपुकुत्तोर.	गोमेशने किये गलती का पश्‍चाताप किया।	
गोमेश अंटोर लोकुल्‍कुना मुन्ने तप ओप्‍कुत्तोर.	गोमेशने सबको क्षमा मांगा।	
तप कीते दाना परिणामगुडा बोगांचा पींता.	गलती करे तो उसका परिणाम भी भोगतना पडेगा।	
निन्ने नावा गडी कयदाल तप्सोत्ता.	कल मेरे हाथ घडी गुम हो गयी।	
ना तम्मुर इस्‍कुल दांतोर.	मेरा छोटा भाई शाला में जाता है।	
मा सिने कोडियड पोरोल पुल्‍लुबाई आंद.	मेरी छोटी बहू का नाम पुल्‍लुबाई है।	
ताकिसि-ताकीसि ई हर्री तयार आता.		త్రోవ నడిచి, నడిచి ఎర్రడినది.
नाटेने होत्ते लोह्‍कुने काल्‍क नोरला एरु तयार कीसि मनंता.	गाव में जाने से हर घर में पांव धोने के लिये पानी तयार करके रखते है।	దండారిలో చుట్టాలకు కాళ్ళు కడుగుటకు నీళ్ళు తయరు ఉంచుతారు.
इस्‍कुलते वाते पेन्नु तरमड़ गावाले.	शाला में आया तो कलम लाना जरुरी है।	
तराजुने जॊकांतुर.	तराजू में तोलते है।	
नय तरास एक्‍को विषम मत्ता तरास.	नाग सांप सबसे ज्यादा विषारी सांप है।	
मा लॊतुक तलपू हिल्‍ले.	मेरे घर को दरवाज़ा नही है।	
मरमींना पंदिरता हिडु पेगिड-पेडांक तलबाल्‍क वाटंतुर.		పెండ్లి పందిరిలో వధు, వరులకు అక్షింతాలు వేస్తారు.
ओना तलुर-बाबो ओनगटाल वॆरे मनंतुर.	उसके माँ-बाप उससे अलग रहते है।	
वर्गते बतलना तेडियकोंटे गुरुजिन तल्‍कमड़ गावले.	कक्षा में कुछ समझ मे नही आया तो मास्‍तर जी को पूछनी चाहिये।	
पॆंदगा मोड़क्‍नेंके तल्‍लक रुमाल बोरैते हुट्टोरो ओन तल्‍लक रुमाल हेलवोड इंतुर.		దేవుని దగ్గర దండం పెట్టెటప్పుడు తలపాగ కట్టి మొక్కని వారిని బోడి తల అంటారు.
तल्‍वारते लडाई कींतुर.	तलवार से युध्‍द करते है।	
नॆदे माल्‍कुंक सहायम कियनोन तव्‍वागाड इंतुर.	खेत में मालक को मदत करनेवाले को नौकर कहते है।	
इर मनकालोर पोक्‍कां तवसेके मंतुर.		వీరు మనుషులు గోతులు త్రవ్వుచున్నారు.
नाकु गिलासमेड एर ता.	मेरे लिये पानी लाओ।	
नाकु एडकि वासी-वासी नना ताकत हिलवोन आतन.	नियमित बुखार से मैं कमजोर व्यक्ति बन गया।	మనిషి జ్వరము వలన కొద్దిగ తగ్గినాడు.
मोटोटुन ताकिचनोर हिलाकोंटे मोटोर वित्तो.	बस में अगर चलानेवाला नही रहा तो बस चल नही पायेगा।	
अद मोटर सायकल ताकीचंता.	वह मोटर सायकिल चलाती है।	వీరు లూన నడుపు తున్నారు.
ई गाटो ताज्या-ताज्या मंतां.	यह चावल ताज़ा है।	
ताडी मरा एत्तुंक एत मनंता.	ताड़ी का पेड़ ऊंचा होता है।	
ताडी मरातल पेय्‍सना कल्‍दुन ताडी कल इंतुर.	ताड़ी के पेड़ से जो मद्य निकलता है, उसे ताड़ी कहते है।	
ताडी मरातल पेय्‍सना कल्‍दुन ताडी कल इंतुर.	ताड़ी के पेड़ से जो मद्य निकलता है, उसे ताड़ी कहते है।	
यावना बाबन तातल इंतुर.	माँ के पिताजी को दादाजी कहते है।	
गंगा बेरेड्ते एक्‍को तांबेल्‍क मनंतां.	गंगा नदी में सबसे ज्यादा कच्‍छुए पाये जाते है।	గంగా యందు నీటిలో తాంబేలుఎక్కువగ ఉంటాయి.
तालम कय होननय्ते तालमतुन पैहा पींता.	ताला की किल्‍ली गूम हुई तो ताले को तोडना पडेगा।	
बॆकेनना होत्ते लोतुक तालम डब्‍बा वाटसि होनना.	कहीं जाते समय घर को ताला लगाके जानी चाहीये।	
बॆकेनना होत्ते लोतुक तालम डब्‍बा वाटसि होनना.	कहीं जाते समय घर को ताला लगाके जानी चाहीये।	
तालीते एर मुड़हाचि उंटुर.	लोटे से पानी पीते है।	
ताल्‍प वाटता पेरगु एक्‍को मरमींने तिंतुर.	शादींयों में अधिक मात्र से कड़ी का उपयोग होता है।	
गंजुना एर कास्‍तनो हिल्‍लेनो तेडियला गंजुंना एतुन कय ताससि हुळगोम.	गंज का पानी गरम हुआ की नही, जानने के लिये उसे हाथ लगाके देखनी चाहीये।	
गुदुमसाइ एगरनेंके तासे तनांतुर.	'गुदुमसाइ' नृत्य करते समय यह ताशा बजाया जाता है।	గుదుమ్సాయ్ నృత్యం చేసెటప్పడు (వెట్టే) అనే సంగీత సాధనం వాయిస్తారు.
तिना कय्‍दे गाटो तिंतुर.	दाहिना हाथ से खाना खाते है।	
मावा लॊता तिनेर्गुंक मा मामाना लॊन मंता.	हमारे घर के दाहिने ओर मेरे मामा का मकान है।	
नाकु तिना कय्‍दे वेल्‍ले कबह्‍क कियावांतां.	मै दाहिना हाथ से ज्यादा काम करता हूँ।	
नाकु तिना कय्‍दे वेल्‍ले कबह्‍क कियावांतां.	मै दाहिना हाथ से ज्यादा काम करता हूँ।	
इरगा ताकत वायगोम इत्ते इरगा गाटो तिनमड़ गावाले.	ताकतवार बनने के लिये ज्यादा खाना खानी चाहीये।	
मावा लॊता तिनेर्गुंक मा मामाना लॊन मंता.	हमारे घर के दाहिने ओर मेरे मामा का मकान है।	
वेल्‍लेसेपु उद्दिसि मत्ते काल्‍कु तिम्मिरि पींतां.		చాల సేపు కూర్చుంటే కాలకు తిమ్మిరి ఎక్కుతాయి.
सेक्‍करा तिय्यगा मनंता.	शक्‍कर मिठा होता है।	
नाकु उत्तगा तिरयुड इत्ते इस्‍टम हिल्‍ले.	मुझे बेवजह घूमना पसंद नही है।	
नॆदे जोन्ना विसला कोंदां दोहचि बंती तिरहंतुर.		ఎడ్లను జొన్నచెలిలో కట్టి బంతి తింపుతారు.
नॆदे जोन्ना विसला कोंदां दोहचि बंती तिरहंतुर.		ఎడ్లను జొన్నచెలిలో కట్టి బంతి తింపుతారు.
नाकू कट्टे नर्कनेंके कादुक मर्सु तिवता.	लकडीयाँ तोड़ते समय मेरा पांव कट गया।	
सिन्ने पिलाल्‍कुंक गाटो तिहमड़ गावाले.	छोटे बच्‍चों को खाना खिलानी चाहिये।	
करंट ई लॊताल आ लॊतुक होनला तीगे हहा पींता.	बिजली इस घर से उस घर जाने के लिये वायर लगाना पडता है।	
पिट्टे बचूंगों तीर्कुनां मनंता.	पंछीयाँ अलग-अलग प्रकार के होते है।	
मरमींने रकारकाल्‍कुना गाटों अट्टंतुर.	शादीयों मे तरह-तरह के पकवान पकाते है।	పెండ్లిలో రకరకాలు వంటకాలు చేస్తారు.
गाटो अट्टकामुन्ने परिक तीर्पगोम.	खाना पकाने से पहले चावल चुननी चाहिये।	
तुंगा जाडी दोय्यने एक्‍को पुट्टंता.	यह घास खेतों में अधिक मात्रा से उगता है।	
तुम्मिर आकीन बीडीं कींतुर.	तेंदु पत्ता का बीड़ी बनाते है।	తునికి ఆకులతో బీడీలు తయారు చేస్తారు.
पाकीस्‍तान देसेमते तुरकलोर एक्‍को मंतुर.	पाकीस्‍तान में मुसलमानो की जनसंख्या अधिक है।	
हिंदु दर्मातोर तुलसे मराता पूजे कींतुर.	सारे हिंदू धर्मी तुलसी के पूजा करते है।	హిందువులు స్నానం చేసి తుల్సి మొక్కను (చెట్టును) రోజు పూజిస్తారు.
एर तुंगतंका तुवेलाते उसुमकुंतुर.	नहाने के बाद तौलिया से पोंछ लेते है।	
पड़सेम पीते बागा तुहका वांता.		జలబు అయితే తుమ్ములు వస్తాయి.
नना तल्‍पुना गोल्‍लेम तेंडतन.	मैने दरवाजा खोला है।	నేను తలుపు తీస్తున్నాను.
ओर इन तनला तेदतोर.	वो इसे मारने के लिये तयार हो गया था।	ఈయన ఆయనను కొట్టడానికి తెగించాడు.
बुक्‍कुना कायदोम तेल्‍लगा मनंता.		నోటు పుస్తకములోని కమ్మలు తెల్లగ ఉంటాయి.
तेल्‍ला गड्डा गाटोतोन तिंतुर.	यह मुली भोजन के साथ खाते है।	
हापां आयीं मिर्सां आयीं तोटाते पंडिचंतुर.	बैंगन हो या मिर्ची अलग बागिचे में लगाते है।	వంకాయలు, మిర్చి, తోటలో పండిస్తారు.
तोडेल्‍ली केडाते मंचि मक्‍किसि एटिन पींता.		తోడేలు అడవిలో ఉంటుంది మేకలను వేటాడి తింటుంది.
मीन्‍क पियला बाईह्‍क एतुन तोरसंतां.		మహిలలు (స్త్రీ) చేపలు పట్టడానికి వాగు నీళ్ళను తోడుతారు.
अरटि पंडि तितंका दाना तोलून पोचिंतुर.	केला खाने के बाद उसका चिल्टा फेंक देते है।	అరటి పండు తిని తొక్క పారెస్తారు.
रोज हक्‍केर्कु एरतुंगसि बूदेवुंकु दंडम तासगोम.	हर रोज सुबह उठकर स्‍नान करके के पृथ्‍वी को नमन करनी चाहिये।	రోజు స్నానం చేసి ప్రొద్దున భూమాతకు దండం పెట్టుతారు.
नर्सबाई दंडक सूदी वाटंता.	नर्स हमेशा इंजेक्‍शन बाजूंओ में लगाती है।	
राणी राजांक रोज नमस्‍कारम कींता.	रानी रोज राजा को प्रणाम करती है।	రాణి రాజుకు వందనం చేసింది.
नुल्‍लें कस्‍कुतंका गॊक्‍ते इरगा दद्दुक तेदंता.		దోమలు కుట్టితే శరీరమంత పొక్కులు వస్తాయి.
नावा कादुक बंडा दल्‍गुता.	मेरे पैर को पत्‍थर का ठेस लगा।	
गोडकुन दामीडते दोहंतुर.		ఆవులను తలుగులతొ కట్టుతారు.
लॊता मुन्ने दारा मनंता		ఇంటిలో ముందు స్థలాన్ని వాకిలి అంటారు.
मना देशमकु नालूं दिक्‍कुल्‍कु मंतां, तूरपु, दक्षिणा,उत्तेरा,पडमटा.		మాన దేశనికి నాలుగు దిక్కులున్నాయి, తూర్పు, పడమర, ఉత్తరం, ధక్షిణ.
मावा कचलम बुर्दते दिगा बडता.	हमारी खटारा कीचड़ में फंस गया।	
मातरल दुड्डु पीसि ताकंतोर.		ముసలివాడు కట్టే సహయముతో నడుస్తారు.
नना मरा पोरोटाल दुन्‍कुसेके मंतन.	मै पेड़ के ऊपर से खुद र‍हा हू।	నేను ఎగురు చున్నాను.
वडी,पिर्रु,दुब्‍बा,दूली अन्नि कलियसि वाते, दान दुमारम इंतुर.	हवा, पानी, धूल यह सब जब एक साथ आता है, तो उसे तुफान कहते है।	ఉరుములు, మెరుపులు వాన, జోరుగా ఉన్న దానిని తుఫాన్ అంటారు.
कोत्तां तच्‍चि मल्‍सि हिय्यकोंटे ओन लंगाल इंतुर.	बे वजह तकलीफ करनेवालें को बदमाश कह जाता है।	రూపాలు తీసుకొని తిరిగి ఇవ్వని వారిని చెడ్డ వాడు అంటారు.
लॊता दूलाम्‍कु ऊकळ दोहंतुर.		ఇంటి దూలలకు ఉయ్యాల కట్టుతారు.
निन्ने नर्का मा नाटेना पाटलाना लोताल दोंगाल्‍क कोत्तां दोसकुंचि ओतुर.		దొంగలు, ఇంటి నుండి ప్లేట్లు, ముంతలు,దొసుకొనీ తీసుకెళ్ళరు.
ओना नदर ना अंङीपोरेन मंता.	उसका नज़र मेरे शर्ट पर ही है।	
इग्‍गे बोरन्ना वायानुर गिचचो नदर वाटा.	यहाँ कोई भी आ सकता है जऱा नज़र रखना।	ఇక్కడికి ఎవరైన వస్తారు నా కొరకు కొద్దిగ చూడు.
इग्‍गे बोरन्ना वायानुर गिचचो नदर वाटा.	यहाँ कोई भी आ सकता है जऱा नज़र रखना।	ఇక్కడికి ఎవరైన వస్తారు నా కొరకు కొద్దిగ చూడు.
राणी राजांक रोज नमस्‍कारम कींता.	रानी रोज राजा को प्रणाम करती है।	రాణి రాజుకు వందనం చేసింది.
नागापंचमीता नाडु नय तरासुंक पालू उहांतुर.	नाग पंचमी के दिन नाग सांप को दूध पिलाते है।	పంచిమి రోజు అందరు నాగు పామును పూజ చేస్తారు.
सिन्ने पिलाल्‍क नर्का पडिं मींडांतुर.		చిన్నలు, పెద్దలు రాత్రంత నిద్రపోతారు.
सिन्ने पिलाल्‍क नर्का पडिं मींडांतुर.		చిన్నలు, పెద్దలు రాత్రంత నిద్రపోతారు.
मा बाबल इंदके नलपै मूडु वर्सानोर आतोर.	अभी मेरे पिताजी तैंतालीस साल के है।	
गोड्डु पेय्यतुन नाकीसि बॆस कींता.	गया अपने बछड़े को चाटकर साफ करता है।	ఆవు దూడను నాకు తుంది.
नॆदुन नांगेल्ते ऊडंतुर.		చేను దున్నుటకు నాగలి పనికిస్తుంది.
ओर मनकेल मावा नाटेनोर आंदुर.	वह आदमी मेरा गांव का है।	ఆయన మా ఊరి మనిషి
ओर मनकेल मावा नाटेनोर आंदुर.	वह आदमी मेरा गांव का है।	ఆయన మా ఊరి మనిషి
लोन-लोन तिरियनोन नार तिरियनोर इंतुर.		ఇంటింటా తిరుగేవాని, అడ్డా తిరుగుడు అంటారు.
वडकला अनि रुसि हूडला नाल्‍के गावाले.		మాట్లాడుటకు, రుచికి నాలుక పనికిస్తుంది.
हक्‍केरा नास्‍ता कितीना?		ప్రొద్దున అల్పహారము చేశావా.
कटुल हिड अर्ते दान मर्रा नित्तिचंतुर.	खटिया गिरने से उसे फिर खड़ा किया जाता है।	మంచం పడితే లేపుతారు.
कटुल हिड अर्ते दान मर्रा नित्तिचंतुर.	खटिया गिरने से उसे फिर खड़ा किया जाता है।	మంచం పడితే లేపుతారు.
पेडाल सायकलतुन पकक निल्‍हाचंतोर.	बच्‍चा बाजू में खड़ा है।	పిల్లలు సైకలు ప్రకన నిలబడి ఉన్నారు.
मर्का मराता हिडु बॆसता नीडा मनंता.		మామిడి చెట్టు క్రింద మంచిగా నీడ ఉంటుంది.
हकेड्‍कु पीनी कासला होदेलतगा तडिम मासंतुर.		ప్రొద్దున పొయ్యిలో అగ్గి చేస్తారు.
ईर नलता एर निहांतोर.	यह नल का पानी भरता है।	వీరు నల్లా దగ్గర నీళ్ళు నింపుకుంటున్నారు.
कटुल्तुन नुल्‍काते हरहांतुर.		మంచంను నుల్కాతో అల్లుతారు.
नॆड़ी मराता पंडी कर्रेगा मनंता.		అల్ల నేరడి పండ్లు నల్లగా ఉంటాయి.
नॆली कियनोर नॆदगा कबड किसेके म‍ंतोर.		వ్యవసాయము చేసేవాడు మడిళ్ళలో పనిచేస్తున్నాడు.
एटीं, गोड्‍क, गोर्रें नेमर वाटंता.		ఆవులు, బఱ్ఱెలు, గొర్రెలు అని జంతువులు నెమరు వేస్తాయి.
कासुटा कंदेनाहाटीं नेरडा निय तेंडंतुर.		ఎడ్ల బండి కొరకు ద్వీపము కొరకు ఆముదము నూనే తీస్తారు.
कासुरकु रोंड नोगां मनंतां.		ఎడ్ల బండికి, రెండు పోడుగాటి కట్టెలు ఉంటాయి.
नाकु नोंडे नोटा वांता.		జనుమలో తాడు అల్లుతారు.
मरमीना पेडन नोव्राल इंतुर.		ఇప్పుడు పెళ్ళి అయ్యె అబ్బాయిని పెండ్లి కొడుకు అంటారు.
मरमींना पेगिटुन नोव्री इंतुर.		ఇప్పుడు పెళ్ళి అయ్యె అమ్మాయిని పెండ్లి కూతురు అంటారు.
मरमींना पेगिटुन नोव्री इंतुर.		ఇప్పుడు పెళ్ళి అయ్యె అమ్మాయిని పెండ్లి కూతురు అంటారు.
उंदि कुटुंबतोर अंटोर कलियसि नोव्‍वां मोड्‍कंतुर.		ఒకే కుటుంబీకులందరు కలిసి క్రొత్త దినుసుల పండుగ చేసి తింటారు.
पंगा आयनेंके गोगोड कूसंता.	सुबह होते समय मुर्गा बांग देता है।	
पिरकालम एक्‍को पच्‍चा कुसिर कीसि तिंतुर.		గూడెలలో వర్ష కాలం వచ్చిన తరువాత ఆకు కూరలు తింటారు.
पोसकीता रंबा पंजरमते मनंता.		చిలుక పంజరంలో ఉంటుంది.
मा लोता पज्‍जो/पक्‍ककु तुम्मीर मरा मंता.		ఆయన కనిపించకుండా ఏం చేస్తున్నాడు.
इस्‍कुल पिलाल्‍क अंटोर्क नडीक पट्टा तासंतुर.	पाठशाला में सभी बच्‍चे कमर में पट्टा लगाते है।	బడి పిల్లలు చొక్క తోపల వేసి బెల్టు వేసుకుంటారు.
पट्टा हिल्‍वा जॆगातुन पडित जॆगा इंतुर.		చెట్లు, చేమ ఉండని ఆ స్థలమును పడిద్ అంటారు.
मटमते पडीं ताससि लोन वासी गाटो तिंतुर.		గుడిలలో నైవేద్యము చూపి ఇంటికి వచ్చి తింటారు.
नाकु पदिहेनी वर्साना मिय्यड मंता.	मुझे पंधरह साल की लड़की है।	
तडिम इरगा पोत्तुगोम इंचि कंट्टेन सेक्‍कां पय्‍हांतुर.		కట్టెలను మండుటకు పొయ్యిలో పెట్టుతారు.
पोलालतानाड हनमंतुना गुडिते कोब्‍बेरकाया पैहाचि पलारम तासंतुर.		పొలాల పండుగ రోజు అంజనేయునికి నైవేద్యము చూపుతారు.
अंङीता गुंडी कुटुड आतंका दारमतुन टेलर पल्‍कुने कोरकिसि नेम्‍हांतोर.		బట్టలు కుట్టె దర్జి దారమును పళ్ళతో తెంపుతాడు.
हेर्का पेडेता पल्‍कुल्‍कु पय्‍हाचि तिंतुर.		మొర్రి పండ్లను పగుల గొట్టి సారాపలుకులు తింటారు.
अंङीता गुंडी कुटुड आतंका दारमतुन टेलर पल्‍कुने कोरकिसि नेम्‍हांतोर.		బట్టలు కుట్టె దర్జి దారమును పళ్ళతో తెంపుతాడు.
मनकंक कामेल्‍क आयानय्ते ओना कळ्‍क पच्‍चगा आंता.	कावीळ से पिडित आदमी के आंखो में पिला रंग आता है।	
नाकू पसपु पच्‍चा रंग इत्ते बागा इस्‍टम.		పసుపు పసుపు పచ్చగ ఉంటుంది.
अंपुडतस्‍के एटि कोय्ते दाना उंदि तोडा कोयसि वेरे इर्रंतुर.		కార్మకాండము చేసె రోజున మేక తొడను వేరుగ ఉంచుతారు.
केडा गोर्रे पांजीते अरता.		అడవి గొఱ్ఱె వలలో పడిపోయింది.
मरमींनगा पाटडि सोनाय उह्‍कंतोर.		పెండ్లిలో ప్రధాన్ వారు సన్నాయి వాయిస్తారు.
सिना पिलाल्‍क अळ्ते ओर्कुन मगिच्‍ला पाटा पारांतुर.		అబ్బాయిలు, అమ్మయిలు పాట పాడుచున్నారు.
पाटा बंडापोरो पस्‍पू नोहकंतुर.		రుబ్బు రోలుతో పప్పును రుబ్బుతారు.
नाटुक वरोर पाटलाल मनंतोर.		ఊరికి ఒక్కక్క పటేల్ ఉంటారు.
नाटेना मुर्ताह्‍क एक्‍को पातळ कप्‍डीं पोंडंतां.		ఊళ్ళలో చాల మంది ఆడవాళ్ళు చీరలు కట్టుతారు.
पान आकी तित्ते तोड्डि एर्रगा आंता.		తమలపాకు తింటే నోరు ఎర్ర బడతుంది.
पान आकी तित्ते तोड्डि एर्रगा आंता.		తమలపాకు తింటే నోరు ఎర్ర బడతుంది.
इरगा पिर वाते कुडेट्‍कु पाया अरंता.		పెద్ద వాన పడితే వాగును-వాగు పొంగింది అంటారు.
एरवु उड़पला पारा कबड़ हींता.		ఎరువును(ఆవు పేడ) విసురుటకు పారా ఉపయోగిస్తారు.
नालीं साप कियला पारा कबड़ हींता.		నాలీలు శుభ్రపరుచుటకు పారా ఉపయోగిస్తారు.
ओर पाटा पारतोर.	वह गाना गाया है।	ఈయన పాట పాడినాడు.
सिनस्‍के पिलाल्‍क यावना पाल उंटुर.		అమ్మాయి, అబ్బాయి తల్లిపాలు త్రాగుతారు.
बाई गोडुना पाल पिंडसंता.		అక్క బర్రె పాలు తీస్తుంది.
नाह्‍कुने पावरेल्‍क पोस कींतुर.	गांव में भी कबुतर पालते है।	ఊరుళ్ళలో పావురాలను పెంచుతారు.
लॊता कबटे मदत कियना मुर्ताटुन पासी कबड़ कियना मुरतड़ इंतुर.	घर काम में सहयता करनेवाली स्‍त्री को दासी कहते है।	
पेडल पेगिटुन पास्‍कतोर.	वह लड़का उस लड़की को पसंद नही किया है।	అబ్బాయి అమ్మయిని అయిష్ట పడ్డాడు.
उंदि सिन्ने पिट्टे मनंता दान पुरोड पिट्टे इंतुर.		చిన్న పెద్ద పిట్టెను పిట్ట గువ్వ అంటారు.
पिर वायना मब्‍बु आसी गड़ा-गुड़ा इत्ते पिडगु वाटंता.	बारसात के मोसम में अधिकतर समय बादल गरजते है।	
बाई गोडुना पाल पिंडसंता.		అక్క బర్రె పాలు తీస్తుంది.
जोन्ना पिंडिता हारीं इरगा रुसि मनंतां.	जवार आटे का रोटी खाने के लिये स्वादिष्ट होते है।	జొన్న పిండితో రొట్టెలు చేస్తారు.
नागपंचमिता रोज जोन्ना पिर्कीं पिडहांतुर.		పంచమి రోజు ప్యాలాలు చేస్తారు.
नागपंचमिता रोज जोन्ना पिर्कीं पिडहांतुर.		పంచమి రోజు ప్యాలాలు చేస్తారు.
पिय्यल पोड्‍दुंक इरगा एद्दी मनंता.	दोपहर में बहोत धूप होता है।	వేసవిలో ప్రొద్దు ఎక్కి ఎండెకువైతే మధ్యాహ్నం నాగలి పని విడిచి పెట్టుతారు.
नॆली कियनोर पिय्यल-पोड्‍द कबड कींतोर.	किसान खेत में पूरा दिन मेहनत करता है।	వ్యవసాయ పనులు చేసేవారు దినమంత పని చేస్తారు.
नॆली कियनोर पिय्यल-पोड्‍द कबड कींतोर.	किसान खेत में पूरा दिन मेहनत करता है।	వ్యవసాయ పనులు చేసేవారు దినమంత పని చేస్తారు.
ओर अगा होना परोर, बारि इत्ते ओन्‍कु वेल्‍ले पिरकितनम मंता.		ఆయనకు భయమెక్కువ అతను అక్కడికి వెళ్ళడు.
जामा पंडिं कोयला पोरलोर वांतुर ओर्कन बेदरिचा पींता.		జామ పండ్లు తినడానికి పిల్లలు రోజు వస్తారు వారిని బయపెట్టవలెను.
आकाडीताल(एकाशी) पिरकालम होडियता इंतुर.	आकाड़ी एकादशी से बारीश का मोसम शुरू होता है।	ఆకాడి నుండి కార్తి మాసం వరకు వర్షకాలం అంటారు.
आकाडीताल(एकाशी) पिरकालम होडियता इंतुर.	आकाड़ी एकादशी से बारीश का मोसम शुरू होता है।	ఆకాడి నుండి కార్తి మాసం వరకు వర్షకాలం అంటారు.
ओनद ओरे वदुरसेके मनानोन पिस्‍सल इंतुर.	बे वजह बातें करते चला जाता है, उसे पागल कहते है।	బాగా వాగే వానిని పిచ్చోడు అంటారు.
ओनद ओरे वदुरसेके मनानोन पिस्‍सल इंतुर.	बे वजह बातें करते चला जाता है, उसे पागल कहते है।	బాగా వాగే వానిని పిచ్చోడు అంటారు.
सेनगा मराकुन जपा-जपा पीकंतुर.		శనగ మొక్కలను తొందర తొందరగా తీస్తారు.
पेन वायनोन पुजरि इंतुर		పెద్ద రోగము వస్తే పూజారి మంచిగ చేస్తాడు.
पिर कालमते गोडकुंक पुन्‍क आते पुड्‍क अर्रंतां.	बरसात के मोसम में जानवरों को जख्‍म होने से किड़े पड़ते है।	వర్ష కాలం జంతువులకు పుండ్లు అయితే పురుగులు పడుతాయి.
पुत्तीते सेदेल मनंता.		పుట్టలలో చెదలు ఉంటాయి.
नोंडेतुन पग्‍गम वाटला मुन्ने दान पुरी वाटंतुर.		త్రాడును పగ్గం చేయుటకు అల్లుతారు.
उंदि सिन्ने पिट्टे मनंता दान पुरोड पिट्टे इंतुर.		చిన్న పెద్ద పిట్టెను పిట్ట గువ్వ అంటారు.
पुर्काकायाता कुसिर कींतुर.		పూర్వపు కాలంలో చేదుబుర్రాతో తయారు చేసిన దానితో నీరు త్రాగేవారు.
पुर्कीं पोरिह्‍कुन तलाते एक्‍को मनंतां.		పేలు ఆడపిల్లల తలలో ఎక్కువగ ఉంటాయి.
पुर्कि हीरु तल्‍लते मनंता.		పేలు తలలో ఉంటాయి.
ना पुर्ता इरा.	मेरे लिये रखो.	నా వంతు ఉంచు.
राजीगाना कय्यु पुस्‍किसी होंचि ओर मरा पोरोटाल हिडु अरतोर.		చెరువులో చేపలు పట్టెటప్పుడు చాల చేపలు తప్పించు కుంటాయి.
पोरिह्‍क तल्‍लता जेडक पूतां तासंतां.	लड़कीयाँ सिर में फूल लगाते है।	ఆడ పిల్లలు జడలలో పూలు పెట్టుతారు.
मर्का मरा कायां हादनाहाटीं पूयंता.		మామిడి చెట్టు కాయలు కాసుటకు పూలు పూస్తుంది.
नना नीवा लॊन पूस किसेके- किसेके वातन.	मै तेरा मकान पूछते- पूछते आया हूँ।	చుట్టమైయి వెళితే చాల మర్యాద చేస్తారు.
लोता लोप्‍पो उंदि अर्राता मूलाते पेन मनंता.	हर घर मे एक देवघर होता है।	ఇంటిలో ఒక మూల దేవుడు స్థలం ఉంటుంది.
दूदीता पेडेक नॆदे वाटंतुर.		పత్తి గింజలు చేనులో నాటుతారు.
पेत्ते सेक्‍करा तिंता.		చీమలు చక్కెరలో అవుతాయి.
मुत्तोना दादल पेदा मुरीयल आंतोर.		ఇల్లాలి అన్నదమ్ములను, బావ, బామర్ధి అంటారు.
पेद्दे गिन्नेते मुरताह्‍क पिंडि पिस्‍कंतां.		పళ్ళెములో ఆడవారు పిండిని పిసుకుతారు.
पेनेमते रोट्टें कींतुर.	तावे में रोटी शेंकते है।	
नाटेना एटिन, गोड्‍कुन, बर्रेन कलपिसि गोड्‍क-गोदाल्‍क इंतुर.		ఊరిలోని చిన్న పెద్ద జంతువుల, తెగదూడలు అంటారు.
नॆदे एर हुप्‍सला इंजेन्‍कु पैपुल्‍क तासंतुर.		చేనులో నీటిని పైపుల ద్వార వధులుతారు.
बुग्‍गते बागा वडी निहाते अदु उत्तगेने पय्‍सी दांता.		గాలి బుగ్గను బాగా ఊది పగుల గొట్టినారు.
एर तर्रना बिंदेक तोर्रा अरसि एर पॊंगसंता.		నీరు తెచ్చు చర్వి రంద్రం అయ్యింది నీరు కారుతుంది.
डंडारीते एक्‍को मंदि दोती पॊंडांतुर.	दंडारी में बहुत लोग धोती पहनते है।	దండారిలో అందరు ధోవతులు కట్టి నృత్యం చేస్తారు.
मुत्तोना यावल पॊरड आंता.		భార్య తల్లి నాకు అత్త అవుతుంది.
पोंगुड़ वेहामन्नी.		అబద్దము మాట్లాడకు
ओर पोग्‍गो आकीं अम्‍सेके मंतोर.		ఆయన పొగకూ ఆకులు అమ్ముతున్నాడు.
कुहिते एर निंडिसि पोङसि होंचंता.	कुव्‍वे में पानी भर के बह रहा है।	బావిలో నీరు నిండి పొంగి పొర్లుతుంది.
गाटो जप्‍पना वेयगोम इत्ते गाटोहिडु इरगा तडिम पोतिच्‍चपींता.		అన్నము వండుటకు పొయ్యిలో అగ్గి చేస్తారు.
गाटो जप्‍पना वेयगोम इत्ते गाटोहिडु इरगा तडिम पोतिच्‍चपींता.		అన్నము వండుటకు పొయ్యిలో అగ్గి చేస్తారు.
पोन्‍गू केडाते मनंता.		గువ్వ రకపు పక్షులు అడివిలో ఉంటాయి.
पाटलानगा अंटोर वट उंदि पोल्‍ले वड्‌कानद मंता.		పటేల్ దగ్గర అందరు కలవండి ఒక విషయము మాట్లాడాలి.
ओन्‍क तलुर-बाबो हिल्‍लुर ओन मोमोट पोस कींतोम.		ఆయనకు అమ్మా నాన్నలు లేరు అందుకని మేము అతనిని పెంచుతున్నాము.
मरमींना मोदटा रोजु पोसंम्मंक तासंतुर.	शादी के पहले मातापूजन करते है।	పెండ్లి పూజ చేయడానికి పోచమ్మ దేవత దగ్గర బాజ బాజాంత్రిలతో వెళ్ళుతారు.
बक्‍के जिम्मक हाह्‍क एक्‍को मनंतां.	काटवल मच्‍छली को ज्यादा काटे होते है।	
नीकु बचटूर मियाह्‍क- मर्क मंतुर?	तुझे कितने जन लड़के- लडकियाँ है?	నీకు ఎంత మంది పిల్లలున్నారు.
नावा जॊरा बसते बदल आता.	मेरा थैला बस में बदल गया है।	నా సంచి బస్సులో మారిపోయినది.
लॊता वासानपोरो बद्दा कोट्टंतुर.		ఇంటిలో వాసాల పై బద్దలు కొట్టుతారు.
जोन्नां बुड्डु पीते अवुन एद्दिते दोससि बय्यरा कींतुर.		జొన్నలలో పురుగులు అయితే ఎండ బెట్టుతారు.
नावा जॊरा बसते बदल आता.	मेरा थैला बस में बदल गया है।	నా సంచి బస్సులో మారిపోయినది.
बस्के वातिट?.	कब आये है?	ఎప్పుడు వచ్చినారు.
बस्‍के- बस्‍केनो नना अक्‍कंक कलियला नाटेंक दांतन.	कभी- कभी मेरे बहन से मिलने मै गांव जाता हूँ।	అప్పుడప్పుడు మా ఊరు చూడడానికి వెళ్తాను.
बस्‍के- बस्‍केनो नना अक्‍कंक कलियला नाटेंक दांतन.	कभी- कभी मेरे बहन से मिलने मै गांव जाता हूँ।	అప్పుడప్పుడు మా ఊరు చూడడానికి వెళ్తాను.
बाळ्‍सेते कटुल कोसुल्‍क सेक्‍कंतुर.	वासले से खटिया के ढांचे बनाते है।	బాడిశతో మంచం కొళ్ళు చెక్కుతారు.
मुरतह्‍क कुहिताल एर बिंदेनेन तरंतां.		స్త్రీలు, పురుషులు బావి, బోరు నీళ్ళు బిందెలతో తెస్తారు.
पीनि कालमते बिलांकेट मुचंतुर.	ठंडकाल मे कंबल का इस्‍तेमाल किया जाता है।	చలికాలం బొంతలు కప్పుకుంటారు.
सट्टि नेलाते बीमुंक मोडकंतुर.	नवंबर-डिसेंबर महिने में भीम का पूजा किया जाता है।	మార్గశిర మాసమందు భీమ్‌ దేవుని పూజ చేస్తారు.
बुड्डिंग कुम्मल कींतोर.	यह मटके प्रकार कुंभार बनाता है।	కుండలు కుమ్మరి చేస్తాడు.
एड्‍जु बुरसल-बुरसल मनंता.	भालू के शरीर के बाल मुलायम होते है।	ఎలుగుబంటి వెంట్రుకలతో ఉంటుంది.
बुरसल पुडी अंटते इरगा दुर्दा तेदंता.		తోలపుడి అయితే శరీరమంత పొక్కులు అవుతాయి.
वेल्‍ले मंदि गरिब लोकुल्‍कु कुलीक होंचि पिसंतुर.	भारत में अधिक मात्रा में गरिब लोग रोजी के काम में जाकर कमाते है।	ఊళ్ళలోని ఆడవారు,మొగవారు కూళిపని కొరకు వేరే ఊరికి వెళ్ళుతారు.
जामा पंडिं कोयला पोरलोर वांतुर ओर्कन बेदरिचा पींता.		జామ పండ్లు తినడానికి పిల్లలు రోజు వస్తారు వారిని బయపెట్టవలెను.
बेल्‍लम सेर्कुनाल तयार कींतुर.	गूड़ गन्ना से बनता है।	చెఱుకు గడ్డ నుండి బెల్లం తీస్తారు.
हिंदु मर्ताह्‍क बोट्टू तासंतां.	अधिकतर हिंदू धर्म के स्‍त्रीयाँ माथे पे तिका लगाते है।	హిందువులు, పురుషులు, స్త్రీలు, బొట్టు పెట్టు కుంటారు.
एडादिकि उंदि मल्‍कन्ना तल्‍लातुन बोडागुंडु कियना.	साल में इक बार तो भी टक्‍कल करवानी चाहिये।	అమ్మాయి, అబ్బాయి, బొడ్డు ఊడిన తరువాత వెంట్రుకలు తీస్తారు.
पेहपेन कीते अगा बोत्तिटोर हेडमितोर वांतुर.	जब पेरसापेन पूजा होता तब सभी जन इक जगह आते है।	పెద్ద దేవుని దగ్గర అందరు కలుస్తారు.
मनकल आयि, मुरतड आयि हासोत्तंका ओन बोंदा दोसंतुर.	स्‍त्री हो या पुरूष मृत्यू के बाद उसके शरीर को जमीन में गाड़ना जरूरी है।	ఎవరైన చనిపోతే బొంద తవ్వి పాతి పెట్టుతారు.
कुहिता एते ब्‍लिचींग पावडर वाटतंका आ एतुन मंचि एर इंतुर.	कुए की पानी में ब्‍लिचींग पावडर डालने के बाद के पानी को अच्‍छा पानी कहते है।	
पीनि कालम एक्को मच्‍चू अर्रंता.	सर्दीयों में कोहरा अधिक मात्रा में पाया जाता है।	చలికాలం రాత్రి పూట చాల మంచు కురుస్తూంది.
मज्‍जु मनकल कबड कियला होन्नोर.	आलसी मनुष्य मेहनत करने में शरमाता है।	సోమరి మనిషి పనిచేయుటకు వెళ్లడు.
सिने पिलाल्‍क दूरम ताकसि होनला मज्‍जु-मज्‍जु कींतुर.		చిన్నపిల్లలు దూరం నడవడానికి మొండికేస్తారు.
नाकु केंजता पोल्‍ले मति मरगना कराब अलबट मंता.	आज जो सुना वह मै कल तक याद नहीं रख सकता।	
पेरमल ई रोगम मग्‍गला ई मत्तु तिन इंचि वेहातोर.	वैद्य ने इस बीमारी के लिये यह दवाई खाने को कहा।	పూజారి నాకు ఈ రోగం మందు ఇస్తను అని అన్నారు.
वॆरेतोरा जॆगाते वेल्‍ले रोजकु मंदमड़ बॆस आयो.	दुसरे के जगह पर ज्यादा दिन तक रहना उचीत नही है।	ఈ ఊరి నుండి వెళ్ళి ఆ ఊరిలో అలాగె ఉండిపోయము.
गोर्रें बस्‍केळकु मंदा-मंदा आसि मनंतां.		గొళ్ళవారు ఎక్కువ గొఱ్ఱెల మందలను తెస్తారు.
नना कोत्तां लॊने मति मरगिसी वातन.	मै पैसा घर में भूलकर आया हूँ।	నేను డబ్బులు ఇంటికి వద్ద మరిచి వచ్చాను.
मरगोलीं कंकतव दोहांतुर.		వెదురు కట్టెలను గుర్రలు చేసి నడుస్తారు.
पेडाल्‍क आयी पेगिड आयी ओर पेद्दगा आतंकेने ओनां मरमीं कींतुर.	लड़का हो या लड़की वह परिपक्व होने के बाद ही उनका विवाह लगाया जाता है।	అబ్బాయి కాని అమ్మాయి కాని పెద్దవాళ్ళు అయ్యాక పెళ్ళి చేస్తారు.
मर्का पेडे मर्का पंडितचोन मनंता.	आम की गुटली आम के बराबर होता है।	మారేడు పండు తినేటప్పుడు పండ్లకు తాకుయి.
मांग केडाते मनंता.	चितल जंगल में रहता है।	దుప్పలు అడవిలో ఉంటాయి.
बाबाना बाबन मातिर दादल इंतुर.	पिताजी के पिताजी को दादाजी कहते है।	నాన్న తండ్రిని తాతా అంటాము.
मादिगी हासोत्ता जिवरासुलकुन कोय्यांतोर.		మాదిగ జంతువులు చస్తే తోలు తోస్తాడు.
नना इग्‍गे इरता कोत्तां इग्‍गेन मायमासी होत्तां.	मै यहाँ कुछ पैसा रखा था वह गायब कैसा हो गया?	నేను డబ్బులు ఇక్కడె ఉంచాను ఎటు మాయం అయినవి.
हकेड्‍कु पीनी कासला होदेलतगा तडिम मासंतुर.		ప్రొద్దున పొయ్యిలో అగ్గి చేస్తారు.
मासुल तरासकु सिन्ना-सिन्ना जनावराल्‍कुन अल्‍हेन मिंगांतां.	अजगर छोटे-छोटे जनावरों को खा डालता है।	కొండ చిలువ జంతువులను పట్టి చంపి తింటది.
एडकी वाते एडकी मग्‍गला गोलीं मिंगा पींता.	बुखार आने से बुखार की गोली खाने बुखार कम हो जाता है।	జ్వరము వస్తే గోళీలు వేసుకుంటారు.
मरमींने पॆगिड-पेडांक मिड्‍संतुर.		లక్ష్మి పూజ రోజు ఆవుల కాళ్ళకు అక్షింతాలు వేస్తారు.
नरकड्‍कु मिनका पुडि वेल्‍गु किसेके दांता.	रात के समय जुगनू उज़ाला करते-करते दौड़ता है।	మినుగురు పురుగు రాత్రి వేళ్ళలో మెరుస్తుంది.
रेपेल्‍लीता पाटलांकु उंदे मिय्यड.	रेपेल्‍ली के पाटील को इक ही लड़की है।	అమ్మా నాన్నలు వారి కూతురులను చిన్నారులు అంటారు.
पॆगिड कटुलपोरो मींडता.	लड़की खाट पर सो गई है।	అమ్మాయి మంచం పై నిద్రపోతుంది
मांड्सा मनकंक मीसाल्‍क मनंतां.		పురుషులకు మీసాలు ఉంటాయి.
मांड्सा मनकंक मीसाल्‍क मनंतां.		పురుషులకు మీసాలు ఉంటాయి.
नाटेना मुरताह्‍क मोसोर्क मुकपुल्‍ला तासकुंतां.		గ్రామలలో ఆడవారు ముక్కుకు ముక్కపుల్ల పెట్టుకుంటారు.
मुरताह्‍क मोसोर्कु मुक्‍कु पॊगु तासंतां.		ముసలి ఆడవారు ముక్కుకు ముక్కెర తొడుగుతారు.
उनना एता अड़कापोरो बस्‍केळ्‍क मूता मुच्‍चुगोम.	पीने पानी हमेशा ढककर रखना बहूत जरूरी है।	రాత్రి పూట అందరు బట్టలు కప్పి పడుకుంటారు.
एरा बोट्टुनस्‍के पेडल पेगिटा वॆलुंकु/वंड़जुंक उंगुरम केरहांतोर.	सगाई में दुल्‍हा दुल्‍हन के उंगली मे अंगुठी लगाता है।	వధువు, వరుడు పెండ్లి అయ్యాక అంగడికి వెళ్ళి ఉంగరములు తొడుగుతారు.
मा नाटेन पाटलल मुप्‍पै वर्सांक मरमी आतोर.	मेरा गाव का पाटील तीस साल के बाद शादी किया।	
एदिकालमते आकी एते अरसि मुरगिसि दांता.	धूपकाल में सुके पत्ते पानी में गिरकर सड़ जाते है।	వేసవి కాలంలో చెట్ల ఆకులు రాలుతాయి.
मामिड/मर्का पंडि वेल्‍लेन रोजकु तिनकोंटा इरते अव मुरगिसि दांतां.		మామిడి కాయలను చాల రోజులు కప్పి ఉంచితే చెడిపోతాయి.
तुमिर आकिना कट्टा दोहला मुर्रु वॆलीता नारा तरांतुर.		తునికి ఆకులను తీగలతో కట్టలు కటుతారు.
उंदेतीर मुसूर वासेके मत्ते हर्क्‌ इरगा बुर्दा आंतां.	रिमझिम बारीश के कारण सड़क पर कीचड़ जमा हो जाता है।	రెండు మూడు రోజులు ఒకే మాదిరిగ వర్షం వస్తే దానిని ముసూర్ అంటారు.
जोन्ना बंति तिरहानेंके कोंदंना मुस्‍किरकु मुस्‍का बुट्टीं दोहांतुर.		చేలలో గుంటుకు కొట్టెటప్పుడు ఎడ్లు ముఖులకు తొడుగు తొడిగిస్తారు.
पुट्तस्‍केटाल वडका वायवोन मूकाल इंतुर.	जनम हुई तब से जो बोल नही सकता उसे मुका कहते है।	చిన్నగున్నప్పటి నుండి మాట్లాడరాని అతనిని మూగ అంటారు.
कब्‍बडीते मा नाटेना इस्‍कुलतद मुडो नेंबर वाता.	कबड्‍डी में मेरे गाव की शाला तिहाई स्‍थान पर है।	
कोह्‍का पेडेता निय अंटते कय मॆयंता.		జీడిగింజ నూనే అంటుతే పొక్కుల వస్తాయి.
मरस्‍कुन बच्‍चा मंचिगा मेय्ते अच्‍चोन मंचिगा तिव्‍वंता.		గొడ్డలి, బాడిశ, ఉల్లి నూరడ‍నికి బండ పై రాకుతారు.
मरस्‍कुन बच्‍चा मंचिगा मेय्ते अच्‍चोन मंचिगा तिव्‍वंता.		గొడ్డలి, బాడిశ, ఉల్లి నూరడ‍నికి బండ పై రాకుతారు.
राजाल ओना गुर्रमतुन मिला-मिला मेरसागोटतोर.	राजाने उसके घोड़े को चमकाया।	రాజు తన గుఱ్ఱమును చాల శుభ్రం చేసాడు.
सहा काससि मंता मेल्‍लगा उन.	चाय गरम है, कृपया धीरे पिजीये।	చాయ వేడిగా ఉంది మెల్లగా త్రాగు.
गुजरातता मुरतह्‍कु बस्‍केळ्‍कु कयकुंक मैंदी तासंतां/दोस्‍संतां.	अधिकतर गुजरात के महिलायें अपने हाथों में मेहंदी लगाते है।	గుజారతి ఆడవాళ్ళు చేతుల పై ఎక్కువ చుక్క బొట్లు వేసుకుంటాయి.
कट्टेतोनि तडिम माससि गाटो अट्टा वांता.	लकड़ी का इस्‍तेमाल करके खाना पका सकते है।	
गुसाडी एगरला एगरनोर नडिक गज्‍जें दोहला मोलापट्टा तासकुंतुर.	गुसाड़ी नाचनेवाला कमर में घुंघरु बांधने के लिये कमरपट्टा बांधता है।	గుస్సాడి వారు గజ్జెలు కట్టు కొవాడానికి నడుముకు మొలత్రాడు కట్టు కుంటారు.
नेर वाटला/उरसाला मुंदगाला वंजी मोल्‍का कींतुर.		సోయబీన్ నానితే తొందరగా మొలకెత్తు తుంది.
मोसोर गब्‍बु एरपाट कींता.	नाक से बास पहचान सकते है।	
यावना सेल्‍ले यायाल(सिन्नी)/काकी आंता.	माँ की बहन रिश्ते में चाची लगती है।	
मा यावना यावल इंदके नूर वर्सनद आता.	मेरी दादी माँ अब सौ साल की हो चुकी है।	
ना यावल लोता अन्नि कबड़ कींता.	मेरी माँ घर का सारा काम करती है।	
ओना तलुर-बाबो ओनगटाल वॆरे मनंतुर.	उसके माँ-बाप उससे अलग रहते है।	
हातंका मना जीवातुन येमुडु ओंतोर.	अपनी मृत्यू होणे के बाद अपने आत्मा को यमराज लेके जाते है।	మరణించిన తరువాత యముడు ప్రాణము తీసుకెళ్ళడానికి వస్తాడు.
एर तुंगकोंटा इस्‍कुल होनामन्नी.	नहाए बगैर पाठशाला नही जानी चाहिये।	
मरमींने रकारकाल्‍कुना गाटों अट्टंतुर.	शादीयों मे तरह-तरह के पकवान पकाते है।	పెండ్లిలో రకరకాలు వంటకాలు చేస్తారు.
रंबा पोल्‍लें वड्‍का पर्रंता.	पोपट बोलता है।	చిలుక పంచాంగం చూపిస్తూంది.
ओर सिट्टी राससेके मंतोर.	वह पत्र लिख रहा है।	ఈయన ఉత్తరం వ్రాస్తున్నాడు.
रुम्मेना पीसि गुंटुक रोप्‍पंतुर.		రుమ్మన పట్టి అరక దున్నుతారు.
इंदके-इंदके पदि रुपेनद उंदी बंडी वाता.	अभी-अभी दस रुपया का भी रुपया आ गया है।	ప్రస్తుతము 10 రూపాల విలువ గల ఒక పైస అయ్యింది.
टाक्‍टर अस्‍सला वेल्‍लेन रूपें दल्‍गंतां.	ट्रक्‍टर खरिदने के लिये बहुत रुपये लगते है।	ట్రాక్టరు కొనుగోలు చేయుటకు చాల రూపాలు కావలెను.
मना देसेमते रुपया ताकंता.	अपने देस का चलन रुपया है।	
टाक्‍टर अस्‍सला वेल्‍लेन रूपें दल्‍गंतां.	ट्रक्‍टर खरिदने के लिये बहुत रुपये लगते है।	ట్రాక్టరు కొనుగోలు చేయుటకు చాల రూపాలు కావలెను.
नरकड्‍कु कड़्क दिसकोंटे रेजिकटिं आतां इंतुर.		రాత్రి పూట కనిపించని వారిని రేచీకటి వారు అంటారు.
कट्टें पीसि गुट्टा रेय्‍सेके मंता.	लकड़ीयाँ लेकर परबत के ऊपर से नीचे उतर रहे है।	కట్టెలు పట్టుకొని గుట్ట దిగుతారు.
अद बस्‍सुनाल हिड रेय्‍संता.	वह मोटारी से नीचे उतर रही है।	ఆమె బస్సు నుంచి దిగింది.
कोत्तां तच्‍चि मल्‍सि हिय्यकोंटे ओन लंगाल इंतुर.	बे वजह तकलीफ करनेवालें को बदमाश कह जाता है।	రూపాలు తీసుకొని తిరిగి ఇవ్వని వారిని చెడ్డ వాడు అంటారు.
पोरी-पोरान कलपिसी मरमीं कींतुर.	लड़की और लड़के के पसंद के बाद ही विवाह लगाया जाता है।	పెండ్లి కూతురు, పెండ్లి పిల్లవాడు కలిపి పెళ్ళిలో అక్షింతాలు చల్లుతారు.
पोंगुड़ वेहामन्नी.		అబద్దము మాట్లాడకు
यावल-बाबाल सिने पिलाल्‍कुन एक्‍को लाड कींतुर.		అమ్మా నాన్నలు చిన్న పిల్లలను చాల ప్రేమిస్తారు.
यावल-बाबाल सिने पिलाल्‍कुन एक्‍को लाड कींतुर.		అమ్మా నాన్నలు చిన్న పిల్లలను చాల ప్రేమిస్తారు.
पोलाल्तानाड कोंदना बोड़ंगेंक लुंगुंर दोहांतुर.		పొలాల పండుగ రోజున ఎడ్ల మెడలలో గజ్జలు కట్టుతారు.
कूलिक होत्तस्‍के वायनेंके हीता कोत्तां लेक्‍कंतुर.	रोजी को जाके आते समय मिला पैसा गिनते हये वापस आते है।	కూళీకి వెళ్ళుతే బబ్బులు ఇచ్చిన తరువాత లెక్క పెట్టుతారు.
दाना लेंग बले मंचिगा(तिय्यगा) मंता.	उसकी आवाज बहोत मिठा है।	ఆమె రాగం మంచిగా ఉంది పాట పాడుతుంది.
मरमींने पंदिर्कु गद्दें लेय्या पेकींगें वाटंतां.	शादी में मंडप सजाने काम विशेष कर युवतीयाँ ही करते है।	పెండ్లి పందిరి, గద్దెలు ఆడవారు వేస్తారు.
लेय्युर-लेय्युर कलियसी वॆरे नाटे एगरला करसाला दांतुर.	गांव के सभी युवक मिलके नजदिकी गांव में नाचने के लिये जाते है।	దండారితో పడుచులు వేరే ఊరికి వెళ్ళుచున్నారు.
मरमींने पंदिर्कु गद्दें लेय्या पेकींगें वाटंतां.	शादी में मंडप सजाने काम विशेष कर युवतीयाँ ही करते है।	పెండ్లి పందిరి, గద్దెలు ఆడవారు వేస్తారు.
जोन्ना नॆदे पिट्टें उद्दामन्नी इंचि नॆदा मूला-मूलक लोटारम दोहांतुर.		జొన్న పంటల రక్షాణ కొరకు చేను మూల మూలలో కట్టే గంటలు కట్టుతారు.
इर वड्‍लल टेबल किसेक मंतोर.	खाती टेबल बना रहा है।	వీరు వడ్రంగి వారు టెబుల్ చేస్తున్నారు.
गाटो तिंचि गिन्नेतुन जप्‍पना नोर्रकोंटे अद वतिस्दांता.		అన్నము తిని పళ్లెం కడుక పోతే పల్లెం పాడవుతుంది.
ओन्‍क वेल्‍लेन रोजकुनाल रोगम वासी ओना बुग्‍लीं वत्तिस होत्तां.	वह बहोत दिन से बिमार था इसलिये उसके गाल सुक गये है।	ఆయనకు రోగం ఉంది అందుకని ఆయన చెంపలు లోనికి వెళ్ళిన్నాయి.
पलाते कपडीं वत्तुसेके मंतां, वत्तुतुरित्ते लोप्‍पो ताय्‍सि इर्रा.	बाहर कपडें सुक रहे है, सुकने के बाद उसे अंदर लाके रखो।	బయట బట్టలు ఆరడానికి ఉన్నాయి ఆరాక ఇంట్లో తెచ్చి ఉంచు.
मराता पंडीं कोयला आ कोम्मातुन वरहुतुर.	पेड़ के फल तोड़ने के लिये उसे चढ़ना पडेगा या तो फिर उसे झुकाना पड़ेगा।	పండ్లు తెంచడానికి కొమ్మాను వంచుతాడు
मिमेट अंटोर वर्सगा बल्‍हा वातिट?	आप सब उसी समय पर कैसे आये है?	మీరు అందరు ఒక్కె సారి వచ్చారా!
गोड्डु वहता.	गये ने बछड़े को जनम दिया है।	ఆవు దూడకు జన్మనిచ్చింది.
कोंदता कालू पीकुत्ते दाना कालसुट्टु वातम वाटंतुर.		వీరు ఎద్దు కంకకు వాతాలు పెట్టుతారు.
नांगेल्‍क वारना दोहंतुर.		వార్నతాడు అర్కకు పనికి వస్తుంది.
लॊतुक वासा मनंता.	मकान को फाटे होते है।	ఎనీగర కట్టే నుండి క్రింది పట్టే వరకు వాసాలు వస్తాయి.
पिर कालम वाते अंटोर लोकुल्‍क विज्‍जा वाटंतुर.		వర్ష కాలంలో వ్యవసాయ దారులు అందరు విత్తనాలు వేస్తారు.
पिर कालम वाते अंटोर लोकुल्‍क विज्‍जा वाटंतुर.		వర్ష కాలంలో వ్యవసాయ దారులు అందరు విత్తనాలు వేస్తారు.
नना दिल्‍ली होंचि वात‍न इत्ते, ना पोल्‍ले पोर्रो बोरे विस्वास कियुर.	मै दिल्‍ली गया बोलने से कोई भी यकीन नही करेगा।	ఆయన ఇలా చెప్పడు నిజమే నా!
जोन्नां कोय्तंका दान कड़ाते वाटसि विस्‍सांतुर.	जवार काटने के बाद उसका चूरना किया जाता है।	జొన్న పంట కల్లలను ఎడ్ల బంతి కట్టుతారు.
नर्का नना वॆड्‍सी अनि सुक्‍कां हूडतन.	रात में मै चाँद और तारे देखा था।	రాత్రి పూట చంద్రుడు నక్షత్రలు కనిపిస్తాయి.
वेटेटे पिर्रू कालम मक्‍कें वाटंतुर.	बरसात का मोसम आते ही बाडी में मका बोते है।	పెరడిలో మొక్కజొన్నవేస్తారు.
गोड्‍कु होडियाकोंटा लोनसुट्टु वेल्‍गु/वेलुंग तासंतुर.		జంతువులు రాకుండ ఇంటి చుట్టు కంచే చేస్తారు.
नरकड्‍कु पुस्‍कम हद्विनेंके वेल्‍गु कावाले.	रात में पढ़ाई करने के लिये उजाला होना जरूरी है।	రాత్రి పుస్తకం చదువుటకు వెలుతురు అవసరము.
पोड्‍दुना वेल्‍गुनाहेंदाल मनकु बय्यरा आंता.	सुरज की किरणों से हमें उजाला मिलता है।	ప్రొద్దున సూర్యుని వెలుతురు వస్తుంది.
सिने पिलाल्‍कुन कव्‍सला ओर्कुन कुतुल कीते ओर इरगा कव्‍वंतुर.		చిన్న పిల్లలను నవ్వించుటకు గులగుల (కితకితలు) పెట్టుతారు.
वेल्‍ले एर मत्ते संगोडिते दांतुर.	नदी में ज्यादा रहने से नाव में बैठके पार करते है।	లోతైన నీటిలో పడవతో ప్రయాణము చేస్తారు.
नर्कड्‍क तडिमतगा उद्दिसि सातराल्‍क वेहांतुर.	रात के समय आग के बैठके कहाणीयाँ सुनाते है।	రాత్రి పూట నెగళ్ళ ముందర కూర్చోని, సామేతలు, పొడుపు కథలు చెప్పుతారు.
मरमींनस्‍के मुंडागुंजा अंदुग्मरातदे/साले मरातदे वटंतुर.	शादी में मुंडा सालई पेड़ का ही डालते है।	అందుస చెట్టు కట్టెతో పెళ్ళి పీటలు చేస్తారు.
कपडीं अम्मामड़ सालेवाना दंदा आंदू.	कपडे बेचना सालेवार समाज का मुख्य धंदा है।	పాత కాలంతో సాలేవారు బట్టలు చేసేవారు.
निम्मे तप्‍पु कीतिनित्ते नीकु देवुड सिक्‍सा हींता.	आप पाप करेंगे तो आपको ईश्‍वर सजा देंगे।	
पोरलोर पोरिह्‍कुन सिडांचंतुर.	लड़के लड़कीयों को चिड़ाते है।	పెద్దవారు చిన్నమొగ,ఆడ పిల్లలను హేళన చేస్తారు.
पेन्‍कुन एतुक ओयनेंके सिने कच्‍लमते उप्‍पिचि ओंतुर.	भगवान को स्‍नान के लिये अधिकतर समय छोटे बैलगाडी में लेकर जाते है।	దేవుళ్ళను స్నానానికి ఎడ్లు బండ్లు గట్టి తీసుకెళ్ళుతారు.
मा सिने कोडियड पोरोल पुल्‍लुबाई आंद.	मेरी छोटी बहू का नाम पुल्‍लुबाई है।	
कासुटा गारें पेय्‍सि होनाकोंटा सीला तासंतुर.		ఎడ్ల బండి అటు ఇటు తిరుగకుండ ఇర్సును కట్టుతారు.
नेली सुटूरगा वेलुगु तासंतुरु.		చేను చుట్టు ఫెనిషింగ్ కంచే చేసి ఉంది.
सुंडेल्‍ली सोर्रे कीसि मनंता.	चुहा भीड़ बनाके रहता है।	
सुतिल नोंडे बतलना दोहला कबड्‍क ओज्‍जंता.	सुतली कुछ बांधने के काम आता है।	
सुत्तेते पेदा-पेदा बंडां पय्‍हांतुर.	हातोडे से बड़े-बड़े पत्‍थर फोडते है।	
निम्मे जप्‍पना सुद्रंचा.	तू जल्‍दी सुधर जा।	
नीवा रेडियोतुन बस्‍के सुद्रे कींतिन.	तेरे रेडियो को तू कब सुधारता है।	
सुन्ना पोग्‍गोते कल्‍पिसि तिंतुर, इंका गूरेंकगुडा हॊकंतुर.	चुना तंबाखू में मिला के खाते है, और दीवारों पे भी लगाते है।	
सुन्ना तोड़ीगुडा बल्‍लारशातेन दोर्कंता.	चुना जैसी मिट्टी भी बल्‍लारशाह में पाया जाता है।	
सुन्ना बंडा बल्लारशा दग्‍गेरा दोर्कंता.	चुना का पत्थर बल्‍लारपुर के नजदिक मिलता है।	
उंदिताल उंदि होत्ते उत्तर सुन्ने वांता.	इक मे से इक गया तो उत्तर शून्‍य आएगा।	
राजुंक गाटो तित्तुरित्‍ते वॆल्‍कुन/वंड़ज्‍कुन सुपराना अल्‍बाट मंता.	राजू को खाना खाने के बाद उंगलियाँ चाटने की आदत है	
सुय् पद्दि केडाते बंडा सोर्रेने मनंता.	साही जंगल में पत्‍थरों के बीच गुफा में रहता है।	
मर्सु मंचिगा तिवगोम इंचि कोलिमतगा दार हींतुर.	कुल्‍हाड अच्‍छा काटनी चाहिये इसलिये उसे लोहार के पास लेके जाके धार दिया जाता है।	
महगा उर्समड़/नॆर वाटमड़ नाडीताल सुरुव कीसंतोम.	हमारे यहां कल से रोवणा प्रारंभ कर रहे है।	
इंजेक्‍शन हिय्यना सूदी वॆरे मनंता, कपडिं कुट्टना सूदी वॆरे मनंता.	इंजेक्‍शन देने का सूई अलग होता है, और कपडे सीने का सूई अलग होता है।	
सॆदेपा मराता परकल कींतुर.	कड़ुनीम का पेड का दातुन करते है।	
तड्मि इरगा पोत्तुगोम इंचि कट्टेन सेंक्‍का कींतुर.	आग अच्‍छा जलने के लिये लकड़ीयों को छोटे-छोटे टुकड़े किया जाता है।	
दाराते जाडी बेरस्‍ते दान पाराते सेक्‍कंतुर.	आंगण में घास अधिक होने से उसे फावडे से टासकार निकालते है।	
सिने पिलाल्‍क सेंडितोन करससंतुर.	छोटे बच्‍चे गेंद से खेल रहे है।	
पुट्तस्‍केटाल बोरे मनकल सेड्डगा पुट्‍टोर ओन ओना परिस्‍तिती हेड्‍हांता.	कोई भी आदमी पैदाशी गलत नही होता, उसको उसकी परिस्‍थिती गलत रास्‍ता दिखाता है।	
तेरे पंडी इरगा सेदू मंता.		బుడిమి కాయ బాగా చేదుగ ఉంటుంది.
कुसिटे होव्‍वोर एक्‍को आते कुसिर सेदू वांता.	सब्‍जी में नमक ज्यादा होने से सब्‍जी कड़वा लगता है।	కూరలో ఉప్పు ఎక్కవైతే, రుచి పోతుంది.
सेद एपा मराता परकलीं कींतुर.	कडू नीम का पेड़ दातून के लिये उपयोगी है।	
सेदेल मनना पुत्तिते तरास्‍क, पेत्तें मन्नों.		పాములు, తొండలు ఉండే పుట్టలో చెదలు ఉంటాయి.
सेनगा पिंडिता बजें कींतुर.	बेसन से भजे बनाते है।	
मना मोकम्‍कु रोंडु सेंपां मनंतां.	अपने चेहरे को दो गाल होते है।	
सेंबुने एर उंटुर.	लोटे से पानी पीते है।	
एद्दिकालमते मॆंदुल्‍क इरगा सेम्टा कायां पुट्टंतां.	धूपकाल में शरीर पर घमौरिया आता है।	
इरगा कबड कीते सेम्टा पेय्‍संता.	ज्यादा काम करने से पसीना निकलता है।	
बस्‍केळ्‍क सेम्टा दोसमड़ मंचिद/बेसताहाटीं आयो.	हमेशा पसीना आना सेहत के लिये ठीक नही है।	
बस्‍केळ्‍क सेम्टा दोसमड़ मंचिद/बेसताहाटीं आयो.	हमेशा पसीना आना सेहत के लिये ठीक नही है।	
नास्‍ता कियला सेम्‍सा कबड वांता.	नाश्ता करने के लिये चमच का उपयोग होता है।	
सेरवुने एर जमा आसी मनंता.	तालाब मे पानी इकट्ठा होके रहता है।	
सेल्‍लाते सेम्टा उसमांतुर.	तौलियाँ से पसीना पोंछते है।	
बोन अय्ते केव्‍क केंजावायोंगों ओन सेव्टी मनकल इंतुर.	जो आदमी सुन नही सकता उसे बहिरा आदमी कहते है।	
बद मुरतड्‍क केंजावायोनो अदुन सेव्टिद इंतुर.	जो औरत सुन नही सकती उसे बहिरी औरत कहते है।	
बद मुरतड्‍क केंजावायोनो अदुन सेव्टिद इंतुर.	जो औरत सुन नही सकती उसे बहिरी औरत कहते है।	
मुरतड्‍क केंजावायकोंटे सेव्टिद इंतुर.	औरत सुन नही सकती तो उसे बहरी कहते है।	
मनकंक केंजावायकोंटे सेव्टी इंतुर.	आदमी सुन नही सकता तो उसे बहरा कहते है।	
मुरतड्‍क केंजावायकोंटे सेव्टिद इंतुर.	औरत सुन नही सकती तो उसे बहरी कहते है।	
केंजावायवोन सेव्टोड इंतुर.	जो सुन नही सकता उसे बहिरा कहते है।	
मातीर मनकेलोर सोंगा उंटुर.	गांव के बुजूर्ग लोग चिलम पीते है।	
सोंगा आकीते पोग्‍गो निहचि उंटुर.	चिलम बनाने के पत्ते में तंबाखू भर के पीते है।	చుట్ట ఆకులలో తంబాకు నింపి త్రాగుతారు.
सोंगा आकीते पोग्‍गो निहचि उंटुर.	चिलम बनाने के पत्ते में तंबाखू भर के पीते है।	చుట్ట ఆకులలో తంబాకు నింపి త్రాగుతారు.
गंजय उनना सोंगा वॆरे मनंता.	गांजा पीने का चिलम अलग होता है।	
वतुता सोप्‍पा कॊंदांक मॆता इंचि इर्रंतुर.	सुका कळबा बैलों का खुराक है।	
बोर-बोर को निदरते इरगा सोल्‍लु पोंगंता.	किसी किसी को नींद में थुका निकालने का आदत होता है।	
पॆडाना हाटीं पोरीन हूडला होननेंके हगुड पीसि दांतुर.	लड़के लिये लड़की देखने के लिये जाते समय योग देख के निकलते है।	అల్లు కొరకు పెండ్లి కూతురు ఇంటికి రొట్టెలు తీసుక పోతారు.
समजदार मुरतड पेदा मनकन हूळसि तलापोरो हटाकोंगु वाटंता.	समजदार औरतें बडे आदमी को देखते ही सर पर चोली ले लेते है।	
हडपी कलपिसि हकेडकु दाराते हडा वाटंतुर.	गोबर पानी में मिला के सबेरे आंगण में छिड़कते है।	ఆవు పేడ నీటిలో కలిపి కల్లపి చల్లుతారు.
एटीं, गोड़कुना हडपी एरवु इंचि दोय्यने वाटंतुर.	यह गोब‍र एक प्रकार का जैविक खत है।	
गोड्‍क-कॊंदां मननोरा लॊन हड्‍पी तेंडला उंदी हड्‍पी तट्टा मनंता.	जिनके घर में पालतू जानवर है, उनके घर गोबर उठाने के लिये एक गोबर उठाने का टोकरी होता है।	
इस्‍कुल पिलाल्‍क नर्कड्‍क पुस्‍तकोम हद्‍वंतुर.	छात्रा-छात्राएँ रात के समय किताब पढ़ते है।	బడి పిల్లలందరు రాత్రి పూట పుస్తకాలు చదువుతారు.
सिने पिलाल्‍क एक्‍को हपेंट केर्रंतुर.	छोटे बच्‍चे अधिकतर हाफ पँट पहनते है।	
नहगा उंदि हरता गोंगडि मंता.	मेरे पास एक फटा हुआ कंबल है।	
तडिम इरगा पोत्तुगोम इंचि कंट्टेन सेक्‍कां पय्‍हांतुर.		కట్టెలను మండుటకు పొయ్యిలో పెట్టుతారు.
मन्नेल्‍कु, मेदरलोर्कु तट्टां,बुट्टीं हरहांतुर.		కొలాములు, గుల్లలు తయారు చేస్తారు.
गाटो मंचिगा हल्‍विसी तिनगोम.	चावल अच्‍छी तरह से चबा-चबाकर खानी चाहिये।	
कोत्तनाहाटीं बोर्कुनना हव्‍कुड बॆस आयो.	पैसों के लिये किसी को भी मारना ठीक नही है।	
कोत्तां हींतन इननय्ते कारयाल बोर्कुनना हव्‍कंतोर.	पैसा देने से कारया किसी का भी खून करता है।	
मनकलोर एक्‍को कोर्रु हव्‍वीं तिंतुर.	मनुष्य अधिकतर बकरी का मटन खाना पसंद करता है।	విందు భోజనములో ఒక్కొక్క మాంసం ముక్క వడ్డించారు.
गाटो आयि कुसिर आयि एद्दिकालोम जप्‍पनेन हव्‍वंता.		అన్నము కాని, కూర కాని ఎండలంలో తొందరగానే పాసి పోతుంది.
वायरता नोंडे हांगंता.	नायलाँन का रस्‍सी खींचा जाता है।	నైలోన్ తాడు బాగా సాగుతుంది.
वेटेटे दोसा वेलीं पोड्‍गुंक-पोड्‍गे हांगंतां.		చేనులో దోస కాయ తీగ ఇటు అటు సాగుతుంది.
इद नीहाटीं तत्तन.	यह तेरे लिये लाया	
मनकन हातंका बोड्‍संतुर.	मृत व्यक्‍ती के शरीर को जलाते है।	చనిపోయిన మనిషిని కాల్చుతారు దానిని సరూన్ అంటారు.
हेरपुह्‍क केर्राकोंटा केडाते होत्ते काल्‍कुंक हापूक गिच्‍चंतां.	बिना चप्‍पल पहने जंगल जायेंगें तो पांव में कांटा चुभ जायेगा।	చెప్పులు వేసుకకోక పోతే పాదలకి ముల్లు గ్రుచ్చుకుంటాయి.
हाटुमते अम्माला हापाकायां-मिरसाकायां तरंतुर.	बझार सब्‍जीयाँ बेचने-खरीदने के लिये लाते है।	అంగడిలో అమ్మడానికి వంకాయలు, మిరపకాయలు తెస్తారు.
ना कादुक हाप गिचता.	मेर पांव मे कांटा घुस गया है।	
मा यावल गोह्‍कुना हारीं बॆस/मंचिगा कींता.	मेरी माँ रोटीयाँ बहुत अच्‍छा बनाती है।	
इच्चोर गाटो अंटोर्क हालुमड़ गावाले.		ఇంత అన్నము ఇంత మందికి సరిపోతుందా?
मा नॆदे इरगा हाह्‍कुना पोदां मंतां.	हमारे खेत में बहोत ऊँटकटारा है।	
ई नाटेनाल आ नाटेंक करंट होनला करंट तीगे हाहंतुर.	इस गाव से उस गाव तक बिजली जाने के लिये बिजली का वायर तानना जरुरी है।	
पूनें-पूनें गाडी ताकीस्‍ते गाडी हिके-हेके आंता.	पहिलीबार मोटर सायकल चलाने से मोटर सायकल इधर-उधर जाता है।	
ऊके-ऊके हिड‍ अरमड़ मंचिद आयो.	बार-बार नीचे गिरना अच्‍छा नही है।	
नना मरा पोरोटाल हिडु अरतन.	मै पेड़ के ऊपर से नीचे गिरा।	
मावा कचलम बुर्दते दिगा बडता.	हमारी खटारा कीचड़ में फंस गया।	
ऊके-ऊके हिड‍ अरमड़ मंचिद आयो.	बार-बार नीचे गिरना अच्‍छा नही है।	
नरकड़कु करंट होत्ते हीकट आंता.	रात में बिजली जाने से अंधकार हो जाता है।	రాత్రి వేళ్ళలో (విద్యుత్) కరెంట్ పోతే చీకటి అవుతుంది.
अगा निम्मे हिला कोंटे मोमोट होन्नोम.	वहा आपके शिवाय हम नही जायेंगे।	నీ తప్ప మేము వెళ్ళలేము.
कोत्तना हिसोब कियमड़ गमति कबड़ आयो.	पैसों की गणना करना आसान बात नही है।	
मा नॆदुन मोमोट मुव्‍वुर अनदमुल्‍क मूड़ हिस्‍सा कीतोम.	हम तीन भाई हमारे खेत को तीन भाग करके बांट लिये है।	
उंदि एकरम बूमीतुन मूड हिस्‍सां/मुक्‍कां/पाल्‍कु कियमड़ बॆस/मंचिद आयो.	सिर्फ एक एकड जमीन को तीन हिस्‍सों मे भागना ठीक नही है।	
उंदि एकरम बूमीतुन मूड हिस्‍सां/मुक्‍कां/पाल्‍कु कियमड़ बॆस/मंचिद आयो.	सिर्फ एक एकड जमीन को तीन हिस्‍सों मे भागना ठीक नही है।	
अमासतानाडू नरकळ्‍क इरगा हीकटा मनंता.	अमावस्या के रात में घोर अँधेरा होता है।	
मरा हिह्‍कु बूमीता लोप्‍पो दांतां.		చెట్టు వేర్లు భూమిలోపలికి వెళ్ళుతాయి.
कोय्‌तोर गाटो वाटला हुक्‍कुडता उपयोग कींतुर.	आदिवासी समाज के कुछ जातीयाँ चावल बांटने के लिये लकड़ी का चमचा इस्‍तेमाल करते है।	వేడి కూరను తెడ్డుతో తీస్తారు.
नना हुटता लुंगी निम्मे हुटमा.	मैने पहना हुआ लुंगी तुम पहनना नही।	
दक्षिण राज्येमता एक्‍को लोकुल्‍क लुंगी हुट्टांतुर.	दक्षिण के अधिकतम नागरिक लुंगी लिपटते है।	
नना हुटता लुंगी निम्मे हुटमा.	मैने पहना हुआ लुंगी तुम पहनना नही।	
तलापोरो एर कांजनेंके तला नोय्यामन्नी इंचि मुरताह्‍क तलापोरो हुम्मर तासंतां/दोस्‍संतां.	पानी भरते समय सर दर्द से बचने के लिये सर पर चुंबर रखते है।	
नना इंद-इंदकेने एडकीताल हुसार आतन.	मै अभी-अभी बुखार से सुधर गया।	
गुड्डोर्कुंक हर्री हूपिच्‍गोम.	अंधो को रास्‍ता दिखाना चाहीये।	
मा लोन निन्ने हेड़मीतोर वासी मत्तुर.	कल मेरे घर मेहमान आया था।	మా ఇంటికి చుట్టము వచ్చినారు.
मंचिमंचोर्कुन हेड्‍हामड़, राकेशना कबड़.	अच्‍छे-अच्‍छों को बिघडाना ही राकेश का काम है।	
एन्‍कटा मुर्ताह्‍कुना काल्‍कुंक, कयकुंक हेनुह्‍क मनंतां.	पुराने जमाने के औरतें हाथ और पैरों मे खडा इस्‍तेमाल करते थे।	ముసలివారి చేతులకు కాళ్ళకు కడియాలు ఉంటాయి.
लोन-दारा हेय्यला हेपुर कबड्‍क वांता.	घर-आंगण साफ-सुतरा रखने हेतू झाडू काम आता है।	ఇల్లు శుభ్ర పరుచుటకు చీపురు పనికి వస్తుంది.
नॆदे हेपुर जाड़ी पुट्टंता.	यह घास खेतों के आसपास पाया जाता है।	చేనులో (చీపురు)గడ్డి చాల పెరుగుతుంది.
नॆदे हेपुर जाड़ी पुट्टंता.	यह घास खेतों के आसपास पाया जाता है।	చేనులో (చీపురు)గడ్డి చాల పెరుగుతుంది.
इस्‍कुल पिलाल्‍क ओर ओरा इस्‍कुल्तुन रोज हेय्यंतुरु.	पाठशाला में छात्र-छात्राऐं प्रतिदिन झाड लगाते है।	అబ్బాయిలు, అమ్మయిలు వారి యొక్క బడిని ఊడుస్తున్నారు.
काल्‍कुना रक्षनाताहाटीं हेरपुह्‍क केर्रंतुर.	पैरों के सुरक्षा के लिये चप्‍पल इस्‍तेमाल करते है।	
दाना पुस्‍तकाल्‍क येत्मा, अद दंडि होंगगल्‍लद.	उसकी किताब मत लेना, वह बहूत गुस्‍सेवाली है।	ఆమె చాల ఆవేశురాలు ఆమె పుస్తకాలు తీసుకోకు.
एटा मार्च नेलते होली पंडुग(कामुन पुन्नम) वांता.	हर साल मार्च महिने में होली उत्सव आता है।	
