Gondi_Sentence	Telugu_Sentence
బెయే బాబాల్ మియాడుస్ హెర్రే, మూర సీతెకే తాన్ అందూన్ ఇంతేర్	తండ్రి కూతురుకు ఇచ్చె మేకలను,ఆవులను కట్నము అంటారు
నర్కక్ దిస్సో వోన్ అంద్రీయాల్ ఇంతేర్	రాత్రి పూట కనిపించని వారిని రేచీకటి వారు అంటారు
మర్మి మండద్గా నొవ్రి,నొవ్రన్గా సమ్దిర్ అక్సీదాంగ్ వాటంతేర్	పెండ్లి పందిరిలో వధు, వరులకు అక్షింతాలు వేస్తారు
పేర్ మయ్‌నల్ అగాటోర్	ఈ మనిషి అక్కడి వారు
గాటో అటన్ లాసి యేతున్ అటంతేర్	అన్నము వండుటకు నీటిని ఎసరు పెట్టుతారు
సరియ్ సొన్నెకే తరాస్ అడ్డం వాత	త్రోవలో నడుస్తు వెళ్ళంగా పాము అడ్డం వచ్చింది
చుట్టాల్ బందుక్, మర్మిన్గ నొవ్రినేర్, నొవ్రనేర్ బెయే బాబాన్ కప్డింగ్ అహేర్ కీంతేర్	చుట్టాలు, బంధువులు పెండ్లిలో వరుడు,వధువు తల్లి, దండ్రులకు బట్టలు కట్నము చేస్తారు
నోడెత్ కస్రా కియై ఆటాపాంతేర్	తాడును పగ్గం చేయుటకు అల్లుతారు
రోతగ, బుడ్డింగ్- ముడ్డింగ్ పొర్రో ఇర్లె ఆటేరా కీంతేర్	ఇంటి సామాను ఉంచుటకు ఇంట్లో అటుకు తయారు చేస్తారు
నిమ్మె కొత్తంగ్ కల్మాకి ఇంజేర్ ఆడా పియంతి	నీవు డబ్బులు దొంగతనము చేయలేదని ఒట్టు తీసుకొంటవా
చుడూక్ కాండిర్కున్ కర్సవల్ బొమ్మా తత్తేకే ఆనంద్నే - ఆనంద్ అంతేర్	చిన్నపిల్లలకు ఆటలాడెందు బొమ్మలు తెస్తే చాల ఆనంద పడుతారు
మహ్నత్ ఉంది జోక ఆవుస్ వాంత	నెలకు ఒకసారి అమవాస్య వస్తుంది
రొహ్క్, గోడంగ్, ఉండే వెల్లె రంక్నంగ్ దొహన్‌సాటి తోడిత ఇట్కే కీంతేర్	ఇండ్లు గోడలు కట్టుటకు మట్టితో ఇటుకలను తయారు చేస్తారు
వోర్ రాంగ్ సీతోర్ ఇత్తేకే సొడితోర్	ఆయన తిట్టినాడు అంటే వెళ్ళినాడు
వాప్లై నాయ్జడే ఊడంతేర్	నాగాలితో చేనును దున్నుతారు
కాండర్ బూడ్ ఉచ్చి మంతేర్	పిల్లలు క్రింద కూర్చోని ఉన్నారు
తరాస్క్, డొక్కెంగ్ మన్వల్ పుతిత్గా ఉద్రి మందంత	పాములు, తొండలు ఉండే పుట్టలో చెదలు ఉంటాయి
పియ్య మురద్గ పాల్ ఉంటా	దూడ ఆవు దగ్గర పాలు త్రాగుతుంది
కాండర్-పేకింగ్ సక్రే పాల్ ఉండన	పిల్లలు ప్రొద్దున పాలు త్రాగాలి
కాండిర్ నోడెత్ ఉమ్సేర్ మంతేర్	పిల్లలు తాడును గుంజుతున్నారు
కేడతె, పుత్తిన్గ, మరక్నంగ్ డోబ్రన్గ, ఉరూంక్ మందంతంగ్	అడవిలో, పుట్టలలో చెట్ల తోఱ్ఱలలో ఉడుములు ఉంటాయి
ఇవ్ రోకడే వంజింగ్ ఉస్సేర్ మంతంగ్	వీరు రోకలితో వడ్లు దంచుతున్నారు
డగూర్ పిర్ వాతెకే లవ్డితున్ ఊస వాంత	పెద్ద వాన పడితే వాగును-వాగు పొంగింది అంటారు
కచ్చి దుకన్‌తంగ్ కూయ్‌సంగ్, పాస్క్ కియన్సాటి కచ్చి యేతంతేర్	ఇనుము దుకాణములో కర్ర కొరకు ఇనుము తీసుకుంటారు
యేర్ ఆపుసన్ సాటి లవ్డితే కట్టా దొహంతేర్	నీటిని ఆపుటకు వాగుకు అడ్డం కట్టా కట్టుతారు
రోన్ సియై చప్రింగ్ రచ్చంగ్ సియై కయ్యెర్ కాం సీంత	ఇల్లు శుభ్ర పరుచుటకు చీపురు పనికి వస్తుంది
కాసూడ ఆస్కుడున్ హిందక్- హందక్ మేల్య సియవ్క్, కరంగాడింగ్ దొసంతేర్	ఎడ్ల బండి అటు ఇటు తిరుగకుండ ఇర్సును కట్టుతారు
నన్న ఇంకే కోయంగ్ కరిసేర్ మంతోన్	अभी मै गोंकी सीख रहा ఝ్ నేను ఇప్పుడు గోండి భాష నేర్చుకుంటున్నాను
వోర్ తాన్ కంప్యూటర్ కరుసేర్ మంతోర్	ఆయన ఆమెకు కంప్యూటర్ నేర్పుతున్నాడు
వాప్లె కాం కీతెకే బయ్ కర్ వసంత	చేనులో పనిచేస్తే చాల ఆకలేస్తుంది
గాటో తింజీ దెడే నొర్వక్ ఇర్తెకే కర్కాటా పియంత	అన్నము తిని పళ్లెం కడుక పోతే పల్లెం పాడవుతుంది
గుసాడ్కి నడితగా ఘుంగుక్ దొహన్ సాటి కర్దోడా దొహంతేర్	గుస్సాడి వారు గజ్జెలు కట్టు కొవాడానికి నడుముకు మొలత్రాడు కట్టు కుంటారు
కోయ్తుర్ కర్నాట్ నేకుస పరంతేర్	గోండ్స్ మత్రమే కర్నాట్ అనే సంగీతం వాయిద్యం వాయిస్తారు
వీర్ చేండు కర్సెర్ మంతేర్	వీరు బంతి అడుచున్నారు
కలాడీ సిందీత, తాడిమర్రత కల్ రెహంతోర్	గౌడు ఈత చెట్టు, తాడి చెట్టు నుండి కల్లు దించుతాడు
కొత్తంగ్ ఆయి సోనే, ఉండే బతయ్గిర్ కల్లెకే కల్లె ఇంతేర్	డబ్బులు కాని బంగారం, ఇతర వస్తువులను దొంగలిస్తే దొంగ అందురు
కొందన్ పోరత్ సౌరి కీనెకే(సజ్జి కీనెకే) గోటిద్గా కసాటింగ్ దొహంతేర్	ఎడ్ల మెడలో గజ్జలు పొలాల పండుగ రోజు కట్టుతారు
బూతిత్ సొత్తెకే కొత్తంగ్ సీతపేజ్జె కహంతేర్	కూళీకి వెళ్ళుతే బబ్బులు ఇచ్చిన తరువాత లెక్క పెట్టుతారు
సేర్దంగ్ జుప్నెంగ్ కాంబ్సి వోంతేర్	అరకు తాళ్ళు కట్టి తీసుకెళ్ళుతారు
మర్రత్ కాంతీంగ్ హిక్కె హక్కె దాంతంగ్	చెట్టు కొమ్మలు అటు ఇటు వెళ్ళుతాయి
వీర్ మయ్నలిర్ డొడ్డొగ్ కాచ్చేర్ మంతేర్	వీరు మనుషులు గోతులు త్రవ్వుచున్నారు
పేకింగ్ బాయిక్ కడ్‌కున్ కాజూడి దోసంతంగ్	అమ్మాలు కళ్ళలో కాటుక పెట్టుతారు
మర్క మర్రద్గా కాయంగ్ మంతంగ్	మామిడి చెట్టు దగ్గర కాయలు ఉంటాయి
రోజీ యేర్‌తుంగ్సి సక్రే భూమాతన్ కాల్ కెరంతేర్	రోజు స్నానం చేసి ప్రొద్దున భూమాతకు దండం పెట్టుతారు
సర్వస్ బాడల్ గుడ్డి- గుడ్డన్ కావ్డిన్‌గ ఉపుసీసి కాశితే వోతోర్	శ్రవణ కుమారుడు తన తల్లి దండ్రులను కావాడిలో కాశీకి తెసుకెళ్ళనాడు
కేడతల్ కెటింగ్ తర్లె కాసూర్ కాం సీంత	అడవి నుండి కట్టెలు తీసుకరావడానికి ఎడ్లబండి పనికిస్తుంది
గంగాతే కాసోంగ్ యేతగ డాట్ మందంతంగ్	గంగా యందు నీటిలో తాంబేలుఎక్కువగ ఉంటాయి
వేర్ గొమ్మేరనగ దహ్నీ కాసుసంతొర్	పిడికెల పైన అగ్గిలో ఇనుము వేడిచేస్తారు
కేడంగ్, గూడెన్‌గా పిర్ రెయ్‌నెకే బాజి కిచ్చి తింతేర్	గూడెలలో వర్ష కాలం వచ్చిన తరువాత ఆకు కూరలు తింటారు
సొద్దెడ్‌గా తడ్మి నిరుసన్‌సాటి కిస్ డబ్బీ పాంతేర్	పొయ్యిలో అగ్గి చేయిటకు అగ్గి పెట్టె తో వెలిగిస్తారు
ఉంది జాగ సమ్దిర్ చుడూక్ కాండిర్ మీరే మత్తెకే వొరోన్ ఒరోన్ కిస్కంతేర్	ఒక చోట పిల్లలు గుమిగూడితే ఒకరి నోకరు గిచ్చుకొంటారు
పేన్కున్ పూజ కియన్‌సాటి కుక్కూ గుల్వల్ హాటుమ్న తరంతేర్	దేవుళ్ళ పూజ కొరకు కుంకుమ గులాలు అంగడి నుండి తెస్తారు
పెర్సాంగ్ పేన్కున్ అటుం కుటుంబాలీర్ సమ్దిర్ మీరే మంతేర్	పెద్ద దేవుని దగ్గర చుట్టాలు, బంధువులు అందరు కలుస్తారు
పిర్ వాతెకే కుడెడున్ ఊస వాంత	వర్షం వస్తే వాగులు పొంగుతాయి
కుమ్మల్ బుడ్డి కీసేర్ మంతోర్	కుమ్మరి వాడు కుండ తయారు చేస్తున్నాడు
పిత్రెన్గా (కారుంతగా) హెర్రే కొయైకే కుర్కీ అలదీ ఇరంతేర్	కార్మకాండము చేసె రోజున మేక కాలును వేరుగ ఉంచుతారు
చుడుర సెట్టెడుస్ కుర్ప ఇంతేర్	చిన్నకొడవలిని కుర్భ అంటారు
తల్లద్గ సోక్వల్ నియ్ మార్తెకే డబ్బతున్ కూచంతేర్	తల నూనే అయిపోతే నూనే డబ్బను చూస్తారు
జొన్న, తూరి కూటార్ కొందన్, మూరన్, యెద్ది-గాలుం వాటంతేర్	జొన్న చొప్ప కంది చొప్ప ఎడ్లకు ఎండ కాలంలో మేత పెట్టుతారు
కాల్ ఆయి, కెయ్ ఆయి సెల్వేకే కూటాల్ ఇంతేర్	కాళ్ళు చేతులు లేని వారిని కుంటి వారంటారు
వీర్ కూడిన్ సాటి పాక్డి మర్రతంగ్ ఆకింగ్ కొయ్సేర్ మంతేర్	వీరు ఇస్తారాకుల కొరకు రాగి చెట్టు ఆకులు తెంపుతున్నారు
చుడూక్ కాండిర్‌కున్ కవుసన్ సాటి కూత్లీ- కీంతేర్	చిన్న పిల్లలను నవ్వించుటకు గులగుల(కితకితలు) పెట్టుతారు
చుడూక్ కాండిర్క్ బస్సునగా పియ్యి ఉద్తెకే కూర్కంతేర్	చిన్న పిల్లలను బస్సులో పట్టి కూర్చుంటే నిద్రపోతారు
తేరియా కాయ బయ్ కెయంత	బుడిమి కాయ బాగా చేదుగ ఉంటుంది
కాండిర్- పేకింగ్ కేంజంతేర్	బాలురు, బాలికలు వింటున్నారు
కొండ బుడ్కూంక్ గంగాతే మందంతంగ్	శంకులు నదులలో, సముద్రంలో ఉంటాయి
బాయి బాలంతి అన్నెకే రోతగ ఉంది కాక్ కొటూడీ కీంతేర్	శిశు జన్మ సమయంలో ఆడవారికి ప్రత్యేక స్థలము ఏర్పాటు చేస్తారు
హెర్రేంగ్ కోండి కియన్‌సాటి కొటూడీ(కొట్కా) కీంతేర్	మేకలను ఉంచడానికి కొట్టము తయారు చేస్తారు
మూరంగ్, హెర్రేంగ్, హెర్మింగ్ కోండి కియన్‌సాటి కొట్కా కీంతేర్	జంతువులను, ఉంచడానికి కొట్టము చేస్తారు
కాలదగ సాప్ గండ్‌తెకే సుయ్‌ద కొడ్డితే టెండంతేర్	కాలకు ముల్లు గ్రుచ్చినచో సూదితో తీస్తారు
మహ్కా పండి తినేకే కొద్దంగ్ కిచిర్- కిచిర్ ఇంతంగ్	మారేడు పండు తినేటప్పుడు పండ్లకు తాకుయి
వాప్టి తిపున్తంగ్ కొయ్యానె సరెంగ్ వాటంతేర్	చేనులో మూడు కాళ్ళ (మోగడలో) గీతాలు వేస్తారు
వేర్ దాడీ కొరీసేర్ మంతోర్	ఈయన గడ్డం తీస్తున్నాడు
కెవ్విత్ రొప్పో కొరే-కల్ మందంత	చెవిలో జీబిలి ఉంటుంది
దహితున్ కస్లాద్గా కొరొప్ కీంతేర్	పెరుగును ఒక పాత్రలో చల్ల చేస్తారు
ఖాతి మర్సక్ కొలుసంతోర్	కమ్మరి గొడ్డళ్లు పదును చేస్తారు
మావ దేశున్ నాలుంగ్ కోస్క్ మంతంగ్: ఖాలాన్, తెల్జాడ్, సిడాయీంగ్, ఫరాయీంగ్	మాన దేశనికి నాలుగు దిక్కులున్నాయి, తూర్పు, పడమర, ఉత్తరం, దక్షిణ
మర్మి బొవ్లద్గా నాలుంగ్ కోపంగ్ ఇరంతేర్	పెండ్లి పందిరిలో నాలుగు చిన్న కుండలు ఉంచుతారు
రోత్ రొప్పో ఉంది మూలత్ పేన్- కోమ్టూ ఇంతేర్	ఇంటిలో ఒక మూల దేవుడు స్థలం ఉంటుంది
తాన్ కోంద- వాడా ఇంతేర్	ఎడ్ల అంగడి ఉంటుంది
ఆకాడిత్ నేటి కోడల్ పేన్ద పూజ కీంతేర్	ఆకాడి పండుగ రోజు కోడల్ అనే దేవుని పూజ చేస్తారు
లవ్‌డినే నర్కక్ ఆడే గదినంగ్ కేక్డైగ్ తిన్నే - తాన్ కోయ్‌లల్ ఇంతేర్	వాగులో రాత్రి పూట ఎండ్రికాయాలు తినె జంతువును నక్క అంటారు
చచ్చోయ్ కోలాంగ్ పాసేర్ డండారి యేందంతేర్	చచ్చోయ్ కొలాటముతో దండారి నృత్యం చేస్తారు
జొన్న, వంజింగ్, తూరింగ్ తెడన్‌సాటి వాట్టె ఖడా కీంతేర్	జొన్నలు, వరి, కంది, తీయుటకు చేనులో కల్లం చేస్తారు
మాతరిక్ కాల్క్నగ కెయ్కనగ ఖడేంగ్ కెరంతంగ్	ముసలివారి చేతులకు కాళ్ళకు కడియాలు ఉంటాయి
వాప్లై కాపుస్ ఉర్సన్ సాటి ఖాత్ వాటంతేర్	చేనులో పత్తి పంట వెయుటకు ఎరువు వేస్తారు
కీక్రి నేకుసన్ సాటి ఖూజా మందంత	కీక్రి అనే సంగీత సాధనము మ్రోగించుటకు ఖుజా ఉంటుంది
ఖేతి- కీయ్యల్ మడిన్గ కాం కీసేర్ మంతోర్	వ్యవసాయము చేసేవాడు మడిళ్ళలో పనిచేస్తున్నా డు
ఖాత్ రీక్లే ఖోరా కాం సీంత	ఎరువును(ఆవు పేడ) విసురుటకు పారా ఉపయోగిస్తారు
ఖోరతే నాలీన చిక్లా తెడంతేర్	నాలీలు శుభ్రపరుచుటకు పారా ఉపయోగిస్తారు
గందాల్ నహ్కనంగ్ కొర్కున్ పియ్సి వోంత	గ్రద్ద ఊరిలోని కొళ్ళ పిల్లలను ఎత్తుకొని పోతుంది
బాయిక్, దాదలిర్ కుహిత, బొరింగ్న గర్రాసే యేర్ తరంతేర్	స్త్రీలు, పురుషులు బావి, బోరు నీళ్ళు బిందెలతో తెస్తారు
హోటల్కనగా(వాప్టె) దుస్రొనగ కాం కియ్యలీర్క్ గడ్యాల్ ఇంతేర్	హోటలలో, చేను ఇతరులు దగ్గర పని చేస్తున్న వారిని జీతగాళ్లు అంటారు
నహ్నే మాత్రలీర్ గాంజా ఉన్నెకే సావ్‌నె ఊతంతేర్	ఊర్లలో ముసలివారు గంజాయి త్రాగెటప్పుడు పొగ పీల్చుకుంటారు
డెమ్సగ్గా గాగ్రంగ్ కాల్కనగ దొహ్చి యేందంతేర్	డెమ్సా నృత్యంలో కాలకి గజ్జెలు కట్టి నృత్యం చేస్తారు
ఇద్ గాజ్లింగ్ యేచ్చెర్ మంత	ఈమే గాజులు కొనుచున్నాది
జొన్న తూరి కూటార్ నిహ్చి గాదేద్గా ఇరంతేర్	జొన్న, కందులు కూటార్ నింపి గుమ్మిలో ఉంచుతారు
కడ్దగా గోయల్ దావ్రల్- దావ్రల్ గార్ మంత	కళ్ళలో గుండ్రంగా తెల్లటి కనుపాప ఉంటుంది
గిర్వా గూనాల్ రెహంతంగ్	వేడి వంట పాత్రను బట్టతో పట్టి దించుతారు
కురంగ్ కరుసన్ సాటి గిర్రా కీంతేర్	కంకలను నేర్పుట కొరకు గిర్ర అనే దానిని తయారు చేస్తారు
భోగిత్ నేటి గుసాడ్క ఆంతేర్	భోగి రోజున గుస్సాడి వేశం వేస్తారు
గుస్రాల్ కేడతె మందంత, హెర్రేంగ్ మక్సి తింతా	తోడేలు అడవిలో ఉంటుంది మేకలను వేటాడి తింటుంది
పూన రోతగ గురెంగ్ దొసంతేర్	క్రొత్త ఇంటి ముందు ప్రవహరి గోడ కట్టుతారు
పేకింగ్ గెగ్డింగ్ కెరంతంగ్	అమ్మాయిలు గౌను తొడుగుతారు
పాట్లన్‌గ మీరే మంట్ సమ్దిర్ ఉంది గొష్టి (గొహ్టి) వడ్కవల్ మంత	పటేల్ దగ్గర అందరు కలవండి ఒక విషయము మాట్లాడాలి
వావ్టె యేర్ ఇంజన్తే గొట్టానె సుట్కింతేర్	చేనులో నీటిని పైపుల ద్వార వధులుతారు
పోరత్ నేటి కోందనంగ్ గోటినగ ఘుంగుక్ దొహంతేర్	పొలాల పండుగ రోజున ఎడ్ల మెడలలో గజ్జలు కట్టుతారు
రాజాల్ తవ్వ కోడ్డత్ బయ్ చమ్కి కీతోర్	రాజు తన గుఱ్ఱమును చాల శుభ్రం చేసాడు
చవ్వెర సెజాంగ్ కుస్త్రి అట్సి తింతేర్	గోరు చిక్కుడు కాయలను కూరచేసి తింటారు
చుట్టా- ఆకిట్గా తమ్ముక్ నిహ్చి ఉంటేర్	చుట్ట ఆకులలో తంబాకు నింపి త్రాగుతారు
రొహ్కీ రొహ్కీ సెంగ్వన్ చుబూక్ చుబూక్ ఇంతేర్	ఇంటింటా తిరుగేవాని, అడ్డా తిరుగుడు అంటారు
పేన్కున్ యేర్ మిహ్లా వోనెకే చెక్డంగ్, కాసూక్ పుహ్చి దాంతేర్	దేవుళ్ళను స్నానానికి ఎడ్లు బండ్లు గట్టి తీసుకెళ్ళుతారు
సెయ్‌కల్ చిక్లా ఆతెకే జంగ్-పియంత	సైకిల్ బురద అయితే తుప్పు పటుతుంది
టొప్లీనె కేడతల్ హిరుక్ తచ్చేర్ మంతంగ్	గుల్లలలో అడవి నుండి ఇప్పపూలు తెస్తున్నారు
కాపుస్నగా జాడి ఆతెకే డవ్రా పాంతేర్	పత్తిలో గడ్డి మొలచినచో గుంటుకు కొట్టుతారు
డండారి పియ్సి డియూర్ దుసొ నాటే యేండ్లె దాంతేర్	దండారితో పడుచులు వేరే ఊరికి వెళ్ళుచున్నారు
మర్మిన బొప్ ల డియంగ్ వాటంతంగ్	పెండ్లి పందిరి, గద్దెలు ఆడవారు వేస్తారు
పేన్దగ తల్ల దొహ్చి డుమ్మేరా డోరియల్ కాల్ కెరోల్ వోన్ డుమాల్ ఇంతేర్	దేవుని దగ్గర దండం పెట్టెటప్పుడు తలపాగ కట్టి మొక్కని వారిని బోడి తల అంటారు
నన్న డెహ్క్సేర్ మంతోన్	నేను ఎగురు చున్నాను
లగ్డిన్ నేటి నర్క డెమ్సు యేందంతేర్	పెళ్ళి రోజు రాత్రి పూట డెమ్సు నృత్యము చేస్తారు
మయనల్ యెడ్కితే జరసి తగ్తోర్	మనిషి జ్వరము వలన కొద్దిగ తగ్గినాడు
వోర్ తమ్ముక్ ఆకింగ్ వొమ్సెర్ మంతోర్	ఆయన పొగకూ ఆకులు అమ్ముతున్నాడు
చుడూర్ కాండిన్ కెయ్ పియ్యి తాకుసంతేర్	చిన్న పిల్లలను చేతులు పట్టి నడిపిస్తారు
డంఢారిద్గా వెరత్లీరింగ్ కాల్క్ నొరన్‌సాటి యేర్ తయార్ కీంతేర్	దండారిలో చుట్టాలకు కాళ్ళు కడుగుటకు నీళ్ళు ఉంచుతారు
గల్తి ఆతెకే మాప్ కీం ఇంజేర్ తాడ్వా పియంతేర్	తప్ప అయితే క్షమాపన అడుగుతు గడ్డం పట్టుతారు
బావనోర్ బాబాన్ తాదో ఇంతట్	నాన్న తండ్రిని తాతా అంటాము
కుస్రిత్ గంజ్‌నల్ సుఖుడే తావంతేర్	కూరను గంజునుండి తెడ్డుతో తీస్తారు
పేకింగ్ తిడింజ్‌కనగా నక్- పాలిస్ సోకంతంగ్	అమ్మాయిలు గోరుళకు పెంటు వేసుకుంటారు
తిపూన్‌తే జొన్న, సోయాబిన్ యెదంతేర్	మూడు కాళ్ళ వెలుగడతో జొన్న విత్తునాలు నాటుతారు
కొందనే జొన్న సెన్‌దగా బంతి తిరూసీసి జొన్నంగ్ టెండంతేర్	ఎడ్లను జొన్నచెలిలో కట్టి బంతి తింపుతారు
మర్మిన్గ తిన్వల్ తీర్-తీర్క్నా అటంతేర్	పెండ్లిలో రకరకాలు వంటకాలు చేస్తారు
తుమ్రి మర్రతంగ్ ఆకీనే బీడింగ్, చుటంగ్ కీంతేర్	తునికి ఆకులతో బీడీలు తయారు చేస్తారు
బ్రహ్మన్ (హిందు) యేర్ తుగ్సి తుల్సి మర్రత రోజీ పూజ కీంతేర్	హిందువులు స్నానం చేసి తుల్సి మొక్కను(చెట్టును) రోజు పూజిస్తారు
వేర్ వోన్ పాయన్ సాటి తెగ్తోర్	ఈయన ఆయనను కొట్టడానికి తెగించాడు
నన్న కావడ్ తెరీసేర్ మంతోన్	నేను తలుపు తీస్తున్నాను
ఉంది బాయి వొరోర్ మయ్నల్ బయ్ తెరుస్తేర్	ఒక మనిషి ఒక ఆడ ఆమె చాల కొట్లాడుకున్నారు
సడాయి మొరొల్క్ కస్- కస్ తెరంతేర్	శనగ మొక్కలను తొందర తొందరగా తీస్తారు
వీర్ సమ్దిర్ మర్రత్ పొరొ తెర్గితేర్	వీరందరు చెట్టు పై ఎక్కినారు
దురాడితా నెలేంజ్ తొహ్తా కాండిర్ బొమ్లి కీంతేర్	దురాడి పండుగ చందమామ కనిపించింది పిల్లలు అల్లరి చేస్తారు
తోల- పుడీ ఆతెకే మేందోల్ బయ్ దదూల్క్ వాంత	తోలపుడి అయితే శరీరమంత పొక్కులు అవుతాయి
రాణి రాజాన్ దండోస్ కీంత	రాణి రాజుకు వందనం చేసింది
మర్క మర్రత్ బూడ్ చోకోట్ దడ్మి మందంత	మామిడి చెట్టు క్రింద మంచిగా నీడ ఉంటుంది
నుల్లెంగ్ కస్క్తెకే మేందోల్ బయ్ దడూల్క్ వాంత	దోమలు కుట్టితే శరీరమంత పొక్కులు వస్తాయి
డగూర్ పిర్ వాలెకే ఊస దర్డీ నించీ దాంత	పెద్దవాన పడితే వాగు ఒడ్డు నిండ ప్రవహిస్తుంది
కాపితంగ్ పాస్క్ దవ్రలిక్ మందంతంగ్	నోటు పుస్తకములోని కమ్మలు తెల్లగ ఉంటాయి
మూరన్ దామ్మీనే కుటన్‌గ దోహంతేర్	ఆవులను కుట్టలలో కట్టుతారు
నార్ నాటే దియ్య దోర్నా కోయ బాయిక్ జాస్త దిక్డీంగ్ పోండంతంగ్	ఊళ్ళలో చాల మంది ఆడవాళ్ళు చీరలు కట్టుతారు
బగ్గ దాంతీ? దీరా, నన్న గిర్ వాంతోన్	ఎక్కడికి వెళ్ళుతున్నావు ఆగు నేను కూడ వస్తాను
యెద్దితే దుపార్ దుపారి ఆతెకే సేర్క్ సుట్టి కీంతేర్	వేసవిలో ప్రొద్దు ఎక్కి ఎండెకువైతే మధ్యాహ్నం నాగలి పని విడిచి పెట్టుతారు
రోస్ దులాల్‌తగ ఊకడ్ దొహంతేర్	ఇంటి దూలలకు ఉయ్యాల కట్టుతారు
వడీ, గర్ట్‌వల్, మిడ్చవల్, పిర్, తేన్ ధుందాడ్ ఇంతేర్	ఉరుములు, మెరుపులు వాన, జోరుగా ఉన్న దానిని తుఫాన్ అంటారు
వాప్టుస్ పాక్ కీనెకే ధూరా వాటంతేర్	చేను పంచెటప్పుడు హద్దులు వేస్తారు
నడ్వజ్ గరీతగా దొస్సీ మీన్క్ పియంతేర్	వాన పాములను గాలనికి తగిలించి చేపలు పట్టుతారు
ఇగ్గే బోరే వానిర్, నాసాటి నద్దూర్- కీం	ఇక్కడికి ఎవరైన వస్తారు నా కొరకు కొద్దిగ చూడు
మూర పియ్యత్ నాకంత	ఆవు దూడను నాకు తుంది
పంచమిత్ నేటి సమ్దిర్ నాగ్(నాయుం) తరాస్‌న పూజ కీంతేర్	పంచిమి రోజు అందరు నాగు పామును పూజ చేస్తారు
వాప్లై ఊడ్లే నాయ్‌జౌల్ కాం సీంత	చేను దున్నుటకు నాగలి పనికిస్తుంది
పోరత్ నేటి సమ్దిర్ హన్మంతన్‌గ నారేల్క్ వొహంతేర్	పొలాల పండుగ రోజున అందరు నార్ నీరే అంజనేయుని గుడిలో టెంకాయ కొట్టుతారు
సక్రే సొద్దెడగా తడ్మి నిరూసంతేర్	ప్రొద్దున పొయ్యిలో అగ్గి చేస్తారు
కటూల్ అర్తెకే నితూసంతేర్	మంచం పడితే లేపుతారు
కాండిర్ సెయ్‌కల్కున్ కరూం నిల్సి మంతేర్	పిల్లలు సైకలు ప్రకన నిలబడి ఉన్నారు
పోరత్ నేటి హన్మంతనగా నివోద్ వోంతేర్	పొలాల పండుగ రోజు అంజనేయునికి నైవేద్యము చూపుతారు
వీర్ నలద్గా యేర్ నిహంతేర్	వీరు నల్లా దగ్గర నీళ్ళు నింపుకుంటున్నా రు
కటుడున్ నుల్కాతే సరియంతేర్	మంచంను నుల్కాతో అల్లుతారు
నెయ్ నొడోంజ్ కేడతె చిలల్ మందంత, యేడూంగ్ రంక్ మారీయంత	ఊసిరవెల్లి అడవిలో ఉంటుంది ఏడు రంగులు మారుస్తుంది
కాసూడ్‌సాటీ, డివెత్‌సాటీ నెరోండాన నియ్ తెండంతేర్	ఎడ్ల బండి కొరకు ద్వీపము కొరకు ఆముదము నూనే తీస్తారు
నర్కాక్ నెలేంజ్ ఉండే సుక్కుక్ దిసంతంగ్	రాత్రి పూట చంద్రుడు నక్షత్రలు కనిపిస్తాయి
నెహాలీ కీసి సొత్తోర్	అల్పహారము చేసి వెళ్ళినాడు
చెహ కాస్త మంత, నేహార్ ఉన్	చాయ వేడిగా ఉంది మెల్లగా త్రాగు
సమ్దిర్ కుటుంబాలీర్ ఉంది రోస్ మీరే మాసి నొవోంగ్ కీంతేర్	ఒకే కుటుంబీకులందరు కలిసి క్రొత్త దినుసుల పండుగ చేసి తింటారు
ఇజే మర్మింగ్ అయివన్ నొవ్రాల్ ఇంతేర్	ఇప్పుడు పెళ్ళి అయ్యె అబ్బాయిని పెండ్లి కొడుకు అంటారు
ఇజే మర్నింగ్ ఆయేన్ నొవి ఇంతేర్	ఇప్పుడు పెళ్ళి అయ్యె అమ్మాయిని పెండ్లి కూతురు అంటారు
బుయింత నోడే నోటంతేర్	జనుమలో తాడు అల్లుతారు
జొన్నంగ్ నూసింగ్ ఆతెకే బూడ్ యెద్దితే పగ్రీ కీంతేర్	జొన్నలలో పురుగులు అయితే ఎండ బెట్టుతారు
మర్మిన్‌గ పటాడి పేప్రెంగ్ ఉహ్కంతోర్	పెండ్లిలో ప్రధాన్ వారు సన్నాయి వాయిస్తారు
సాడ కాండిర్ ఆంగ్లే కోస్‌కీసి పట్టా కెరంతేర్	బడి పిల్లలు చొక్క తోపల వేసి బెల్టు వేసుకుంటారు
మరక్, పొదేలంగ్ మనోంగ్, అద్ జాగతున్ పడిద్ ఇంతేర్	చెట్లు, చేమ ఉండని ఆ స్థలమును పడిద్ అంటారు
ఉంది సారిత్ నాలుంగ్ టుక్డైగ్ కీతెకే ఉంది టుక్డైత్ పడెమేన్ ఇంతేర్	ఒక రొట్టెను నాలుగు ముక్కలు చేస్తే ఒక ముక్కను పావు అంటారు
వోన్ బెయే- బాబాల్ సెల్లేర్, అదేన్ లాసి మొమొట్ పత్పార్ కీంతోం	ఆయనకు అమ్మా నాన్నలు లేరు అందుకని మేము అతనిని పెంచుతున్నాము
కాండిర్ కర్స్నెకే కెయ్ ముడ్డుసీసి పన్నె తొహంతేర్	పిల్లలు ఆటలాడు కొనే ముందు చేతిని ముడిచి కండలు చూపుతారు
పరాత్నగ బాయిక్ పిండి పిస్కంతంగ్	పళ్ళెములో ఆడవారు పిండిని పిసుకుతారు
కప్పింగ్ కొట్టె సీపి నూల్ దున్ పల్కే కాత్రీ- కీంతోర్	బట్టలు కుట్టె దర్జి దారమును పళ్ళతో తెంపుతాడు
పాగోటా(పట్కా) దొహ్చి డండారి యేందంతేర్	పట్కా కట్టి దండారి ఎగురుతారు
నాటున్ వొరోర్ పాట్లాల్ మందంతోర్	ఊరికి ఒక్కక్క పటేల్ ఉంటారు
నహ్నే పారేవంగ్ పోస్కీంతేర్	ఊరుళ్ళలో పావురాలను పెంచుతారు
మొడ్డె,మొడ్డల్ బెయేన పాల్ ఉంటేర్	అమ్మాయి, అబ్బాయి తల్లిపాలు త్రాగుతారు
పీని గాలుం పాసోడీ ముచ్చి నర్మంతేర్	చలికాలం గొంగాళి కప్పి పడుకుంటారు
కాండి పేడిన్ పాస్క్తోర్	అబ్బాయి అమ్మయిని అయిష్ట పడ్డాడు
రాగో పింజ్రాత్ రొప్పో మందంత	చిలుక పంజరంలో ఉంటుంది
జొన్న పిండితంగ్ సారింగ్ తుజంతంగ్	జొన్న పిండితో రొట్టెలు చేస్తారు
చుడూర్ డగూర్ సమ్ది పిట్టెన్ పిట్టే- పురాడ్ ఇంతేర్	చిన్న పెద్ద పిట్టెను పిట్ట గువ్వ అంటారు
పంచిమిత్ నేటి లెహెంగ్ పిడుసంతేర్	పంచమి రోజు ప్యాలాలు చేస్తారు
ఖేతి కాం కియ్యలీర్ పియాల్- పోడ్డ్ కాం కీంతేర్	వ్యవసాయ పనులు చేసేవారు దినమంత పని చేస్తారు
నాట్నింగ్ సమ్ది చుడూర్ డగూర్ ఢోర్వలికున్ (జన్వర్‌తున్) పియాంగ్- కాల్క్ ఇంతేర్	ఊరిలోని చిన్న పెద్ద జంతువుల, తెగదూడలు అంటారు
ఆకాడి తల్ కార్తి వేరి పిర్- గాలుం ఇంతేర్	ఆకాడి నుండి కార్తి మాసం వరకు వర్షకాలం అంటారు
వదూర్సెర్ మన్వన్ పిస్సాల్ ఇంతేర్	బాగా వాగే వానిని పిచ్చోడు అంటారు
అంబడిత నియ్ తెండ్తెకే పీచీ పెసియంత	అంబలి యొక్క నూనే తీస్తే పీచు వెలుతుంది
పీరి మూరంగ్ కొందన్ వాట్లే కాం సీంత	వరి గడ్డి ఎడ్లకు వెయుటకు పనికి వస్తుంది
బాయి హెర్మిత పాల్ పీర్సేర్ మంత	అక్క బర్రె పాలు తీస్తుంది
పేకింగ్ తల్లద వేనిద్గా పుజార్ దొసంతంగ్	ఆడ పిల్లలు జడలలో పూలు పెట్టుతారు
పిర్ గాలుం మూరంగ్ పుడితెకే పుడ్క్ ఆంతంగ్	వర్ష కాలం జంతువులకు పుండ్లు అయితే పురుగులు పడుతాయి
పుత్తిత్గ గూడంగ్ కీసి హుద్రి మందంత	పుట్టలలో చెదలు ఉంటాయి
తొల్లెత జమానాతే పుర్కాతే యేర్ ఉండీర్	పూర్వపు కాలంలో పుర్యా పెరేక్ పుర్కా చేదుబుర్రాతో తయారు చేసిన దానితో నీరు త్రాగేవారు
పుర్కింగ్ పేకినింగ్ తల్లనగ జాద మందంతంగ్	పేలు ఆడపిల్లల తలలో ఎక్కువగ ఉంటాయి
ఇవ్ లూన పూడ్సేర్ మంతంగ్	వీరు లూన నడుపు తున్నారు
కాపుస్ పెడే వాప్టె ఉర్సంతేర్	పత్తి గింజలు చేనులో నాటుతారు
పెత్తెంగ్ సాకుడ్గా ఆంతంగ్	చీమలు చక్కెరలో అవుతాయి
కటెంగ్ తడ్మిద్‌గా యెదన్‌సాటి పెయుసంతేర్	కట్టెలను మండుటకు పొయ్యిలో పెట్టుతారు
కేరె పండి తింజీ పొట్ పెక్కి కీంతేర్	అరటి పండు తిని తొక్క పారెస్తారు
గాటో అటన్ సాటి సొద్దెడగా తడ్మి పొతూసంతేర్	అన్నము వండుటకు పొయ్యిలో అగ్గి చేస్తారు
మిమెట్ సమ్దిర్ ఇగ్గే సక్రే పోంచే- మాయన	మీరందరు ఇక్కడ ప్రొద్దునే చేరుకోవాలి
ఉండారిత్ సమ్దిర్ దోత్రెంగ్ పోండ్సి యేందంతేర్	దండారిలో అందరు ధోవతులు కట్టి నృత్యం చేస్తారు
కుహిత యేర్ నించీ పోజంత	బావిలో నీరు నిండి పొంగి పొర్లుతుంది
నొవ్రిన్‌గా నొవ్రాల్ పోతి దొహంతోర్	వరుడు వధువు మెడలో మంగళ సూత్రం కట్టుతాడు
పోనడ్ పిట్టెంగ్ కేడతె మందంతంగ్	గువ్వ రకపు పక్షులు అడివిలో ఉంటాయి
మర్క మర్రా సాదన్ సాటి పోయంత	మామిడి చెట్టు కాయలు కాసుటకు పూలు పూస్తుంది
బయ్‌కొన బెయే నాక్ పోరాడ్ ఆంతా	భార్య తల్లి నాకు అత్త అవుతుంది
కాండి చేండు ఫేకీ- కీసేర్ మంతోర్	అబ్బాయి బంతిని విసురు తున్నారు
నావ తయ్లా బస్నగ బద్దే మాత	నా సంచి బస్సులో మారిపోయినది
బస్కే-బస్కే మా నాటే సూడ్లే దాంతోన్	అప్పుడప్పుడు మా ఊరు చూడడానికి వెళ్తాను
పండింగ్ కొయన్ సాటి కాంతీ బాగీ- కీంతోర్	పండ్లు తెంచడానికి కొమ్మాను వంచుతాడు See: వరుస్-
బార్చితే కటూల్ టావంగ్ చెక్కంతేర్	బాడిశతో మంచం కొళ్ళు చెక్కుతారు
బుడ్డింగ్ కుమ్మల్ కీంతోర్	కుండలు కుమ్మరి చేస్తాడు
బుయిత నోడే నోటంతేర్	జనుమలో తాడు అల్లుతారు
యెడ్జ్(ఎడ్జ్) బుర్సాల్ మందంత	ఎలుగుబంటి వెంట్రుకలతో ఉంటుంది
టేబుల్త్ బూడ్ పుస్తక్ మంత	బల్ల క్రింద పుస్తకము ఉన్నది
మాత్రల్ బెడ్డే (బయ్దా) ఉహ్చేర్ తాకంతోర్	ముసలివాడు కట్టే సహాయముతో నడుస్తారు
బెయే- బాబాల్ మాకున్ జన్మ సీతేర్	అమ్మా నాన్న మాకు జన్మానిచ్చారు
కొహ్కా పెడేత నియ్ తోల్దున్ బొక్కంత	జీడిగింజ నూనే అంటుతే పొక్కుల వస్తాయి
హిందు బాయిక్ దాదలిర్ బొట్ కెరంతేర్	హిందువులు, పురుషులు, స్త్రీలు, బొట్టు పెట్టు కుంటారు
మర్మిన్గ నొవ్రి, నొవ్రాల్ ఉదన్సాటి బొవ్ల వాటంతంగ్	పెండ్లిలో వధు, వరులు కూర్చోవడానికి గద్దెలు వేస్తారు
పటాడి, తోయ్టల్ బోంగా ఉహ్కంతేర్	ప్రధాన్, తోటి, సన్నాయి వాయిస్తారు
పీని గాలుం బోంతా ముచంతేర్	చలికాలం బొంతలు కప్పకుంటారు
మొడ్డె మొడ్డన మొడ్ అర్తెకే బోడీ కీంతేర్	అమ్మాయి, అబ్బాయి, బొడ్డు ఊడిన తరువాత వెంట్రుకలు తీస్తారు
డగూర్ భేమారి వాతెకే భక్తల్ చొకొట్ కీంతోర్	పెద్ద రోగము వస్తే పూజారి మంచిగ చేస్తాడు
తడయితే మీన్కి పియ్‌నెకే మీన్కి బయ్ భిసూడ్కంతంగ్	చెరువులో చేపలు పట్టెటప్పుడు చాల చేపలు తప్పించు కుంటాయి
సట్టి మహినా భీమాల్ పేన్ద పూజ కీంతేర్	మార్గశిర మాసమందు భీమ్ దేవుని పూజ చేస్తారు
నహ్కునే బాయిక్ మయన్లిర్ భూతీ కాం కియై దుస్త్రో నాటే దాంతేర్	ఊళ్ళలోని ఆడవారు,మొగవారు కూళిపని కొరకు వేరే ఊరికి వెళ్ళుతారు
డగూర్ కేడతె సొన్జి సరి భూలే- మాతోర్	పెద్ద అడవిలోకి వెళ్ళి త్రోవ మరిచి పోయాడు
కేడ గొర్రెత్ (గొహ్లాడున్) భేడ్కీ ఇంతేర్	అడవి బజ్జె పోతును భేడ్కీ అంటారు
ఊచ్ ఢెండేన భేలీ కీంతేర్	చెఱుకు గడ్డ నుండి బెల్లం తీస్తారు
కమ్మ భోడాల్ మందంత	పసుపు పసుపు పచ్చగ ఉంటుంది
గొర్రెంగ్ వాలీర్ బయ్ వెల్లె మందాంగ్ గొర్రెంగ్ తరంతేర్	గొళ్ళవారు ఎక్కువ గొఱ్ఱాల మందలను తెస్తారు
పీని గాలుం నర్కక్ బయ్ మచ్ అరంతా	చలికాలం రాత్రి పూట చాల మంచు కురుస్తూంది
భక్తల్ నాక్ ఇద్ భేమారిత మత్ సీకా ఇత్తోర్	పూజారి నాకు ఈ రోగం మందు ఇస్తను అని అన్నారు
నన్న రోస్ కొత్తంగ్ మరుంగ్సి వాతోన్	నేను డబ్బులు ఇంటికి వద్ద మరిచి వచ్చాను
వోర్ హొక్కె మరూం బతల్ కీసేర్ మంతోర్	ఆయన కనిపించకుండా ఏం చేస్తున్నాడు
తొల్లెత జమానాతే సాడ వెహ్వన్ మస్తరల్ ఇందిర్	పూర్వపు కాలం యందు బడి చెప్పె ఆచార్యుని మస్తరల్ అనే వారు
మాంజా పుడీ నర్కక్ మిడ్చంత	మినుగురు పురుగు రాత్రి వేళ్ళలో మెరుస్తుంది
మాద్గీ మూరంగ్ సాతెకే మూరన తోల్ తెండంతోర్	మాదిగ జంతువులు చస్తే తోలు తోస్తాడు
నొవ్వి ఆతెకే కెయ్దగ మాయ్టు కెరుసీంతంగ్	పెళ్ళి కూతురుకు చేయికి కడియాలు తొడిగిస్తారు
ఊర్ నాకున్ మారుసీసేర్ మంతేర్	వారు నన్ను హేళన చేస్తున్నారు
మావ్క్ డగూర్ కేడతె మందంతంగ్	దుప్పలు అడవిలో ఉంటాయి
మాసూల్ తరాస్ జన్వర్‌తున్ ఆవ్రీ కీసి జక్సీ తింతా	కొండ చిలువ జంతువులను పట్టి చంపి తింటది
యెడ్కి వాతెకే గోలింగ్ మింగంతేర్	జ్వరము వస్తే గోళీలు వేసుకుంటారు
పూన రోస్ నెంగ్నెకే మిచ్చుక్- ముచ్చుక్ అయ్యలీర్ లైట్క్ దొహంతేర్	నూతన గృహప్రవేశం చేసెటప్పుడు చిన్న విద్యుత్ దీపలు ఇల్లుకు కట్టుకుంటారు
లక్ష్మి పూజత్ నేటి పియ్యంగ్ కాల్‌కున్ అక్సీదాంగ్ మిటుసంతేర్	లక్ష్మి పూజ రోజు ఆవుల కాళ్ళకు అక్షింతాలు వేస్తారు
బెయే బాబాల్ తమ్వ పేడిన్ మియాడ్ ఇంతేర్	అమ్మా నాన్నలు వారి కూతురులను చిన్నారులు అంటారు
బోరే ఆయి సాతెకే డొడ్డొ కాచ్చి మిసంతేర్	ఎవరైన చనిపోతే బొంద తవ్వి పాతి పెట్టుతారు
మయ్నల్ రోత్సాటి చిమిట్ మిస్డీ- కీంతోర్	మనిషి ఇల్లు కట్టుటకు సిమెంట్ కలుపుతున్నాడు
పేకింగ్ డబ్లంగ్ కర్సన్ సాటి పొద్దింగ్ పొద్దింగ్ మీరి- కీంతంగ్	ఆడపిల్లలు ఆటాలాడెప్పుడు ఆవు పేడ కుప్పలలో డబ్బాలు జమ చేస్తారు
మాతరిక్ ముకేరింగ్ మొసొక్‌నగ కెరంతంగ్	ముసలి ఆడవారు ముక్కుకు ముక్కెర తొడుగుతారు
ముగూస్ తరాసున్ తన్వ తొడ్డె టుక్లైంగ్ కీంత	ముంగీస పామును తననోటితో ముక్కలు చేస్తుంది
నర్కక్ సమ్దిర్ ముచ్చి నర్మంతేర్	రాత్రి పూట అందరు బట్టలు కప్పి పడుకుంటారు
నీ ముచ్చుక్ మొమొట్ సొన్నొం	నీ తప్ప మేము వెళ్ళలేము
మాత్రలీర్ నర్కక్ నరుమ్నెకే ముడీయంతేర్	ముసలివారు నిద్రపోయెటప్పుడు బుర్లు గొట్టుతారు
నొవ్రి నొవ్రాల్ మర్మంగ్ ఆతెకే హాటుమ్నె బొట్టనగ ముద్దంగ్ కెర్రె దాంతేర్	వధువు, వరుడు పెండ్లి అయ్యాక అంగడికి వెళ్ళి ఉంగరములు తొడుగుతారు
రండ్ మూంద్ దియంగ్ దుమ్ పిర్వాతెకే తాన్ ముసూర్ ఇంతేర్	రెండు మూడు రోజులు ఒకే మాదిరిగ వర్షం వస్తే దానిని ముసూర్ అంటారు
కాపుస్, జొన్నద్గ డవ్రా పానెకే కొందన్‌గా ముస్కేంగ్ దొహంతేర్	చేలలో గుంటుకు కొట్టెట్టప్పుడు ఎడ్లు ముఖులకు తొడుగు తొడిగిస్తారు
చుడూర్ మనెక్డాల్ వడ్కా వాయొ వోస్ మూకాల్ ఇంతేర్	చిన్నగున్నప్పటి నుండి మాట్లాడరాని అతనిని మూగ అంటారు
నన్న కొత్త ఇగెన్ ఇర్సి, బేకె మెయాడ్ ఆయర్?	నేను డబ్బులు ఇక్కడె ఉంచాను ఎటు మాయం అయినవి
మర్సక్, బార్చింగ్, కీక్రంగ్ మెసెల్- బండాద్గ మెసియంతేర్	గొడ్డలి, బాడిశ, ఉల్లి నూరడనికి బండ పై రాకుతారు
సోయాబిన్ పూర్తకే జల్ది మొడోకాంగ్ వాంతంగ్	సోయబీన్ నానితే తొందరగా మొలకెత్తు తుంది
చుట్టా ఆకినంగ్ కట్టంగ్ మొరోస్ వేలినే దొహంతేర్	తునికి ఆకులను తీగలతో కట్టలు కటుతారు
సెర్కా పెడెక్‌నంగ్ యెంజెంగ్ కొహ్కీసి తింతేర్	మొర్రి పండ్లను పగుల గొట్టి సారాపలుకులు తింటారు
బాయిక్ యేంచెర్ మంతంగ్	స్త్రీ, నృత్యం చేస్తున్నారు
రోజు-రోజు రెయ్సెర్ మంతోర్ బారి ఇత్తెకే వోర్ యెడ్కితే మంతోర్	రోజు రోజుకు తగ్గుతున్నాడు ఎందుకంటే జ్వరముతో ఉన్నాడు
సక్రే పోడ్డ్ పెసితెకే యెద్ది వాంత	ఉదయం అయితే ఎండ వస్తుంది
యెద్ది-గాలుం సకెడల్ ఫోడ్‌సొనల్ బయ్ యెద్ది తెరంత	వేసవి కాలంలో ఉదయం నుండి సాయంత్రం వరకు చాల వేడిగ ఉంటుంది
సాతకే యేమ్కి జీవత్ వోయ్లా వాంతేర్	మరణించిన తరువాత యముడు ప్రాణము తీసుకెళ్ళడానికి వస్తాడు
యేనీ తన్వ సోండుమ్నే కాండిర్క్ యేర్ మిహంత	ఏనుగు తన తోండంతో పిల్లల పై నీరు జల్లుతుంది
ఇప్ కస్లసే యేర్ తచ్చేర్ మంతంగ్	వీరు చిన్న బిందెలతో నీళ్ళు తెస్తున్నారు
రోత్ మున్నెత జాగత్ రచ్చా ఇంతేర్	ఇంటిలో ముందు స్థలాన్ని వాకిలి అంటారు
ఇద్ నాట్నల్ సొన్జి అద్ నాటే హానే రహే- మాతోం	ఈ ఊరి నుండి వెళ్ళి ఆ ఊరిలో అలాగె ఉండిపోయము
రాగో పంచంగం టెండంత	చిలుక పంచాంగం చూపిస్తూంది
రాన్‌జీ బయ్ కాం వాంత	వెదురు చాల పనికి వస్తుంది
రాయాలిక్ మూర సాతెకే తిన్లె వాంతంగ్	జంతువులు చనిపోతే రాబందూవులు తినడానికి వస్తాయి
ఇంకే దహ రుప్యన ఉంది కొత్త వాత	ప్రస్తుతము 10 రూపాల విలువ గల ఒక పైస అయ్యింది
రుమ్న పియ్సి సేర్ పాంతేర్	రుమ్మన పట్టి అరక దున్నుతారు
వెల్లె యేతగ రూకాతె దాంతేర్	లోతైన నీటిలో పడవతో ప్రయాణము చేస్తారు
కెటెం పియ్యి గుట్ట రెయ్‌తంగ్	కట్టెలు పట్టుకొని గుట్ట దిగుతారు
మూరంగ్, హెర్మింగ్, గొర్రెంగ్ సమ్ది రొహ్క- పాంతంగ్	ఆవులు, బజ్జెలు, గొర్రెలు అని జంతువులు నెమరు వేస్తాయి
మిర్చ వాటీ కియై రోకాల్ కాం సీంత	కారం నూరిటకు రోకలి పనికి వస్తుంది
బాయిక్ మీన్స్కి పియన్‌సాటి లవ్డితే యేర్ రోస్కంతంగ్	మహిలలు(స్త్రీ) చేపలు పట్టడానికి వాగు నీళ్ళను తోడుతారు
కొత్తంగ్ తచ్చి మలుసి సియ్యెకే వోన్ లంగాల్ ఇంతేర్	రూపాలు తీసుకొని తిరిగి ఇవ్వని వారిని చెడ్డ వాడు అంటారు
నొవ్రి నొవ్రాన్ భేటి కీసి లగ్నింగ్ చెహంతేర్	పెండ్లి కూతురు, పెండ్లి పిల్లవాడు కలిపి పెళ్ళిలో అక్షింతాలు చల్లుతారు
లసూన్ కుస్రితగ వాటంతేర్	ఉల్లి పాయాలు కూరలో వేస్తారు
బెయే బాబాల్ చుడూక్ కాండర్-పేకిన్ బయ్ లాడ్- కీంతేర్	అమ్మా నాన్నలు చిన్న పిల్లలను చాల ప్రేమిస్తారు
జొన్నత్ పిట్టెం తింతంగ్ ఇంజేర్, వాట్టె మూలంగ్, మూలంగ్, సుమ్కెని లిక్డీంగ్ దొహంతేర్	జొన్న పంటల రక్షణ కొరకు చేను మూల మూలలో కట్టే గంటలు కట్టుతారు
లెండాల్ మయ్‌నల్ కాం కియై సొన్నోర్	సోమరి మనిషి పనిచేయుటకు వెళ్లడు
చుడూక్ కాండర్ పేకింగ్ లంగ్ తాక్లే లెండాల్ ఆంతేర్	చిన్న పిల్లలు దూరం నడవడానికి మొండికేస్తారు
వేర్ చిట్టీ లెహి కీసేర్ మంతోర్	ఈయన ఉత్తరం వ్రాస్తున్నాడు
తాన చొకోట్ లేంగ్ మంత, పాట వారంత	ఆమె రాగం మంచిగా ఉంది పాట పాడుతుంది
లేండీ మర్రతంగ్ పండింగ్ కారిక్ మందంతంగ్	అల్ల నేరడి పండ్లు నల్లగా ఉంటాయి
వోన్ భేమారి మంత అదేన్‌సాటి వోనింగ్ కొన్రింగ్ లొటోస్-సొత్తంగ్	ఆయనకు రోగం ఉంది అందుకని ఆయన చెంపలు లోనికి వెళ్ళిన్నాయి
కాపుస్ కుటంగ్ టెండ్లె వకూర్ కాం సీంత	పత్తి చెట్లను తీసివేయుటకు గుంటుకు పనికి వస్తుంది
కాండిర్ వరోస్ వరోర్ వట్టా వాంతేర్	పిల్లలు ఒకరి జోలికి ఒకరు వస్తున్నారు
బహ్రి కప్డింగ్ వల్లె మంతంగ్, వత్తెకే రొప్పో తచ్చి ఇరా	బయట బట్టలు ఆరడానికి ఉన్నాయి ఆరాక ఇంట్లో తెచ్చి ఉంచు
కెటెం తరసొటి గుట్ట వర్తంగ్	కట్టెలు తేవడానికి గుట్ట ఎక్కరు
మూర పియ్య వహ్తా	ఆవు దూడకు జన్మ నిచ్చింది
యేర్ తర్వల్ బిందే గద్ది అర్త వాజంత	నీరు తెచ్చు చర్చి రంద్రం అయ్యింది నీరు కారుతుంది
సాడ కాండిర్ పేకింగ్ నర్కాక్ పుస్తక్ వాచీ- కీంతేర్	బడి పిల్లలందరు రాత్రి పూట పుస్తకాలు చదువుతారు
సాపంగ్-మిర్చంగ్ వాడీతే ఉర్వంతేర్	వంకాయలు, మిర్చి, తోటలో పండిస్తారు
వీర్ వాడిర్ టేబుల్ కీసేర్ మంతేర్	వీరు వడ్రంగి వారు టేబుల్ చేస్తున్నారు
పేర్ పాట వార్‌తోర్	ఈయన పాట పాడినాడు
సేర్ పుహ్లా వార్తీ కాం సీంత	వార్న తాడు అర్కకు పనికి వస్తుంది
రోతగ ఆడేతల్ వాసింగ్ బూడ్ పట్టి యెవ్నల్ వాంతంగ్	ఎనీగర కట్టే నుండి క్రింది పట్టే వరకు వాసాలు వస్తాయి
వోర్ పుజడా వాస్ యేచ్చెర్ మంతోర్	అతను పువ్వు వాసన చూస్తున్నాడు
పిర్ గాలుం సమ్దిర్ ఖేతి దారలీర్ వాప్లై విజ్ఞా వాటంతేర్	వర్ష కాలంలో వ్యవసాయ దారులు అందరు విత్తనాలు వేస్తారు
మందిర్తగ నివోద్ విదుర్సీ రోస్ వాసి గాటో తింతేర్	గుడిలలో నైవేద్యము చూపి ఇంటికి వచ్చి తింటారు
జొన్న సెన్‌దున్ ఖడాద్గా కొందన్‌తోడో విసంతేర్	జొన్న పంట కల్లలను ఎడ్ల బంతి కట్టుతారు
కట్టె నిరుత పెజ్జె తాన్ విస్కూడ్ ఇంతేర్	కట్టే కాలిన తరువాత దానిని విస్కూడ్ కట్టే అంటారు
వీడా- ఆకి తిత్తేకే టొడ్డి రగ్గాల్ అంతా	తమలపాకు తింటే నోరు ఎర్ర బడుతుంది
కాసుడ ఆస్కుడ్ వీస్తా	ఎడ్ల బండి ఇర్సు అరిగి పోయింది
మర్రతగ పండిన్ సాటి తెర్గతా పెజ్జె కొడ్డితంగ్ విస్కంతేర్	చెట్టును పండ్లు కొరకు కొమ్మలను వంచుతారు
వడ్కలే అని సవ్వాద్ సూడ్లే వెంజేర్ కాం సీంత	మాట్లాడుటకు, రుచికి నాలుక పనిచేస్తుంది
చచ్చోయ్ యేంద్నెకే వెట్టే పాంతేర్	చచ్చోయ్ నృత్యం చేసెటప్పుడు(వెట్టే) అనే సంగీత సాధనం వాయిస్తారు
వెద్దుక్నంగ్ కోడంగ్ తాకంతేర్	వెదురు కట్టెలను గుర్రలు చేసి నడుస్తారు
హాటుం వయ్యే కీమ్ట్, రోస్ వయ్యే దాకట్	అంగడి(బజారు) తొందరగా చేయండి ఇంటికి వెళ్లుదాం
వోర్ బయ్ వెరే కొండల్, అగ్గ సొన్నోర్	ఆయనకు భయమెక్కువ అతను అక్కడికి వెళ్ళడు
జామ్ పండింగ్ తిన్లె కాండర్ రోజీ వాంతేర్, ఊర్క్ వెరే- కీయలాగర్	జామ పండ్లు తినడానికి పిల్లలు రోజు వస్తారు వారిని బయపెట్టవలెను
మా రోన్ వెర్టల్ వాతోర్	మా ఇంటికి చుట్టము వచ్చినారు
వీర్ కురత్ డహ్టింగ్ వాటంతేర్	వీరు ఎద్దు కంకకు వాతాలు పెట్టుతారు
గుసాడీర్ లాసున్ నేటి తడ్మిత్‌గ కైసర్ కోలా నిరుసీసి సమ్దిర్క్ గోటిద్గా వెర్సంతేర్	గుస్సాడి వారు లక్ష్మి పూజ రోజు చీపురు కట్ట పుల్లను అగ్గిలో పెట్టి అందరిని కలుస్తారు
మూరింగ్ సేంగ్వక్ రోత్ బొప్తల్ వెలూం కీంతేర్	జంతువులు రాకుండ ఇంటి చుట్టు కంచే చేస్తారు
మక్కెంగ్ చొకొట్ వెయూస్‌తేర్	మక్కలు మంచిగా కాల్చినారు
కాసుడ ఘరెత్ కచ్చిత వేట్ మందంత	ఎడ్ల బండి చక్రనికి ఇనుప కమ్ము ఉంటుంది
వేడద్గ మక్కెంగ్ యెదంతేర్	పెరడిలో మొక్కజొన్న వేస్తారు
ఫోడ్షనల్ వేడ్చీ వాంత	ప్రొద్దున సూర్యుని వెలుతురు వస్తుంది
కటుడ్‌గా వెల్లేటీర్ ఉత్తేకే నోడే వొదాల్- ఆంతా	మంచంలో ఎక్కువ మంది కూర్చుంటే నుల్కా వదులు అవుతుంది
రోత్ మున్నె వోస్త్రిత జాగత్ వోటా ఇంతేర్	ఇంటి ముందు ఉన్న పలమును అరుగు అంటారు
కొర్రింగ్ కొయ్సి కుస్రి అటన్ సాటి వోడూ- సీంతేర్	చిక్కుడు కాయలు వండుటకు విరగొట్టుతారు
వర్ వత్తంగ్ మీన్క్ వొమ్సెర్ మంతోర్	ఆయన ఎండుచాపలు అమ్ముతున్నాడు
పుగాతూన్ బయ్ ఉహ్కీసీ వొహొర్	గాలి బుగ్గను బాగా ఊది పగుల గొట్టినారు
ఉంది కెయ్దే సామన్ లంగ్ వోయన ఇత్తెకే బయ్ సంజంత	ఒక చేతితో వస్తువులు దూరం తీసుకెళ్ళాలంటే చాల ఇబ్బందిగా ఉంటుంది
సగూడ్ సాటి నొచ్చిన రోన్ సారింగ్ పియ్య దాంతేర్	అల్లు కొరకు పెండ్లి కూతురు ఇంటికి రొట్టెలు తీసుక పోతారు
పడ్సాంగ్ ఆతెకే బయ్ సగూర్స్క్ వాంతంగ్	జలబు అయితే తుమ్ములు వస్తాయి
మండద్గా డెరిన్‌గ సడంగ్ వాటంతేర్	పందిరిలో గుంజల పైన వాసాలు వేస్తారు
సడాపి యేతగ మిసిడి కీసి రప్పతే సడా వాటంతంగ్	ఆవు పేడ నీటిలో కలిపి కల్లపి చల్లుతారు
యెద్ది గాలుం మర్రక్నంగ్ పాలంగ్ సడే- మాంతంగ్	వేసవి కాలంలో చెట్ల ఆకులు రాలుతాయి
పుజార్క టొక్లింగ్ సరియంతేర్	కొలాములు, గుల్లలు తయారు చేస్తారు
సాతోర్ మయన్ తడ్మి లావి కీంతేర్ అదేన్ సరూన్ ఇంతేర్	చనిపోయిన
గాటో ఆయి కుస్రి ఆయి యెద్ది గాలుం వెయ్నె సవంతా	అన్నము కాని, కూర కాని ఎండలంలో తొందరగానే పాసి పోతుంది
జేవుంతగ ఉంది ఉంది సవ్వి వహ్ది కీతేర్	విందు భోజనములో ఒక్కొక్క మాంసం ముక్క వడ్డించారు
లైలొన్ నోడే బయ్ సాంగంత	నైలోన్ తాడు బాగా సాగుతుంది
వాట్టె తేరియా వేలి హిక్కె-హక్కె సాంగంత	చేనులో దోస కాయ తీగ ఇటు అటు సాగుతుంది
హెర్మింగ్ సాక్రిస్నే దొహంతేర్	బజ్జెలను గొలుసులతో కట్టుతారు
కాండిర్ పేకింగ్ కరియన్ సాటి నార్ నాటే సాడ మంత	బాలురు, బాలికలు, చదువుకోవడానికి ఊళ్ళలో పాఠశాలలున్నాయి
వొమన్ సాటి హాటుమ్నే సాపంగ్- మిర్చంగ్ తరంతేర్	అంగడిలో అమ్మడానికి వంకాయలు, మిరపకాయలు తెస్తారు
చెపుల్క్ కెర్వకే కాల్కున్ సాప్స్క గండంతంగ్	చెప్పులు వేసుకుకోక పోతే పాదలకి ముల్లు గ్రుచ్చుకుంటాయి
సాలే మర్రత మర్మిన్‌గ ముండా ఖోడా కీంతేర్	అందుస చెట్టు కట్టెతో పెళ్ళి పీటలు చేస్తారు
తొల్లెలత జమానాతే సాలేవాడాల్ కప్పింగ్ కీందుర్	పాత కాలంతో సాలేవారు బట్టలు చేసేవారు
గుజ్రాత్‌నంగ్ బాయిక్ బయ్ సింగార్ కెయ్కనగ కొహ్కుసీంతంగ్	గుజారతి ఆడవాళ్ళు చేతుల పై ఎక్కువ చుక్క బొట్లు వేసుకుంటాయి
బేరెంగ్ టెండ్నెకే కెయ్కనగ సిందేక్ దాంతంగ్	సంరాలు తీసిటప్పుడు చేతులకు గ్రుచ్చుకుంటుంది
నర్కక్ కరంట్ సొత్తెకే సికాటి ఆంతా	రాత్రి వేళ్ళలో(విద్యుత్) కరెంట్ పోతే చీకటి అవుతుంది
జొన్నంగ్ సిబ్బిత్గ నిహ్చి ఇరంతేర్	జొన్నలు గుమ్మిలలో నింపి ఉంచుతారు
వెల్లె జేల్ ఉత్తకే కాల్క్ సిరుం సాంతంగ్	చాల సేపు కూర్చుంటే కాలకు తిమ్మిరి ఎక్కుతాయి
వాప్లై సిర్ముట్ పెన్‌సిన్ తార్ పాసి మంత	చేను చుట్టు ఫెనిషింగ్ కంచే చేసి ఉంది
కోందంగ్ పుహన్ సాటి జువ్వతగ సివోడంగ్ వాటంతేర్	ఎడ్లను నడుపుటకు బండికి జాత్తెలు వేస్తారు
కప్డింగ్ కొటంతోర్ వోన్ సీపి ఇంతేర్	బట్టలు కుట్టె వారిని దర్జి అంటారు
కాండిర్- పేకింగ్ ఊర సాడత్ సియేర్ మంతేర్	అబ్బాయిలు, అమ్మయిలు వారి యొక్క బడిని ఊడుస్తున్నారు
మరకనంగ్ సీర్క్ బొమ్మిత్ బూడ్ దాంతంగ్	చెట్టు వేర్లు భూమిలోపలికి వెళ్ళుతాయి
పుర్కి సీర్ తల్లదగ మందంతంగ్	పేలు తలలో ఉంటాయి
కాస్త కుస్రి సుక్కూడె తావంతేర్	వేడి కూరను తెడ్డుతో తీస్తారు
పెర్సా పేన్దగ సుజారాంగ్(హెర్రేంగ్ ఆయి, హెర్మింగ్ ఆయి) పాంతేర్	పెద్ద దేవుని దగ్గర జంతు బల్లలు ఇస్తారు
సుర్వేంగ్ పుత్తిన్‌గ, మర్రక్‌నంగ్ డోబ్రన్‌గ దొసంతంగ్	తేనే పుట్టలలో, చెట్ల తొర్రలలో పెట్టుతుంది
సులూడీ క్రిష్ణన కెయ్దే మందంత	పిల్లలన గ్రోవి కృష్ణుణి చేతిలో ఉంటుంది
వీర్ పూటుంగ్ సూడ్సేర్ మంతేర్	వీరు ఫోటోలు చూస్తూన్నారు
వాట్ట జాడి యెహన్ సాటి సెటేడ్ కాం సీంత	చేనులోని గడ్డి కోయుటకు కొడవలి పని చేస్తుంది
జొన్న సెన్ మియంత	జొన్న చేను పంటతో కళకల లాడుతుంది
యెద్ది గాలుం కాల్క్ వేంతంగ్ ఇంజేర్ సెర్పూంక్ కెరంతేర్	వేసవిలో కాళ్ళు కాలుతాయి అని చెప్పులు తొడుగుతారు
సెర్కా మర్రతగ బయ్ సెవ్వేర్ పెసియంత	బంక చెట్టుకు చాల బంక వెళ్ళుతుంది
సేతితే పెరేక్ తెహ్చంతంగ్	చాట తో బియ్యము చెరుగుతారు
సేరీ తరాస్ మయన్ సూడ్తేకే బయ్ సొడియంత	జెర్రిపోతు పాము మనుషులను చూస్తే పరుగులు తీస్తుంది
బాయిక్ సేవ్యంగ్ కీసేర్ మంతంగ్	స్త్రీ, సేమియాలు చేస్తున్నారు
ముద్దంగ్, చయిస్క్, పుస్తెంగ్, కీంతోర్ వోన్ సొనారాల్ ఇంతేర్	మట్టెలు, గోలుసులు, చేసే వారిని ఔసాలోడు అంటారు
అద్ సాడతే సొంజేర్మంత	ఆమె బడికి వెళ్ళుచున్నది
సోంచీతాల్ కేడతె మందంత	చిరుత పులి అడవిలో ఉంటుంది
జాగ్గి సొన్నెకే సోటా పియ్సి దాంతేర్	చేను కావలి వెళ్ళెవారు దుడ్డు కర్ర పట్టే వెళ్ళుతారు
నాక్ సోప్తి నిమ్మె అగయెన్నల్ వా	నాకు అందక తోడుగ వస్తావా
మల్ బయ్ సోబాతా మంత	నెమలి చాల అందంగా ఉంది
నిన్నే సెల్లే హనట్- నేటి సార్ వాసి	నిన్న కాక మొన్న ఆచార్యుడు వచ్చి ఉండెను
హిరుక్ మర్రా హిరుక్ అర్సి మర్ల ఘరంగ్ సాదంత	ఇప్ప చెట్టు ఇప్పపూలు తరావాత ఇప్పకాయాలు కాస్తుంది
కోళ్ల వాతెకే హిరోడా కాయన తోల్ తింతేర్	దగ్గు అయితే కరక్కాయ కాయ తోలు తింటారు
యెద్ది గాలుం యేతగ మీడ్సి హెర్మింగ్ మందంతంగ్	వేసవి కాలంలో నీటిలో బర్రెలు పడుకుంటాయి
