Gondi Word	Hindi Meaning	Telugu Meaning
अक्‍कल	अक्‍कल	తెల్వీ
अक्‍कल	बड़ी बहन	అక్క
अक्‍सरम	अक्षर	అక్షరము
अगटाल	वहां से	అక్కడనుండి
अगाटोर	वहाँ के	
अंगी	कमीज	అంగి; చొక్క
अंगी नांदमड़	शर्ट भीगना	చొక్క తడవడము
अंगे	भाभी	వదిన
अग्गा	वहां	అక్కడ
अगाटोर	वहाँ के	
अग्‍गि डब्‍बा	आगपेटी	అగ్గి పెట్టె
अग्‍गि डब्‍बा गीसा	आग लगाना	
अग्‍गि पुल्‍ला	तीलि	
अचवेल्‍ले	उतना ज्यादा	
अचानक	अचानक	అకస్మితుగ
अंचू	गोट	అంచు
अंचे	टोकरी	చిన్న గంప
अच्चोर	उतना	అంత
अच्चोर लोप्पो	उतना अंदर	
अच्चोर लोप्पो	उतना अंदर	
अच्‍हमड़	अंगुठा लगाना	
अच्‍हुडु	दबाना	అద్ముట
अंटकुन्‍मड	चिपकना	అంటుకొవటము
अंटावाटमड	जोड़ना	అంటపెట్టటము
अंटोर्कना सिन्नोड़	सबसे छोटा	అందరికన్న చిన్నవాడు
अट्‍कु	अटारी	అటుకు
अंट्‍कुल्‍क	बाकी	అంట్లు
अट्टना अर्रा	रसोई	వంటగది
अट्टाना एर	पकाने के पानी	
अट्टुडु	पकाना	వండుట
अट्वल रोन		వంటశాల
काच्‍हुता एर	उबला हूआ पानी	
अट्टाना एर	पकाने के पानी	
अट्वल रोन		వంటశాల
अड़का	घडा	కుండ
अड़गु	नीचे का भाग	క్రింది భాగం
अड़गुना पज्‍जो अड़गु वाटमड़	पद चिन्‍हों पर चलना	అడ్గులొ అడ్గు వెసీ నడచుట
अडगुल्‍कु	पाँव के निशान	
अडम-दिडम	आड़ा-टेड़ा	
अडुड़	रोना	ఏడ్చుట
अड्‍गु-बुड्‍गु	नीचे का भाग	
अड्डम	आड़ा	అడముగా
अड्डीगा	जोर से	అడ్డిగా
अतकुड	चिपकना	అంటకొవటము
अत्‍तर	अत्र	అత్తర్ ఉపయొగించడం
अद	वह	
दान हाटीं	उस लिये	
अदमिसी पियमड़	दबाके रखना	అద్మీ పటటము
अंदुडु	पहुंचना	అందడము
अदुन लेसीं	उस तरह, उसके तरह	అలాంటిది
अदुन/दान	उसे	ఆమెది
अदुम्मड़	दबाना	
अंदूग मरा	एक तरह का पेड	అందుగు చెట్టు
अद्दोम	दर्पण	అద్దము
अद्वेरदाका	तब तक	వరకు
अनात पोराल	अनाथ लडका	ఆనాద పిల్లవాడు
अनात पोरी	अनाथ लडकी	ఆనాద ఆడ పిల్ల
अनात पोरी	अनाथ लडकी	ఆనాద ఆడ పిల్ల
अनि	और	
अन्नि	सब	అన్ని; మొత్తము
बोत्तिटोर	सभी जन	అందరు
अन्मानम	शंका	అనుమానం
अब्बा	अरे!	అబ్బా
अब्रक	अभ्रक	అబ్రకము
अमासा	अमावस्या	అమవాస్య
अमासानाडु	अमावस्या के दिन	
अमासानाडु	अमावस्या के दिन	
अम्मल	दादी माँ	నానమ్మ
अम्मुड	बेचना	అమ్మాడం
अय्तारम	रविवार	ఆదివారము
अय्ते	अगर	అయ్తె
अय्‍यो	आह!	
अय्यो	अरे!	అయ్యొ
अरगना-बंडा	पिघलनेवाला पत्‍थर	కర్గె రాయ్
अरगिस होनमड़	जीर्ण होना	అరిగి పొవటము
अरगु	बरामदा	అరుస
अरग्ता	पचा	అరగింది
अरनम	दहेज	
अरवै	साठ	అరవై
अरवै उंदि	इकसठ	అరవై ఒకటి
अरवै एनमिदि	अड़सठ	అరవై ఎనమిది
अरवै तोम्मिदि	उनहत्तर	అరవై తొమ్మిది
अरवै नालूं	चौंसठ	అరవై నాలుగు
अरवै मूडु	तिरसठ	అరవై మూడు
अरवै रोंडु	बासठ	అరవై రెండు
अरवै हारूं	छियासठ	అరవై ఆరు
अरवै हेय्युं	पैंसठ	అరవై ఐదు
अरवै-एडूं	सडसठ	అరవై ఎడు
अरि कय	हथेली	అరి చెయ
अरि काल	तल पांव	అరికాల్
अरि काल	तल पांव	అరికాల్
अर्गुमड़	पिघलना	
अर्टी पंडी	केला	అరటి
अर्टी मर्रा	केले का पेड़	అరటి (చెట్టు)
अर्टी मर्रा	केले का पेड़	అరటి (చెట్టు)
अर्तम	अर्थ	అర్థము
अर्ता	गिरा	పడ్డది
अर्तोर	गिरा	పడ్డాడు
अर्रा	कमरा	గది, ఖాళీ ప్రదేశం
अर्रामूला	कमरे का कोना	గది
अट्टना अर्रा	रसोई	వంటగది
अर्रुडु	गिरना	పడటము
अर्हुडु	गिराना	
अर्सुकुन्‍मड़	अतिथि सत्‍कार करना	
अर्सोला	आधा किलो	
अर्हुडु	गिराना	
अलबट	आदत	అలవాటు
अल्ले	कथित	సరె
अव	वो	అవి
अवसरम	ज़रूरी	అవసరము
अवुना गूडां	उनका घोसला	
अवुना बेरस्मड	बढ़ना	
अवुना बोक्‍का बलम	हड्डीयों कि मजबूती	బొక్క బలము
अव्वतल्‍ली	पोचम्मा देवी माता	పొచమ్మ తల్లి
असंटद	उस तरह का/की	అటువంటిది
असंटोर(म)	उस तरह का(म)	
अस्के	तब	అప్పుడు
अहन	उस तरह	అలా
अहन बहन	वैसा कैसा?	
अहेर	दहेज	కట్నము
अहेरी	अहेरी	అహెరీ
आ-	होना	
आंता	हो जायेगा	చాలు
आ नाडू	उस दिन	ఆనాడు
आ रोजु	उस दिन	ఆ రొజూ
आकाडि	एकादशी	పండుగ పేరు
आकाडि (-महिना)	एकादशी (महिना.जुन-जुलै)	ఆషాడం (జూలై)
आकाडि (-महिना)	एकादशी (महिना.जुन-जुलै)	ఆషాడం (జూలై)
आकाशम	आकाश	ఆకాశమూ
आकि	पत्ता	ఆకు
आकि-पेन	आदिवासी देवता	గ్రామదేవత; పోచమ్మ
आकि-पेन	आदिवासी देवता	గ్రామదేవత; పోచమ్మ
आकी मिच्‍चो	एक तरह का बिच्‍छू	
आकीरि	अंत	చివరి
आगुडु	रुकना	ఆగము
आचाराल्‍क-विचाराल्‍क	रिती-रिवाज	
आटा	खेल	ఆట
आटा कर्समड़	खेल खेलना	ఆట
आडिगुंल्‍लोड	नपुंसक	
आंता	हो जायेगा	చాలు
आंता	काफ़ी	చాలు
आत्ताइ	मौसी, मामी	అత్తమ్మ
आंद्रा	आंध्र प्रदेश	ఆంధ్ర
आपती अरमड़	प्रसव वेदना	
आपीस	दफ्तर	ఆఫీసు; కార్యలయము
आपुड	रोकना	ఆపడము
आपोआप	अचानक	అకస్మితంగ
आबद्दम	झूठ	ఆబద్దము
आयंका	बाद में	తర్వాత
आयुडु	होने का क्रिया	అవ్వండి
आय्‍ना	तो भी	అయ్నా
आरण्यम	जंगल	అడవి
आरस्मड़	ठंडा करना	ఆర్పడము
आराम कियमड़	आराम करना	విశ్రాంతి
आरुडु	ठंडा होना	చల్లరింది
आरें	पहिये का आरा	
आरे मरा	बेल का पेड़	ఆరె చెట్టు
आर्ति गिन्ने	आरती	
आलीगड्डा	आलू	ఆలు గడ్డ
आल्‍सेम	देरी	ఆలస్యం
आल्‍सेम कियमड़	देरी करना	
आल्‍सेम आयमड	देर होना	ఆలస్యమ్ అవడము
आल्‍सेम कियमड़	देरी करना	
आवल्‍क	राई	ఆవాలు
आवल्मरि	आलमारी	ఆల్మారి
आवसु		ప్రాణం
आवाज	आवाज़	శబ్దము
आशे पडमड़	उम्मीद	ఒపిక్య
आसर	मदत करना	సహయం
इंका	फिर भी	అయన
इंकुंदि मल्‍का	और एक बार	
इगसेके होन्‍मड़	खींचकर ले जाना	లాగుక తీస్కెలడము
इंगिल्‍केम	काटनेवाला मच्‍छली का प्रकार	
इंगु	हींग	ఇంగువ
इग्‍गुडु	खींचना	లాగడము
इग्गे	यहां	ఇక్కడ
इग्गेटल	यहां से	ఇక్కడి నుండి
इग्गेटल	यहां से	ఇక్కడి నుండి
इचटुर	इतने(म.)	ఇందరు
इंचेके	अतः	అందువలన
इच्‍चा आयमड़	इच्‍छा होना	ఇష్టపడడము
इच्‍चुक	थोडा सा	కొంత
इच्चोर	इतना	ఇంత
इट्के	ईट	ఇటుక
इट्‍के कियमड़	ईट बनाना	ఇటికలు చెయడము
इट्टुडु	छूना	ముట్టుట
इता कल्‍लू	सिंधी का दारू	
इता मरा	सिंधी का पेड़	ఈత (చెట్టు)
इता कल्‍लू	सिंधी का दारू	
इत्ते	तो	అంటే
इत्तोड ताली	पितल का लोटा	ఇత్తడి చెంబు
इत्तोडी	पीतल	ఇత్తడి
इद	यह	ఇది
इदुन हाटीं	इस लिये	దీని కొరకు
इंदके	अभी	ఇప్పుడు
इंदकेने	अभी	ఇప్పుడె
इदुन लेंसीं	इस तरह	ఇలాంటిది
इदुन हाटीं	इस लिये	దీని కొరకు
इदे	लो!	తీసుకొ
इनपा	लोह	ఇనుము
इनुडु	कहना	అను
इनुम	लोह	ఇనుము
इय्योड	इस साल	ఈ సంవత్సరము
इर	ये	వీరు
इरद	इनका	వీరిది
इरगा	बहुत	చాల
इरगा वितुमड़	तेजी से दौड़ना	గట్టిగా పర్గెత్తడము
इरद	इनका	వీరిది
इरवै	बीस	ఇరువై
इरवै उंदि	इक्‍कीस	ఇరువై ఒక్కటి
इरवै एनमिदि	अट्‌ठाईस	ఎరువై ఎనిమిది
इरवै तोम्मिदि	उनतीस	ఇరువై తొమ్మిది
इरवै नालूं	चौबीस	ఇరువై నాలుగు
इरवै मूडू	तेईस	ఇరువై మూడు
इरवै हेय्युं	पच्‍चीस	ఇరువై ఐదు
इरवै-एडूं	सताईस	ఇరువై ఎడు
इरवै-हारूं	छब्‍बीस	ఇరువై ఆరు
इरुवै रोंडु	बाईस	ఇరువై రెండు
इर्क मरा	महुआ का पेड़	ఇప్ప (చెట్టు)
इर्रुडु	रखना	ఉంచు
इर्सू	धुरी	ఇర్సు
इल्‍हा	इस तरह	ఇట్లా
इल्‍हा बल्‍हा	यह कैसा हुआ, यह किस तरह?	ఇది ఎట్లా?
इव	ये	ఇవి
इव्वुर	दो जण	
इव्वुर	दो जण	
इसंटद	इस तरह का	ఇటువంటిది
इसंटां	इस तरह के	ఇటువంటివి
इस्‍कुल	पाठशाला	బడి; పాఠశాల
इस्‍टम हिल्‍वा कबड कियमड़	जबरदस्‍ती से काम करना	పని ఆశ్రద్దాగ చేయుట
इस्‍टमातद	पसंदीदा	ఇష్ట పడ్డది
इस्रिसि पय्‍हामड़	फेंक के फोड़ना	విస్రి పగలగొటటము
इस्रुमड़	फेंकना	విస్రడము
इहिन	इस प्रकार	
इहिन बहन	यह कैसा	
इहिन बहन	यह कैसा	
ईदमड़	तैरना	ఈత
ईनद	इसका	ఇతని
ईसुल		ఉసుల్లు
उंगरम	अंगुठी	
उगादि नेला	वैशाख का महिना	వైశాఖము
उच्‍चा	पेशाब	ఉచ్చ
उच्‍चा बुड्डी	मुत्रपिंड	మూత్రపిండము
उच्‍चुल	थूक	ఉమ్మి
ऊच डेंडे	ईक	
उच्‍चुल मिंगमड़	थूक निगलना	
उच्‍चुल वायमड़	थूक आना	
उडकमड	पिशाब करना	ఉచ్చ పొయటము
उड़गुमड़	ढहना	ఉడిగి పొవటము
उंडिला	गुलेल	విల్లు
उड्पमड़	जमा करना	
उतार	उतार	
उत्तगेन	ऐसे ही	వట్టిగా
उत्तदे	बिना काम का	అక్కరకురాని
उत्तेरा	उत्तर	ఉత్తెరా
उत्तेरा(दिक्‍कु)	उत्तर(दिशा)	
उत्रम	पत्र	ఉత్తరము
उंदगा जमा आयमड़	एक जगह जमा होना	
उंदान पोरो उंदि	इक के ऊपर इक	ఒక్క దాని మీద ఒకటి
उंदि	इक	ఒకటి
उंदि कळु	एक आंख	ఒక కన్ను
उंदि पाव हिस्‍सा	पाव	ఒక పావు భాగము
उंदि मल्‍का	एकबार	ఒక్క సారి
उंदी-उंदी मन्‍मड़	अकेला रहना	ఒంటరిగా ఉండటము
उंदे जॆगाते आयमड़	एक ही स्‍थल पर रहना	ఒకె చోట ఉండటము
उंदे(मु.)	अकेली	ఒక్కతను
उंदेमल्‍का लगांची वळी होळ्‍समड़	एकदम श्‍वास छोड़ना	
उद्दिच्मड़	बिठाना	
उद्दुड	बैठना	కూర్చో
उद्दिच्मड़	बिठाना	
उद्देरा	उधार	ఉద్దెర
उनना	पीना	త్రాగు
उनुडु	पीना	త్రాగు
उनना	पीना	త్రాగు
उपरोम	मदार	ఉపరము
उपायम	योजना	కార్యము
उपिच्मड	बैठाना	కుర్చొపెటడము
उप्योग	प्रयोग	ఉపయోగం
उबर	पसीना	చెమట
उब्‍बरिच्मड़	पसीना निकलना	చెమట రావడము
उब्‍बुता जॆगा	सूजा हुआ भाग	ఉబ్బిన స్థలము
उब्‍बुमड़	फुल जाना	ఉబ్బడము
उम्मादामा	एक पक्षी का नाम	ఒ పక్షి పేరు
उरलिसी अरमड़	खसक जाना	
उरागाया तोक्‍कु	अचार	పచ్చడి
उरुहमड़	तोड़ना	
उर्री	फंदा	కుతంత్రం
उर्रुम	घोरफड़	ఉడుము
उर्रे अरमड़	झगड़ना	కొట్లాడటము
उर्समड-	रोपना	
उर्सानोर	रोपनेवाला	
उल्‍किसी अरमड़	दचकना	ఉల్కి పడటము
उल्‍ली	छेनी	ఉల్లి
उल्‍ली गड्डा	प्याज़	ఉల్లిగడ్డ
उळ्‍कना कॊली	पेशाब घर	మూత్రలయము
उळ्‍कमड़	पेशाब करना	ఉచ్చా పొయడము
उळ्‍काला होन्‍मड़	पेशाब के लिये जाना	ఉచ్చ పొయడానికి పొవడము
उळ्‍किसी वायमड़	पेशाब करके आना	ఉచ్చ పొసీ రావడుము
उसमल	मूसल	రోకలి
उसरेल्‍ली	ओंध	
उसीर्के मरा	आवलें का पेड़	ఉసిరి (చెట్టు)
उसुड़	गोबर से लेपना	అల్కాడము
उसुमकुनुड	पोंछ लेना	తూడవుకొవటమ
उसुममड़	पोंछना	తూడవడము
उस्‍कुड	थूकना	ఉమ్మెయడము
उस्के	रेती	ఇస్క్య
उस्‍के बंडा	रेतीवाला पत्‍थर	ఇసిక్య రాయ
उस्‍के बूमी	रेगीस्‍तान	
उस्‍मुडु	पोंछना	తుడవడము
उस्‍सुडु	कूटना	దంచడము(వడ్లు)
उहुडु	पिलाना	తాగించడము
उह्‍कुड	फूंकना	ఊదడము
उह्‍कुडु	बजाना	ఎగించడము(పిలన్ గొయ్య)
ऊकड	झुला	ఉయ్యాల
ऊंगंमड़	झूलना	ఊగాడము
ऊंगुडु	डोलना	ఊగాడము
ऊच डेंडे	ईक	
ऊडुड़ु	जोतना	
ऊत पिट्टे	बटेर	పూరేడుపిట్ట
ऊतुडु	चूसना	
ऊपमड़	झटकाना	ఊపడము
मेल्‍हुमड़	झिंझोड़ना	
ऊर बिस्‍के	गौरैया	ఊరు బిస్కె
ऊसीर वाटमड़	सीटी बजाना	
ऊसुडु	उबल कर बाहर गिरना	
ऊसुडु	कंघी करना	
एकिच्मड	चढ़ाना	
एक्‍किस होनमड़	चढ़कर जाना	ఎక్కి పొవడము
एक्‍कुड	चढ़ना	ఎక్కడము
एक्‍कुडु	चढ़ाव	
एक्‍कुल्‍क तेदमड़	हिच्‍की लगना	ఎక్కిలు రావ్డము
एक्‍कुल्‍कु	हिचकी	ఎక్కిళ్ళు
एक्‍को	बहुत	చాల/బాగా
एक्को आयमड़	बढ़ना	
एक्को कियमड़	बढ़ाना	
एक्को आयमड़	बढ़ना	
एगनेंके	बजते समय	
एगरानोर	नृत्यक	నర్తకుడు
एगुरुडु	नाचना	నృత్యం
एटी	बकरी	మేకా
एटी पाल निय्यु	बकरी का घी	వెన్న
एटी पॊतु पोरी	बकरे का पिल्‍ला	మేకపోతు (పిల్ల)
एटी पॊतू	बकरा	మేకపోతు
एटीना मंदा	बकरीओं का झुंड	మేకల మంధ
एटो	केकड़ा	ఎండ్రికాయ
एडकी	बुखार	జ్వరము
एड़ादिक उंदिमल्‍का	साल में एक बार	ప్రతి సంవత్సరము
एंडि कोत्ता	चांदी का सिक्‍का	వెండి రుపాయ్
एंडी	चाँदी	వెండి
एडूं	सात	ఏడు
येड्वीर	सात जण	
एड्‍जू	भालू	భల్లూకము; ఎలుగుబంటి
एड्‍जू पड़ा	भालू का गुफा	
एतमड़	लेना	తీసుకొవడము
एतारेव	कपडे धोने का जगह	నీళ్ళరేవు
एते मन्‍मड	पानी में रहना	నీలలొ ఉండడము
एते मुडाह्मड़	पानी मे डुबाना	నీలలొ ముంచడము
एते मुडुंगमड़	पानी में डुबना	
एते मुडुंगमड़	पानी में डुबना	
एत्तु गुट्टा	उंचा पहाड	ఎత్తు కొండ
एत्तुंक एत्तु	ऊंचा ही ऊंचा	ఎత్తుకు ఎత్తు
एत्तुडु	गोद में लेना	
एत्तू	ऊंचाई	ఎత్తు
एत्तू	लंबा	ఎత్తు
कोंगा	बगला	
एदिते तासमड़	धूप में रखना	ఎండలొ పెట్టడము
एदुर हूडमड़	प्रतिक्षा करना	ఆగు
एद्दी	धूप	ఎండ
एद्दी कालम	धूपकाल	ఎండకాలం
एद्दी कालम	धूपकाल	ఎండకాలం
एद्दी कालम	गर्रमी का मौसम	ఎండకాలం
एनबै	अस्‍सी	ఎనబై
एनबै उंदि	इक्‍यासी	ఎనబై ఒకటి
एनबै एनमिदि	अट्‌ठासी	ఎనబై ఎనిమిది
एनबै तोम्मिदि	नवासी	ఎనబై తొమ్మిది
एनबै नालूं	चौरासी	ఎనబై నాలుగు
एनबै मूडु	तिरासी	ఎనబై మూడు
एनबै रोंडु	ब्यासी	ఎనబై రెండు
एनबै हेय्युं	पचासी	ఎనబై ఐదు
एनबै-एडूं	सतासी	ఎనబై ఎడు
एनमिदि	आठ	ఎనిమిది
एनी	हाथी	ఏనుగు
एन्‍कटा जमाना	पुराना जमाना	
एन्‍बै हारूं	छियासी	ఎనబై ఆరు
एबै	पचास	యాభై
एबै उंदि	इक्‍यावन	ఎబై ఒకటి
एबै एनमिदि	अट्‌ठावन	యాభై ఎనిమిది
एबै तोम्मिदि	उनसठ	ఎబై తొమ్మిది
एबै नालूं	चौवन	ఎబై నాలుగు
एबै मूडु	तिरपन	ఎబై మూడు
एबै रोंडु	बावन	ఎబై రెండు
एबै हारूं	छप्‍पन	ఎబై ఆరు
एबै हेय्युं	पचपन	ఎబై ఐదు
एबै-एडूं	सत्तावन	ఎబై ఎడు
एमडाल्‍क	जुड़वा	ఎండాలు
एमडाल्‍क	जुड़वा	
एमडाल्‍क	जुड़वा	
एर	पानी	నీరు
मंचि एर	अच्‍छा पानी	శుభ్రమైన నీరు
एर उनाकोंटा मनमड़	पानी पीये बिना रहना	నిల్లు త్రాగకొంట ఉండడము
एर उन्‍मड़	पानी पीना	నీరు త్రాగడము
एर काच्‍हना अळ्‍का	पानी गरम करने का मटका	నీళ్ళు కాగించేకుండ
एर कोय्‍सी अरगुमड़	क्षरण	
एर तुंगागोटुडु	नहलाना	స్నానము చెయించడము
एर तुंगुंड	स्‍नान करना	స్నానము చేయిండము
एर-एर	पतला करना	
एरतुंगंना कॊली	स्‍नानगृह	స్నానము గది
एरपाट	मालुम होना	తెలుసు
एरपाट इर्मड़	याद रखना	జ్ఞపకము ఉంచడము
एरपाट कियमड़	पहचानना	గుర్తు పెటడము
एरपाट कीकुनमड़	समझ लेना	అర్థము చెసుకొవడము
एरपाट मन्‍मड	जानना	గుర్తు ఉండడము
एरवु	गोबर	
एरवु वाटमड़	गोबर डालना	
एरवु	गोबर	ఎరువు
एरवु वाटमड़	गोबर डालना	
एर्का	मालूम	గుర్తు/జ్ఞపకము
एर्का आयमड़	मालूम होना	తెలియడం
एर्किच्मड़	हवा मारना	ఎర్కియడము
एर्रगा	लाल	ఎరుపు
एर्रा गोर्रे	लाल मेंढी	ఎర్పు గొర్రె
एर्रा पूसा	लाल मनी	ఎర్పు పూసా
एर्रा पोर्सु पर्का	लाल चिल्टे का मच्‍छली	
एर्रा मन्नु	लाल मिट्टी	ఎర్పు మట్టి
एर्रागोल्‍ला जाडी	घास	
एर्राटा मिच्‍चो	लाल बिच्‍छू	ఎర్రటి తేలు
एर्रापुडी	केंचुआ	ఎర్రా పుర్గు
एल्‍का मरा	एक पेड़	ఎల్కా చెట్టు
एल्‍पाया	लसन	ఎల్లపాయ
एल्‍ली	चूहा	ఎలుక
एवसायम	खेती	వ్యవసాయం
नॆली कियनोर	किसान	
एव्‍वुडु	पहुंचना	చేరడము
एसमडु	गोली मारना	
एसर वायागोटमड़	उबलाना	
ऐरेन अड़का		కుండలు
ऑक्‍सीजन	ऑक्‍सीजन	ఆక్సిజన్
ओकरेंता	उल्टी का एहसास	ఓకారము
ओक्‍कला	अगर	
ओगोर	कड़वापन	చేదూ
ओजोन	ओझोन	ఒజొన్
ओट्टु	कसम	ఒట్టు
ओट्टु पियमड़	कसम खाना	
ओट्टु पियमड़	कसम खाना	
ओड़सेला	गोफन	ఒడిసెల
ओड‍हुतव	चिला हुआ	
ओडा	नाव	నౌక
ओडाल	मछुआ	చేపలు పట్టేవాళ్ళు
ओड्डू	किनारा	ఒడ్డు
ओड्वंप	ऊबड खाबड ज़मीन	లోతు
ओड्‍हुड़	छीलना	
ओत्तू	जाड़ा	ఒత్తు
ओदोल आयमड़	ढीला होना	
ओदोल कियमड़	ढिला करना	
ओनद	उसका	అయ్నది
ओनद-ओरे	स्वंय	
ओनद-ओरे	स्वंय	
ओना वरोनदे	उसका खुद का	
ओप्‍पुकुन्‍मड़	कबूलना	ఒప్పుకోవడం
ओर	वो	వారు
ओरद	उनके	వారిది
ओरद	उनके	వారిది
ओर्रे	छोटासा नाला	ఒర్రె
ओर्रेन पीसि	किनारे से	
ओल्‍ला	जाल	
कंका	बांस	వెదురుకంక
कक्‍कुडु	उल्टी करना	ఒంతులు చెయటము
कंगारु	कंगारु	కాంగారు
कंचु	कास्य	కాస్యా
कंचुड	कढ़ई	పెనము
कचुहमड़	शेंकना	కాగపెట్టడము
कच्‍चि	लोह	ఇనుము
कच्चि-वीसि	एक मक्‍खी का नाम	
कच्चि-टुक्डे	लोह के टुकडे	
कच्‍चि बंडा	लोहयुक्‍त पत्‍थर	ఇనుము బండ
कच्चि-टुक्डे	लोह के टुकडे	
कच्चिता पेनेम	लोहे का तावा	ఇనుప పెనం
कच्चि-वीसि	एक मक्‍खी का नाम	
कजुर मरा	खजूर का पेड़	
कटूल	खटिया	మంచము
कंटे	मोटी हार	కంటె
कटोरी	कटोरा	గిన్నె
कट्टा	बांध	కట్టా
कट्टुमड़	गर्भधारण	
कट्टे	लकड़ी	కట్టే
कट्टें,मोट्टुक	लकडीयाँ	కట్టెలు, మొట్టులు
कट्टे(वतुतद)	सूखा लकडी	
कट्टेनूसि	लकड़ी का कीडा	
कट्‍ला तरास		కట్లా పాము
कड़	आँख	కన్ను
कड़-पापा		కన్ను బొమ్మ
कड़कुंक एह्‍क वायमड़	आखों में आंसू आना	కన్నిర్ రావటం
कडगोट्टोड	सबसे छोटा	అందరి కంటే చిన్నవాడు
कंडतेम	तकलिफ होना	కష్టము
कंडतेम आयमड़	थक जाना	కష్టమ్ అవటము
कड़-पापा		కన్ను బొమ్మ
कडसि होन्‍मड़		ఈగీ పొవడము
कडा	कलिहान	కల్లము
कंडा	मास का टुकडा	మాంసపు ముక్క
कंडा बलम	मांस पेशी	కండరము
कडियाल्‍क	कडा	కడియం
कड़ी	कड़ी	తాల్పూ ఎసిన పెరుగు
कड़ु गुड्डु	नेत्रगोलक	కన్ను గూబ
कडु रेप्‍पा	पलख	కను రెప్ప
कडेम	मूठ	
कडेर	आँसू	కన్నిళు
कतपुने मन्‍मड	इकट्टा रहना	
कत्तेरा	कैंची	కత్తెర
कत्तेरा बंडा	काटनेयोग्य पत्‍थर	కత్తెరా రాయ
कत्‍पु	पक्षीयों का झुंड	పిట్టల గుంపు
कत्रिच्मड	काटना	కతిరించుట
कंदीं	तुवर	కందులు
कंदेन तासमड़	ग्रीज लगाना	కందెన పెట్టడము
कंदेना	वंगन	కందెన
कनूग् मरा		కానుగ చెట్టు
कन्‍ड्ररां		కంనడ్రాలు
कपडगाल		కపడ్ గాల్
कपडीं तासमड़	कपडों का भेंट देना	బట్టల్ పెట్టడము
कपडीं हुकमड़	कपडे धोना	బట్టల్ ఉత్కడము
कपडीं हुक्‍कना बंडा	कपडे धोने का पत्‍थर	బట్టల్ ఉత్కె బండ
कपर	माथा	నుదురు
कप्‍पिड	कपड़ा	బట్ట; చీర
कप्‍पिड़ पॆगू	कपडे का टुकडा	పేలుక
कबड	काम	పని
कबड्‍क अरमड़	उपयोग में आना	
कबडतद	महत्‍त्‍वपूर्ण	
कबड-दंदा	कामधंदा	
कबड़ कियमड़	काम करना	పని చెయటము
कबडक ओज्‍वा बूमी	उजाड भूमी	పనికి రానీ భూమీ
कबडतद	महत्‍त्‍वपूर्ण	
कबड-दंदा	कामधंदा	
कबड्‍क अरमड़	उपयोग में आना	
कबड्‍क होन्नुडु	काम पर जाना	పనికి పొవటము
कबुर कियमड़	ख़बर सुनाना	వార్త చెప్పుట
कबूर	खबर	
कमजू	तित्तर	
कमय कियमड़	कमाना	సంపాదించడము
कमय कियमड़	पाना	సంపాదించుట, ఆర్జించుట
कम्का	हल्‍दी	పసుపు కొమ్ము
पसपु पच्‍चगा	पीला	
कम्मरि	लोहार	కమ్మరి
कम्मी	खूंटी	
कय	हाथ	ఖరము; చేతు
कयदा गोल्‍स	कंगन	
कय्मूल	कटु; कठ्ठा; कड़वाहट	చేదు
करगना बंडा	ओला	కర్గె బండా
करगुडु	पिघलना	కరగడము
करंट	बिजली	విద్యుత్తు
करवुडु	जलना	మాడిపోవడము
करवेसमड़	भूख लगना	ఆకలి అవడము
करवेस्मड़	भूक लग़ना	
करसुड़ु	खेलना	ఆడుట
करहमड़	पढ़ाना/सिखाना	
कराब	बुरा	చెడు
कराब आयमड़	बिघड जाना	
कराब कियमड़	बिगाड़ना	
कराब आयमड़	बिघड जाना	
कराब कियमड़	बिगाड़ना	
कराब मेंजू	सडे अंडे	చెడి పొయిన గుడ్డు
कराबतद	गंदा	చెడి పొయినది
करियुडु	पढ़ना	నేర్చుకోవడము
करहमड़	पढ़ाना/सिखाना	
करुव	भूख	ఆకలి
करवेस्मड़	भूक लग़ना	
कर्गगोट्मड़	पिघलाना	కరగించడము
कर्गुतव	पिघला हुआ वस्‍तु	కరగినవి
कर्ज	कर्ज	అప్పు
कर्रे कोंगा	काला बगुला	నల్లా కొంగ
कर्रे कोर्रु पोरी	काला मुर्गा	నల్లా కొడి పిల్ల
कर्रे डोक्‍के	काला गिरगीट	నల్ల డొక్కె
कर्रे तोडी	काली मिट्टी	నల్ల మట్టి
कर्रे पिट्टे	पक्षी	నల్లపిట్ట
कर्रे पूसा	काला मनी	నల్ల పూసా
कर्रे पेत्ते	काली चींटी	నల్లచీమ
कर्रे पोर्सु जिम्मा/मीन	काला चिल्टे की मच्‍छली	నల్ల చేప
कर्रे पोर्सु जिम्मां/मीन्‍कु		నల్ల చేపలు
कर्रे पोर्सु जिम्मां/मीन्‍कु		నల్ల చేపలు
कर्रे मग्‍गुर	काला मगर	
कर्रे मिच्‍चो	बिच्‍छु	నల్లని పెద్ద తేలు
कर्रे रंगु	काला	నలుపు
कर्रेगा	काला	నలుపుగ
कर्रेगा	काला	నలుపుగ
कर्सु	खर्चा	కర్చులు
कलति हिलवदु	शूध्‍द	స్వెచ్ఛమైనది
कला	स्वपना	కల
कलियुडु	मिलना/मिलन होना	కలవడము
कल्‍पुडु	मिलाना	కల్పడము
कल्‍ला	शोर	లొల్లి
कल्ला कियमड़	शोर मचाना	లొల్లీ చెయుట
कल्‍लू	दारू	సారాయి
गमुलोड	कलार	
कळकुना नेरवु	आंखों की चौडाई	
कळकुने अर्रमड़	आखों में जाना	
कळियता मेंजू	सडा हुआ अंडा	కుల్లిపొయన గుడ్డు
कवना उपायाल्‍क कियमड़	हसाने के उपाय करना	నవ్వించె పనులు చెయడము
कवूसमड़	हंसाना	నవ్విపియడము
कव्‍वुडु	हसना	నవ్వు
कस-कस इन्‍मड़	हांफना	
कसेर	छुरी	కత్తి
कस्‍कुड	काटना	కరవడము
कस्‍टम	मुश्‍किल	కష్టం
कस्‍टम कबड कियमड़	कठीण काम करना	కష్టముగల పని చెయటము
कहुडु	मोजमाप करना	కొలవడము
काकड	कौआ	కాకి
काकडि काया	खीरा	దొసాకాయ
काकाल	चाचा	బాబాయ్; చిన్ననాన్న
काकी	चाची	చిన్నమ్మ
काकी	चाची	చిన్నమ్మ
काकी रंबा	तोता	రామ చిలుక
काके	कंगी	దువ్వెన
काको	नानी	అమ్మమ్మ
काच्‍हुडु	गरम करना	
काच्‍हुडु	उबलना	
काच्‍हुता एर	उबला हूआ पानी	
कांजमड़	कंधा देना	మొయడము
कांज्‍सी ओयमड़	सर पर लादना	మొస్కెల్లడము
काटके	काजल	కాటుక
काटके तासमड	काजल लगाना	
काटके तासमड	काजल लगाना	
काटा	सूचक	
काड बर्रे	जंगली भैस	అడవి బర్రె
कांडि	जुआ	కాండీ
काडी कचरा	कचरा	చితుక చెమెరా
कांडोल	मधुमक्खी का छत्ता	తేనెతట్టు
तॆने	शहद	
कांडोल वीसि	मधूमख्‍खी	తేనెటీగ; తుమ్మెద
कांडोल वीसि	मधूमख्‍खी	తేనెటీగ; తుమ్మెద
कापाडमड़	रक्षा करना	రక్షించడము
कामुन पुनम नेला		చైత్త మాసమ్
कायदोम	कागज़	కాగిదము
काया	कच्‍चा फल	కాయ
कार	चिम्टा	
कारजेम	कलेजा	కార్జము
कारम	मिरची	కారము
कारले काया	करेला	కాకర కాయ
काल	पैर	కాళ్ళు
दंडम तासमड़	हात जोड़ना/नमन करना	
उत्तेरा(दिक्‍कु)	उत्तर(दिशा)	
काल्कु्‌ने	पैरों से	
काल देब्‍बा	लात मारना	కాలు దెబ్బ
कालम	मौसम	కాలమ్
कालम कोद्दिगा होन्‍मड़	मोसम के अनुसार चालचलन	
काल्‍कुना गोल्‍सु	पायल	అందె
काल्‍कुना गोह्‍कु	पैर के नखुन	కాల్లా గొర్లు
काल्‍कुना पोड़गु	पैरों की लंबाई	
काल्‍कुने तव्‍विसी वित्तुडु	पैरों से मिट्टी खोदके दौड़ना	కాలలతొ తవ్వి పరగెత్తడము
काल्कु्‌ने	पैरों से	
काल्‍कू	पैर(अ.)	కాల్లు
काल्‍वा	कालवा	చీలుకా
काल्‍वा तेंडमड़	कालवा बनाना	చీలుకా తియడము
कावेड	कावड़	
कास	खास	అవసరమైన
कासतद	उबला हुआ	వేడీది
काच्‍हुडु	उबलना	
एसर वायागोटमड़	उबलाना	
कासुडु	गरम	వేడి
कासुह्मड़	गरम करना	
कास्ता	गरम हुआ	ఉష్ణమైన
कासुह्मड़	गरम करना	
कासूर	खटारा	ఎద్దులబండి
कास्‍तकारी कियनोर	किसान	వ్యవసాయము చేయువాడు
कास्ता	गरम हुआ	ఉష్ణమైన
किचकिच इन्‍मड़	किचकिच करना	కీస్ కిస్ అని అరవడము
किन्नेरा	गोंड लोगोंका एक वाद्य	కిన్నెరా ఒక వాద్యము
कियमड़	करना	చెయుట
किस्कुड	चिमटा लेना	గిచ్చుట
कींकिर	आदिवासी वाद्य	ఒ రఖమైన వాద్యము
कींकिर पुल्‍ला	कींकिर वाजवावयाचे एक साधन	వాద్యము ఎగీంచె ఒక సాధనము
कील बोक्‍का	टखना	కీలు బొక్క
कीसा	शीशी	సీసా
कुंकुम	कुंकुम	కుంకుమ
कुंकुम अनि गुलाल पोडर	कुंकु और गुलाल	
कुंकुम अनि गुलाल पोडर	कुंकु और गुलाल	
कुच्‍चुडु	घुसाना	చొరబెటటము
कुटार	कुटार	కుటార్
कुंटुड	लंगडना	కుంటుట
कूटाल	लंगड़ा	
कूटि	लंगड़ी(औ)	కుంటి
कुटुसमड़	शिलाना	
कुंटोड	लंगडा	కుంటివాడు
कुट्टा	खूंटी	కొయ్య
कुट्टुडु	सिलाई करना, धुसाना	కుట్టు
कुटुसमड़	शिलाना	
कुड़का रेय्‍के तासमड	विवाह की एक विधी	
कुंडम कय	कुहनी	ముంజేయి
टोंग्रा	घुटना	మోకాలు; మోకాలి-కీలు
कुडुह्मड़	कपडे उतारना	బట్టల్ వొదలడము
कुडेर	नाला	వాగు
कुडेह्‍कुन पीसि	नाले के बाजू से	వాగు పక్కల
कुड्डुम	लड्डू	
कुतिकट्टु	मंगलसूत्र	నల్లపూసల మంగల సూత్రం
कुत्तूल	चौकी	పీట
कुत्तेम	संकरा	కుత్తెమ్
कुत्तेम आयमड़	सिकुडना	కుత్తెమ్ అవడము
कुत्तेम कियमड़		కుత్తెమ్ చెయడము
कुदुर डोक्‍के	छिपकली	గొడా బల్లి
कुदूर डोक्के	पाल	బల్లి
कुंदेल	खरगोश	కుందేలు
कुप्पा	ढेर	కుప్ప
कुप्‍पा कियमड़	ढीग करना	
कुप्‍पा कियमड़	ढीग करना	
कुमूड (मर्रा)	पेड़	కుమ్ముడు చెట్టు
कुम्मर पुडी	एक कीटक का प्रकार	కుమ్మరి పురుగు
कुम्मल	कुम्‍हार	కుమ్మరివాడు
कुम्मे	कुंभार की पत्‍नी	
कुम्मे	कुंभार की पत्‍नी	
कुय्या		కుయ్య
कुरपुम	तिल	కుర్పు
कुरपे		కుర్పె
कुर्रा	बछडा	కంక
कुर्रा पेय्या	नर बछडा	
कुर्सा	बौना	
कुर्सि	कुर्सि	కుర్చి
कुलम	जाति	కులము
कुलिगाडु	मजदूर	కుళీవాడు
कुल्‍ला	खुला	
कुल्‍हुड		కూళిపెయడము
कुसिते	खुश	
कुसिर	सब्‍जी	కూర
कुसिर सामान	मसाला	కూర వస్తువులు
कुसी	खुशी	అనందం
कुसी-गम्मतिते	खूशीसे	
कुसी-कुसीते	खुशी-खुशी से	
कुसिते	खुश	
कुसी-कुसीते	खुशी-खुशी से	
कुसी-गम्मतिते	खूशीसे	
कुसुडु	निसटना	
कुहि	कुआँ	బావి
कूटा		కూటా
कूटाल	लंगड़ा	
कूटि	लंगड़ी(औ)	కుంటి
कूटेल	जला हुआ लकडी	విస్కూడ్ కట్టె
कूडी	पत्तर	విస్తరి (ఆకులు)
कूर्कु	नींद	నిద్ర
कूलुम	पस	సీము
कूल्‍हुड	नोचना	గోకుట
कूसम	सांप की केचुल	కూసం
कूसम तेंडमड़	केचुल निकालना	కూసం తియడము
कूसुड	बांग देना	
कूसुड	रग़डना	
केंजमड़	सुनना	విను
केडा	जंगल	అడవి
केडा कोड्‍का पिट्टे	चिमणी	అడవి పిచ్చుక
केडा गुर्रम	जंगली घोडा	అడవి గుర్రమ్
केडा बर्रे	जंगली भैंस	అడవి బర్రె
केडा बल्‍ली	जंगली मकडी	అడవి బల్లి
केडा मन्‍कल	जंगली मनुष्य	అడవి మనిసి
केडा वेरकळ	जंगली बिल्‍ली	అడవి పిల్లి
केडाकोर	जंगली मुर्गी	అడవి కోడి
केडाते मनमड	जंगल में रहना	అడవిలొ ఉండుట
केडातेन वेलियमड	जंगल में घुमना	అడవిలొ తిరగడము
केयमड़	बुलाना	పిలుపు
केरी	रीढ़	
केर्रुडु	पहनना	తొడగటము
केल्‍क वायमड़	बाल उगना	వెంట్రుకలు రావడము
केल्‍लु	बाल	వెంట్రుక
केवपॊगू	झुमका	చెవి పోగూ
केव्क	कान(ज्यादा)	చెవులు
केव्वु	कान	చెవి; కర్ణము
केव्क	कान(ज्यादा)	చెవులు
केव्‍वु(तुपाकीतद)	बंदूक का घोडा	
केस्ला (मर्रा)	पेड़	
केहमड़	बंद करना	మూయుట
कैसुर	झाडू	చీపుర్
कॉर्बनडायाक्‍साइड	कॉर्बनडायाक्‍साइड	కార్బన్ డాయ‍అక్సాయడ్
कॊती	बंदर	కోతి
कॊला	लकडी	పుల్ల
कॊली	कमरा	గది
कॊलू		కోలూ
कॊसुल	ढाचा	కోసుల్
कोकसम	चील	కొకసమ్
कोंका नक्‍का	लोमडी	కొంక నక్క
कोंकिड-किंकिड	आडा-टेढा	వంకర డింకర
कोक्‍की	पहाड का शिखर	కొక్కి
कोंगा	बगुला	కొంగ
कोंगा	बगला	
कोगिल पिट्टे	कोयल	కొకిల పిట్టె
कोंगु	धोती का चोली	కొంగు/అంచు
कोंचम-कोंचम	थोडा-थोडा	కొంచం కొంచం
कोंटा	कोना	మూల
पॆंदा अर्रा(आ अर्र‍ता उंदि मूला)	देवघर	
कोटी	करोड़	కోటి
कोड़का	गौशाला	కొట్టము; పశువులపాక
कोडका पिट्टे	चिमणी	పిచ్చుక
कोड़का पिट्टे मेंजू	चिमणी का अंडा	పిచ్చుక గుడ్డు
कोड़ंज़	चरबी	కొడంజ్
कोड़ंज़ निय्यु	चरबी का तेल	
कोड़ंज़ निय्यु	चरबी का तेल	
कोडंज निय्यू	चरबी तेल	కొడంజ్ నూనె
कोडजेल्‍ला(जिम्मा/मीन)		జెల్లా జహ్
कोडपा जिम्मा		ఒక చేప పేరు
कोंडागोर्रे	हिरण	జింక
कोडियड	बहु	కొడలా
कोंडीं		కొండి
कोंडेंगा	वानर	కొండెంగా
कोंडेंगा मुसकिरी	बंदर जैसा मूह	కొండెంగా మూతీ
कोंडेंगालेसीं मरक एक्‍कुमड़	बंदर की तरह पेडों पर चढ़ना	కొండెంగాలా చెట్లు ఎక్కడము
कोड्डी	नोक	కోన; మూల
कोताल बाई	कोतवाल औरत	
कोतीतसंटा अल्‍बट्‍कु	बंदर कि जैसा	కొతిలాంటి అలవాట్లు
कोतीतालेसीं दिसमड	बंदर की तरह दिखना	కొతిలాగా కనపడటము
कोत्ता	धन	డబ్బు
रूपें	रुपया	డబ్బులు
कोत्तां	पैसे	పైసలు
कोत्लल	कोतवाल	కొతాలివాడు
कोताल बाई	कोतवाल औरत	
कोंदना हाटुम	बैल बझार	
कोंदा	बैल	ఎద్దు
कोंदना हाटुम	बैल बझार	
कोनम बाम		ఒ చేప పేరు
कोन्‍ली	कढ़ाई	
कोबेर निय्यु	नारियल तेल	కొబ్బెర నునె
कोब्‍बेर काया	नारियल	కొబ్బరికాయ
कोब्‍बेर मारा	नारियल का पेड़	కొబ్బరి (చెట్టు)
कोब्‍बेर कुड़का	नारियल का सफेद भाग	కుడుక
कोब्‍बेर मारा	नारियल का पेड़	కొబ్బరి (చెట్టు)
कोमटि जाति	कोमटी(एक जात)	కోమటోడు
कोमन्नापोरो	डाली के ऊपर	కొమ్మలపైన
कोम्‍कु	सींग	కొమ్ములు
कोम्मा	टहनी	కొమ్మ
कोया	गोंड (जाती)	గోండి
कोय्‌तड	गोंडी औरत	
कोय्‌तोर	एक आदिवासी जमात	
कोया बाषा	गोंडी भाषा	గోండి భాష
कोय्‌तड	गोंडी औरत	
कोय्‌तोर	एक आदिवासी जमात	
कोय्युडु	काटना	కొయ్యడము
कोर	सींग	కొమ్ము
कोर पीसे	मुर्गी का पिल्‍लु	కొడి పిల్ల
कोर पेट्टा	छोटी मुर्गी	కోడి పెట్ట
कोरगूडा	मुर्गी का घोंसला	కోళ్ళగూడు
कोरडॊकी	अंडे का छिल‍का	
कोर-पेट्टा	तलंग	
कोर-पोरि	मुर्गी का पिल्‍लू	కోడిపిల్ల
कोरबूरा		కోడి బూరు
कोरमेंजू	मुर्गी का अंडा	కోడి గుడ్డు
कोराल्‍क		కొమ్ములు
कोरियमड़	दाड़ी बनाना	గడ్డెమ్ తియడము
कोरॆं-कोरॆं इन्‍मड़	मुर्गी का आवाज	కొర్రెం అని అర్వడము
कोरोप	मही	సల్ల
कोर्कुड	काटना	కొర్కడము
कोर्दा कुरकुर इन्‍मड़	मुर्गी के बच्‍चों को बुलाने की आवाज	కుర్ కుర్ అనడము
कोर्री	सेम	చిక్కుడు
कोर्री काया		చిక్కుడు కాయలు
कोर्री काया		చిక్కుడు కాయలు
कोर्रु	मुर्गी	కోడి
कोर-पोरि	मुर्गी का पिल्‍लू	కోడిపిల్ల
कोर-पेट्टा	तलंग	
कोलयल	लोमडी	నక్క
कोलाटम	एक खेल	ఒక పల్లె ఆట
कोलिमते काचुह्मड	भट्टी में गरम करना	
कोस	दो मील का अंतर	
कोसिस कियमड़	कोशिश करना	ప్రయత్నము చేయుట
कोस्‍सा	छोर	ఆఖరీ కొస్స
कोह्‍का		జీడి
कोह्का मरा	बिबा का पेड़	జీడి (చెట్టు)
कोह्कुडु	टोचना	
क्षार	क्षार	క్షారము
गंगा	गंगा नदी	నది (గంగా)
गंज	बरतन/गंज	గంజు
गजगजा वन्‍कुमड़	थरथर कांपना	గజ్జ గజ్జ వణకాడము
गंजय	गांजा	గంజయ్
गज्जि	खरुज	గజ్జి; గోకుడు
गज्‍जे	घुंघरु	గజ్జె
गज्‍जेर पंडि	खजूर	ఖర్జూరము
गंटा	बैल के गले में बांधने का घंटा	పశువుల మెడలొ కట్టె ఘంట
गंटा	घंटा	
गंटेपुस्‍ती		మంగలసుత్రము
गट्का	गट्‍का	
गट्टिगा	कठीण	గట్టిగ
गट्टिगा	मजबूत	
गट्टितनम	मजबुती	గట్టితనమ్
गडापारा	सब्‍बल	గడ్డపార
गडि	घड़ी	గడియారము
गडे कियमड़	घडी करना	
गडेंचा	चौपाई	బిందెలుపెట్టె బల్ల
गड्डा	मुली	గడ్డ (దుంప)
गड्डा कट्टुमड़	जमना	గడ్డ కట్టడము
गड्डी मूंजु	माकड़	నల్లమూతి కొండెంగా
गड्‍सुतनम		మొండితనం
गंदक	गंधक	గంధకము
गदरांच्मड़	गरज़ना	
गद्दल	गीदड़	రాబందూ
गद्दे		గద్దె
गद्‍वा		గద్వభాగము
गनि	लेकीन	కని
गन्नु	हातोडा	
गन्ने	गांठ	గన్నె
गबिलेंका पिटे	चमगादड	గబ్బిలము
गब्‍बु	बदबू	వాసన
गमगमा गब्‍बु	खुशबू	మంచి వాసన
गमते-गमती	खुशी होना	సంతోషం
गमुलोड	कलार	
गमेला	घमेला	గమెల
गम्मत	खुशी	ఆనందము
गम्मती	मौज	
गर्का जाडि	घास	గర్కా గడ్డి
गर्से	सीढ़ी	
गलमा पिड़पू	तट्टा	తడక
गलमा पिड़पू	टट्टे का दरवाजा	గల్మ తడక
गले लगांच्मड़	गले लगाना	కౌగిలించుకొవడము
गाजी	चूडी; कंगन	గాజు
गाजुल पुडी		గాజులపురుగు
गाटो	भात	అన్నము
गाटो तिन्‍मड़	खाना खाना	
गाटो तिनुड़	भोजन	
गाटो तिनुड़	भोजन	
गाटो तिन्‍मड़	खाना खाना	
गाड़नी	छलनी	జల్లెడా
गांडु	नपुंसक	మగతనము లేని వాడు
गाड्‍दी	गधा	గాడిది
गाड्‍दी पोरी	गधे का पिल्‍लू	గాడది పిల్ల
गानी	पर	కని
गाबरा	शीघ्रता से	తొందర
गारे	चक्र	చక్రం
गारे काया	महुआ का फल	ఇప్పపువ్వు
गार्का	वडा	గారెలు
गालम	कांटा	గాలము
गालम पुडी	केंचुआ	గాలమ్ పురుగు
गालमसुव्‍वा		వెదురుబొంగు
गाव	जख्म	నొప్పి
गिचचो	थोडासा	కొద్దిగ
गिचचो-गिचचो	थोडा-थोडा	కొదిగ, కొదిగ
गिच्मड़	चुभना	
गिंड़गीं	पत्ते का टोपी	
गिन्ने	ताट	గిన్నెలు
गिरा-गिरा	गोल-गोल	గుండ్రుగా
गिर्का	चरखी	గిర్క
गिर्दवार	गिरदवार	గిర్దవార్
गिलगिला मेंदुल	कोमल त्‍वचा	
गिलास	चंबु	గ్లాసు
गिल्‍ले पुडि	झिंगुर	గిల్లె పురుగు
गीता	लकीर	అక్షరము; లైయిన్
गुग्रीं	ऊसळ	గుడాలు
गुंजा	खंबा	గుంజ
गुंजुडु	खींचना	లాగాడము
गुंजे (मर्रा)	पेड़	
गुंटा	खड्डा	చిన్న చెల్మె
गुंटी	गुल्ल्यार	
गुंटुक	डवरा	గుంటుకు
गुट्टा	पहाड़	కొండ
गुट्टा गट्टुक	पहाड-पर्बत	కొండ కొన
गुट्टी	टखना	చీలమండ
गुडि	मंदिर	మందిరం
गुंडिंग	बटन	గుండిలు
गुंडुरगा	गोल	గుండ్రుగా
गुंडुर्गा कियमड़	गोल करना	గుండ్రుగ చెయటము
गुंडे काया	हृदय	గుండె కాయ
गुड्डि	अंधा	గుడ్డి
गुड्डि-गुड्डि	अंधापन	మస్కుమస్కు
गुड्डी कोंगा	बगला	గుడ్డి కొంగ
गुड्डी नर्मे	मच्‍छली का प्रकार	ఒ చేప పేరు
गुड्डी वीसी	मच्‍छर का प्रकार	ఒ దోమ పేరు
गुड्‍डूक पेल्‍कमड़	अंडा देना	గుడ్లు ఎర్గాడము
गुड्से	झुग्‍गी	గుడిసె
गुत्ति	गुच्‍छा	గుత్తి
गुदुमसाई	इक नृत्य प्रकार	నృత్యము
गुप–चुप	गुप्‍त	
गुंपु-गुंपु मन्‍मड़	झुंड में राहणे	గుంపుగ ఉండటము
गुप्‍पा	ढेर	ఎత్తు స్థలము
गुबुर		గుబురు
गुमड़काया	कद्दू	గుమ్మడి కాయ
गुम्मी	ढोली	గుమ్మి
गुर-गुर इन्‍मड़	गुर-गुर करना	గుర్రడము
गुरगोड्डु	गवल	అడవి ఆవు
गुरजी	अध्यापक	ఆచార్యుడు
गुर्ती पिट्टे	चिडियाँ	ఒ పిట్టె పేరు
गुर्रम	घोड़ा	గుర్రము
गुर्रम पुडी		గుర్రుం పురుగు
गुर्रम पोरी	घोड़े का पिल्‍लू	గుర్రుం పిల్ల
गुलगुला कीयमड़	गुदगुदी करना	
गुला्‌गुला	गुदगुदी	
गुलगुला कीयमड़	गुदगुदी करना	
गुल्‍गुडु	बड़बड़ाना	శబ్దము
गुवाडॆगा	चील	డేగపిట్ట
गुव्‍वा		గువ్వ పిట్టె
गुसा-गुसा वड्‍कमड़	फुसफुसाना	మెల్లెగ మాట్లాడటము
गु्लाल	गुलाल	
गूटे	लकडी	గూటె
गूडा	घोंसला	పక్షిగూడు
गूडाते	घोसला में	గూడలొ
गूडाते मींड़मड़	घोसलें मे सोना	గూడాలొ పండకొవటము
गूनापेंका कियमड़	कवेलू बनाना	
गूनोड	कुबड़ा मनुष्य	గూనివాడు
गूपा पिट्टे	घुबड़	గూడ్లగుబ్బ
गूबा	कान का परदा	గూబా
गूरे	दीवार	గొడా; ఇంటి చుట్టు కట్టిన తడకలు
गूरे मेत्तुड	दीवार लिंपना	
गूसी	घूस	పందికొక్కు
गॆर्का	डकार	తేన్చు
गॆर्का तेंडमड़	डकार निकालना	
गॆर्का तेंडमड़	डकार निकालना	
गेर्का तेंडमड़	डकार निकालना	
गेर्रा	बिना पेड़ का सपाट भूभाग	
गेल्‍सुडु	जीतना	గెల్వడము
गैस	गैस	గ్యస్
गॊरु	नखुन	గోరు
गोकुड(कय्‍कुने)	हाथ से खुजलाना	చెతీతొ గొకడము
गोकूड	खुज़ली	గజ్జి
गोगोड	मुर्गा	కోడిపుంజు
गोंगोडि	कंबल	గొంగడి
गोटांच्मड़	घोटना	
गोट्टे मरा		గొట్టె చెట్టు
गोड़कुना मंदा	गय्यों का समुह	ఆవుల మందా
गोडचो	कुछ	ఎంతొ
गोडाचुक	ज़रा	గింతంత
गोड़्क कोहनद	चारवाहिन	
गोड़्क कोहानोर	चारवाह	పశువులు మెపువాడు
गोड़्क कोहनद	चारवाहिन	
गोड्‍क-गोदाल्‍क		ఆవులు; బర్రెలు; మేకలు
गोड्‍कुना बोयुडु	चारवाह	పశువుల కాపరి
गोड्डु उच्‍चा	गये का पेशाब	ఆవు మూత్రము
गोड्डु पाल निय्यु	गय्या का घी	ఆవు పాలు వెన్న
गोड्डू	गय्या	ఆవు
गोंड्रुंमड़	खर्राटा	గొండ్రడము
गोंदके	गला	మెడ
गोंदकेतुन अद्मिसी पियमड़	गला दबाना	మెడ అద్మడము
गोंदकेते बतलना हिरकुमड़	गले में फंसना	
गोदमा नागुम	नाग साप	ఒ పాము పేరు
गोद्दे	मल	
गोबी	पत्ता कोबी	
पत्ता गोबी	पत्ता कोबी	పాన్ గోబే
पूता गोबी	फूल कोबी	పూల గోబే
गोमेरा(हडपी)	गोबर	పిడక
गोरिला	गोरिला	
गोरु सिक्‍कुड काया	वाल	చికుడ్ కాయ
गोर्का	भाला	బల్లెము
गोर्रु	तिपन	గొర్రు
गोर्रे	भेड	గొర్రె
गोर्रे पोतु	मेंढा	గొర్రె పొతు
गोर्रेना मंदा	भेडों का समुह	గొర్రెల మందా
गोलि	गोली	గోళి
गोल्लल	गोलकर	గొల్లవాడు
गोल्ले	गोलकरिण	
गोल्‍लाबामा	टिड्डा	గొల్లబామా
गोल्ले	गोलकरिण	
गोल्‍सु	माला	గొల్సు
गोसी	काष्टा	గోసీ
गोह्क	गेहूँ	గొదుమలు
गौउन	गौउन	
ग्‍लिसिरिन	ग्‍लिसिरिन	గ్లిసిరిన్
चाड्नी	छलनी	జల్లెడ
चिकु(मरा)	चिकु का पेड़	సపోట (చెట్టు)
चिंता	चिंता	భాద
चिलटी (मर्रा)	पेड़	
चुक्डा (-जाडि)	घास	
जकामुका बंडा	आग उघलनेवाला पत्‍थर	
जकोर पिट्टे	पक्षी	
जंग पियमड़	जंग चढ़ना	తుప్పు పట్టడము
जगडम	झग़डा	గొడవ
जगम	जग	ప్రపంచం
जगमंता	जगभर	ప్రపంచమంత
जगा	झबला	
जंगा तूरिला	बांसूरी	ధ్వనినిఇచ్చే బొంబు వాయిద్యం
जग्डाल्‍क	झगडा	జగడం
जड़ता पीयना पोतु	बली चढ़ाने का प्रकार	బలి ఇచ్చె జంతువు
जनुम		జనుము
जपन-जपना	जल्‍दी-जल्‍दी	
जप्‍पना	जल्‍दी	తొందరగా
जपन-जपना	जल्‍दी-जल्‍दी	
जप्‍पना पय्यो	तुरंत नही फुटेगा	త్వరగా పగలదు
जप्‍पना होंगवायनोर	गुस्‍सा करनेवाला	కోపంగల
जप्‍पी	जंगल	ముడగ్య
जंबी मरा	बेल का पेड़	జమ్మి (చెట్టు)
जमा आयमड़	इकट्ठा होना	గుమికూడారు
जमा कियमड़	इकट्ठा करना	జమ చెయడము
जमा आयमड़	इकट्ठा होना	గుమికూడారు
जमाना	काल	ఒక్కపుడు,కాలం
मुन्नेटा जमानाते	उस जमाने मे	
जर्गमड़	सरकना	జరగడము
जर्गसेके होन्‍मड़	सरकते हूए जाना	జరగుతు వెల్లడము
जला	झरा	జలము
जल्‍लेडा	छलनी	జల్లెడ
जल्‍लेडा पियमड़		జల్లెడ పటడము
जवाब	जवाब	జవాబు
जवाब हियमड	जवाब देना	
जवाब हियमड	जवाब देना	
जहमड	मारना/पीटना	కొట్టుట
जागिल	जागरण	రాత్రి కావలి; జాగరణ
जांगी	चड्डी	
जाटा		అనుములు
जाड़ा		గుర్తు
जाडि	घास	గడ్డి
जाडि गुर्रम	टिड्डा	మిడుత
जाडी कट्टा		గడ్డి మొపు
जातरा	मेला	యాత్ర
जाति	जाति	కులము
जापुर दोहामड़		గుంజ
जाम मर्रा	जाम का पेड़	జామ (చెట్టు)
जार सेंबु	पितल का लोटा	పూజ ముంత
जार-जार	उतार	
जारमड़	खूंदना	తొక్కడము
जारसोन्‍मड़	फिसलना	
जावक रुब्‍बना बंडा		అంబలి రుబ్బె బండ
जावा	आंबील	అంబలి
जावोड्द पोड्द	सुबह	ఉదయము
जिंक	झिंक	
जिंका		జింక
जिंकाना मंदा	हिरणों का झुंड	జింకల మంద
जिगजग आयमड़	चमकना	మెరుసుట
जिगुर-जिगुर	चिपचिप	
जिड्डु	बकरी के दूध का बास	పాలు వాసన
जिड्डु-जिड्डु	दूध का बास आना	పాలులాంటి వసన
जिब्‍बुल	कर्णमल	చెవీలోని జీబిలి
जिम्मंना मंदा	मच्‍छलींयो के समुह	చెపల మంద
जिम्मा सेक्‍ली	गलफड़ा	
जिम्मा हाप	मच्‍छली की हड्डी	చెప వెముక
जिर्रे पुडी		ఒక పుర్గు
जिलोड मरा		జీల్లేడు (చెట్టు)
जिल्ला	जिला	జిల్లా
जिवराशीं	जनावर	జంతువులు
जिवराशींना जीवा	प्राणीयों का जान	పశువుల ప్రాణం
जिस्‍टी तेंडमड़	डीट निकालना	
जीतागाड़	नौकर	పనివాడు
जीरका होन्‍मड़	छिपटी	గ్రుచుడము
जीवा	जान	ఆత్మ
जीवा कीयमड	प्रिती, प्रेम	ప్రెమ
जीवातोर	रिश्तेदार	బంధువులు
जुट्टि		జుట్టు
जुम्‍का	झुमका	
जूंजरि		ఒక్కటి అంటె ఇక్కటి చేస్తాడు
जॆगरता	ध्यानपूर्वक	జగర్త
जॆगा	जगह	స్థలము
जॆनेड		జెనెడు
जेडा		జడ
जेंडा	झेंडा	జెండా
जेब	ज़ेब	జేబు
जेरगोड्डु	दामन	ఒక పాము పేరు
जेर्रि	शतपद	జెర్రి
जॊले	झोला	
जोकमड़	तोलना	జొకడము
जोडांच्मड़	जोड़ना	జంటచేయుట
जोडांच्‍सेके	जोडते समय	జంటవెసెటప్పుడు
जोडीं-जोडीं मनमड़	जोडी बनकर रहना	జంటగ ఉండటము
जोत्ता	सान	ఇస్రురాయి
जोत्ते		జొత్తె
जोन्ना	जवार	జొన్నలు
जोरदार	जबरदस्‍त	లక్షణంగా
जोरा	थैला	సంచి
टरबुजा काया	तरबूज	కర్బూజా
टव्‍सी मर्रा		టవ్సి చెట్టు
टाईम	समय	సమయము
टिक्‍ली	बिंदी	టిక్లా (బొట్టు)
टिटिटो पिट्टे	सारस	
टेबल	मेज	బల్ల
टेलर	दर्जी	దర్జి
टेव्‍वेर आयमड़	धक्‍का लगना	
टोकेरा	टोकरी	టొకెరా
टोंग्रा	घुटना	మోకాలు; మోకాలి-కీలు
टोपी	टोपी	టోపి
टोंबै उंदि	इक्‍यानवे	టొంబై ఒకటి
टोंबै तोम्मिदि	निन्‍यानवे	టొంబై తొమ్మిది
टोंबै नालूं	चौरानवे	టొంబై నాలుగు
टोंबै मूडु	तिरानवे	టొంబై మూడు
टोंबै रोंडु	बानवे	టొంబై రెండు
टोंबै हारूं	छियानवे	టొంబై ఆరు
टोंबै हेय्यूं	पचानवे	టొంబై ఐదు
टोंबै-एडूं	सत्तान्‍वे	టొంబై ఎడు
टोंब्‍बै	नब्‍बे	టొంబై
टोम्‍बै एनमिदि	अट्‌ठानवे	టొంబై ఎనమిది
डकडक आयमड़	दिल धकधक होना	
डप	डप्‍रा	డప్పు
डब्बा	डब्‍बा	డబ్బా
डाकाली		దాగిలి
डाक्‍टर	डॉक्‍टर	వైద్యకుడు
डांग	ढोल का आवाज़	ఒ వాద్యము సప్పుడు
डांबर	डांबर	డాంబర్
डाला	टोकरी	గుమ్మి
डाल्‍पीन	डाल्‍फीन	ఒ పక్షీ పేరు
डिजेल	डिझेल	డిఝెల్
डिब्‍बिल वाटमड	नाक बंद होना	ముక్కు గట్టిగ అవటము
डिम्‍की	डमरु	ఢమురు
डिस्‍को पूसा	मोती	ఒ రఖమైన పూస
डीला कियमड़	ढीला करना	
डेक्‍का	खुर	డెక్క
डेबै एनमिदि	अठहत्तर	డెబై ఎనిమిది
डेब्‍बै	सत्तर	డెభై
डेब्‍बै उंदि	इकहत्तर	డెభై ఒకటి
डेब्‍बै तोम्मिदि	उन्‍यासी	డెభై తొమ్మిది
डेब्‍बै नालूं	चौहत्तर	డెభై నాలుగు
डेब्‍बै मूडु	तिहात्तर	డెభై మూడు
डेब्‍बै रोंडु	बहत्तर	డెభై రెండు
डेब्‍बै हारूं	छिहत्तर	డెభై ఆరు
डेब्‍बै हेय्युं	पछ्‌हत्तर	డెభై ఐదు
डेब्‍बै-एडूं	सतहत्तर	డెభై ఎడు
डेमा	बाये	ఎడమ
डेमेर्ग्	बाये की ओर	
डेमा केय्‌दे	बाये हाथ में	
डेमा केय्‌दे	बाये हाथ में	
डेमेर्ग्	बाये की ओर	
डेला	ढेला	
डोक्के	गिरगीट	తొండ
तरास डोक्के	सांप गिरगीट	
कुदूर डोक्के	पाल	బల్లి
डोग्‍गां		నిప్పులు
डोबुर्का	शंबुक	
डोब्बा	फेफडा	
डोल	ढोल	
डोल	ढोल	ఒ వాద్యము
डोल तनानोर	ढोल बजानेवाला	
डोल	ढोल	
डोल तनानोर	ढोल बजानेवाला	
डोल सिर्रा	ढोल बजाने की लकडी	
तकलिप कियमड़	तकलीफ देना	
तकांच्मड़	थक जाना	అల్సి పొవడము
तक्‍को	कम	తక్కువ
तक्‍को कपडिं केरमड	कम कपडा पहनना	తక్కువ బట్టలు వెసుకొవడము
तक्दीर	किस्मत	అదృష్టం
तक्लीब	तकलीफ	కష్టం
तंगवारड़	पत्‍नि की बड़ी बहन	
तगुरम	टिन	తగురము
तङ्‌मरी	पोता	బిడ్డ కుమారుడు మన్మడు
तङ्‌मियाड	पोती	బిడ్డ కూతురు మన్మరాలు
तङ्‌मियाड	पोती	బిడ్డ కూతురు మన్మరాలు
तटकुनमड	फंसना	
तट्टा	टोकरी	గుల్ల; గంప
तड़की	कलेजा	కారజెమ్
तड़ा	लहर	
तडिम नीरस्मड़	आग लगा‍ना	నిపుకనికమసి
तडिमते बोळ्‍समड़	आग मे भूनना	అగ్నిలొ కాల్చుట
तडिमि	आग	అగ్గి
अग्‍गि पुल्‍ला	तीलि	
अग्‍गि डब्‍बा गीसा	आग लगाना	
अग्‍गि डब्‍बा	आगपेटी	అగ్గి పెట్టె
तडिमिं	नींव	అగ్గి; నిప్పు
तन्नुमड़	मारना	కొట్టుట
तप आता इंचि ओपुकुन्‍मड़	पश्‍चाताप करना	పశ్చతాపము చెయుట
तप ओप्‍कुनमड़	गलती स्वीकार करना	తప్పు ఒప్పుకొవడము
तप्‌	गलती	పొరబాటు
तप्‌सोन्‍मड़	गुम होना	
तमाटा	टमाटर	టమాట
तम्मुर	छोटा भाई	తమ్ముడు
सिन्ने कोडियड़	छोटी बहु	తమ్ముని భార్య
तयर किय्‍वल्	बनानेवाला	తయారైనది
तयार आता	तयार हुआ	తయరు అయ్యింది
तयार आयमड़	तयार होना	
तयार कियमड़	तयार करना	తయరు చెయుట
तयार आयमड़	तयार होना	
तर	थर	
तरमड़	लाना	తెచ్చుట
तराजु	तराजू	తరాజు; త్రాసు
तरास	साँप, सर्प	పాము
तरास डोक्के	सांप गिरगीट	
तरास मेंजू	सांप का अंडा	పాము గుడ్డు
तरास सोर्रे	सांप का बीड़	పాము ఉండె స్థలము
तरुमड़	लाना	
तलपू	दरवाज़ा	తలుపు
तलबाल्‍क		అక్షీంతాలు
तलसुकुन्‍मड़	ठाण लेना	తలచుకొవడము
तला दुर्दा तेदमड़	सिर में खुजली होना	తలలొ దుర్ద పెట్టడము
तला पोरोटाल एर तुंगमड़		తల స్నానము చెయుట
तलातला आयमड़	चमकना	మర్చుట
तलुर	मादा	తల్లి జంతువు
तलुर एटी पोरी	बकरी का मादा पिल्‍लु	మేక పిల్ల
तलुर गुर्रम	घोडी	తల్లి గుర్రము
तलुर नय्यू	कुतिया	తల్లి కుక్క
तलुर मग्‍गुर	मादा मगर	
तलुर-बाबो	माँ-बाप	
तल्कमड़	पूछना	అడుగుట
तल्लक रुमाल हेलवोड		రుమాలులేనివాడు
तल्वार	तलवार	బల్లెము
तळी	गिलापन	
तळी मन्नु	गिली मिट्टी	
तव्‍वा		మానిక
तव्‍वागाड	नौकर	పనివాడు
तव्‍वुडु	खोदना	తవ్వడం
ता	लाना	తీస్క రావడము
ताइत दोहुडु	ताबीज बांधना	
ताकत हिल्‍वोड(केदनायवोड)	कमजोर व्यक्‍ति	బలహీనత కలగినవాడు
ताकतते पीकुड़	ताकत से उखाड़ना	
ताकमड़	पैरों से चलना	కాల్లతొ నడవడము
ताकिच्‍चनोर	चलानेवाला	నడపించువాడు
ताकिच्मड़	चलाना	నడుపుట
ताकिसी-ताकिसी तयार आता लोद्दी	चल-चल कर बना खाई	
ताज्या	ताज़ा	
ताडजेर्री	धामन	
ताडि मरा	ताड का पेड़	తాటి (చెట్టు)
ताडि-कल	ताड़ी	
ताडि-कल	ताड़ी	
तातल	नाना (माँ के पिताजी)	తాతయ్య
तादल	बड़ा भाई	
तादो बाबल	पड़दादा	పూర్వీకులు
तांबेल	कछुआ	తాంబేలు
तार	तार	తీగె
तारमड़	बिछाना	పరవడము
तालम कय	किल्‍ली	తాలము చేయి
तालम-डब्बा	ताला	తాలము
तालम-डब्बा	ताला	తాలము
तालि	लोटा	ముంత
ताल्‍प वाटता पेरगु	बगारा हुआ मही	
तासमड	लगाना	పెట్టుకోవడము
तासे	ताशा	నృత్యవాయిద్య వస్తువు
तिनना तिंडि	चारा	తినె తిండి
तिना	दाहिना	కుడి
तिनेर्ग्	दाहिने ओर	
तिना कय्‍दे	दाहिने हाथ से	కుడిచేతితో
तिना कय्‍दे	दाहिने हाथ से	కుడిచేతితో
तिनुड	खाना	తినుట
तिनेर्ग्	दाहिने ओर	
तिम्मिरि		తిమ్మిరి
तिय्यगा	मीठा	తియటి
तिरमन मरा	धौडे का पेड़	తిర్మన్ చెట్టు
तिरयुड	घुमना	తిరగుడు
तिरुह्मड़	घुमाना	
तिरियसि केंजा वायमड़	प्रतिध्‍वनी सुनाई देना	
तिरुह्मड़	घुमाना	
तिवमड़	कटना	
तिहमड़	खिलाना	తినుపించడము
तीगे	वायर	తీగె
तीर	प्रकार	రకాలు
रक-रकाल्‍क/तीर-तीर्क्‌ना	तरह-तरह के	అనేక రకాలు
तीर्पमड़	चावल चुनना	
तुक्‍कु	चूरा	తుక్కు
तुंगा जाडी	एक प्रकार का घास	
तुंगुमड	नहाना	స్నానము చెయుట
तुडूं		డంక
तुताकोम	नरसिंघा	ఊదెకొమ్ము
तुपाकी	बंदूक	తుపాకి
तुम्मा मर्रा	बबूल पेड़	తుమ్మ (చెట్టు)
तुम्मिर मरा	तेंदु का पेड़	తున్కి (చెట్టు)
तुरकल	मुसलमान	ముస్లింవాడు
तुलसे मरा	तुलसी का पेड़	తుల్సి (చెట్టు)
तुवेला	तौलिया	తువాల
तुह्‍कुड़	छींकना	తుమ్ము
तूरपु	पूरब	తూర్పు దిక్కు
तूस	हिस्‍सा	పాలుకు
तॆने	शहद	
तॆने	शहद	తేనె
तॆने तेट्टे		తేనె తట్టు
तॆरे काया		దోసకాయ
तॆलुडु	तरंगना	తేలడము
ते	उठ	లే!
तेका मरा	सागवान का पेड़	టేకు (చెట్టు)
तेडियता	समझा	అర్థమయింది
तेंडिस पोच्मड़ / पोहमड़	निकाल के फेंकना	తీసి పడెయడము
तेंडुडु	निकालना	తియ్యడము
तेंडुड़ु	खोलना	తెర్చుట
तेदमड़	तयार होना	లేవడము
तेदा	जाग	లెమ్ము
तेदूस-	उभारना	
तेदूस-	उभारना	
तेर	यद्यपि	అయ్న!
तेल्‍लगा	सफेद	తెలుపు
तेल्‍लगा मेरसमड़	चमकना	తెల్లగ మెర్వడము
तेल्‍ला कोर्रु पोरी	मुर्गी का सफेद बच्‍चा	తెల్ల కొడి పిల్ల
तेल्‍ला गड्डा	मूली	
तेल्‍ला डोक्‍के	सफेद गिरगीट	తెలపు డొక్కె
तेल्‍ला बल्‍ली	सफेद मक़डी	తెలుపు బల్లి
तेल्‍ला मग्‍गुर/बेरेड मग्‍गुर	सफेद मगर	
तेल्‍ला मन्नु	सफेद मिट्टी	తెలుపు మట్టి
तेल्‍लाकोंगा	बगला	తెలుపు కొంగ
तेल्‍विते	जागृत अवस्‍था	మేల్కొని
तेल्‍विते मत्ताप	जागते रहना	మెళుకువ
तेह-	को जगाना	లేపు
तेहचि हुकमड़	अपटना	లేపి ఉత్కాడము
तेहमड़	उभारना	లేపుట
तेहाचि ओयमड़	उठाके ले जाना	ఎత్తి తీస్కెల్లడము
तॊका	पूंछ	తొక
तॊका पिट्टे	इक पक्षी का नाम	పక్షిపేరు
तॊका बूरा		తోక వెంట్రుకలు
तॊड	साथ	తోడు
तॊमिसि सवरगा कियमड़	मालीश करके सीधा करना	
तॊमुड़	मांझना	
तॊल	खाल	తోలు; చర్మము
तोका उपसेके वित्तुडु	पूंछ हिलाते दौड़ना	తోక ఊపుతు పరుగెత్తడము
तोका पन्ने	पूँछवाला मेंढक	
तोका पिट्टे	पक्षी	
तोका पुडी		తోక పురుగు
तोक्कुड-बंडा	एक प्रकार का खेल	త్రోక్కెబండ
तोटा	बगिचा	తోట
तोड़दुन मुचमड़	मुंह को झांकना	
तोडदे तिंता,तोडदे पेलकंता	मुंह से खाता और मुंह से टट्टी करता है	
तोडमे	डाली	తొడ్మె
तोडा	जाँघ	తొడ
तोडी	मिट्टी	మట్టి
तोडेल्‍ली	भेड़िया	తోడేలు
तोड्डि	मूह	నోరు
तोड्डि रोता-रोता आयमड़	मुंह खराब लगना	
तोड्डि वतमड़	मुंह का सुक जाना	నొరు ఉల్లారడము
तोड्डी हरियसी नेस्‍कमड़	मुंह खोलके श्‍वास लेना	
तोड्मे		తొడిమె
तोनी	साथ में	తొ సహ
तोम्मिदि	नौ	తొమ్మిది
तोयमड़	सूजना	ఉబ్బడము
तोया मरा	पेड़	మేడి (చెట్టు)
तोय्‌टल		కులము పేరు
तोर-	कलछी	
तोरुड़		తొడడము
तोर्रा	भोक	తొర్ర, రంద్రము
तोर्रा कियमड		తొర్ర చెయడము, రంద్రము చెయడము
तोल मुदुरमड़	त्‍वचा का परिपक्वन	తొక్క ముదరడము
तोल होळस्मड	त्‍वचा त्यागना	తొక్క వొదలడము
तोलू	चिल्टा	తొక్క
तोले मेंजू	अपरिपक्व अंडा	
तोले मेंदूल वायमड़	अपरिपक्व शरीर	
तोल्‍कमड		తొల్కడము
तोल्‍कु	चिल्टे	తొక్కలు
तोल्ले-जमानाते	पहले के जमाने मे	పూర్వము
तोल्‍लो	पहले	పూర్వం
तोल्ले-जमानाते	पहले के जमाने मे	పూర్వము
दग्‍गु	खांसी	దగ్గు
दग्‍गु तेदमड़	खाँसी होना	దగ్గు రవడము
दग्‍गुड	खाँसना	దగ్గడము
दग्‍गेटोर	पड़ोसी	దగ్గరవారు
दग्‍गेरा	नजदीक	దగ్గర
दच्‍चेना	दक्षिण	దక్షీణ
दंटा-दंटा मींडमड़	साथ-साथ सोना	జంట జంటగ పండుకొవడము
दडंगी	मच्‍छली पकड़ने का जाल	వల్ల
दंडम तासमड़	हात जोड़ना/नमन करना	
दंडा		దండ
दंडा	बाज़ू	దండ
नमस्‍कारम	प्रणाम	
दंडारि	दंडार	నృత్య బృందము
दडिया	खाने की थाली	పల్లెము
दंडुगु	जुर्माना	జురుమన
दंडेम		దండెము
दंते	दातरा	
दंते मरा	पेड़	దంతే (చెట్టు)
दंदा	धंदा	వ్యవసాయము
दद्दु		దద్దు
दनम	धन	ధనము
दनास लोन		విడిది గృహము
दनि	दाता	దాత
दनेम कुसिर	धनिया पत्ता	కొత్మీరి
दन्का	धक्‍का	
दम वायमड़	सांस फूलना	దమ్ము రావడము
दमदिरस्मड़	दम लेना	
दम्मुंक वायमड़	दमना/दम जाना	దమ్ముకు రావడము
दया	तरस	మాయము
दया	तरस	జాలీ
दरा	कींमत	దరా
दल्‍गमड़	लगना	తగలడము
दवडा	दाड	దంతము
दस्तीगुड्डा	हाथ रुमाल	దస్తీ; చేతిగుడ్డ
दा-	चल	పద
दाटुड	पार करना	దటడము
दाडी	दाडी	గడ్డము
दादना मर्री	भतिजा	
दादना मिय्यड	भतिजी	
दादना मिय्यड	भतिजी	
दादल	भाई	అన్న
दान हाटीं	उस लिये	
दानद	उसकी	ఆమెది
दाबा	छत	ఇంటి పై భాగము
दाबांच्मड़	दबाना	అద్ముట
दामीड	लगाम	తలుగు
दारम	धागा	దరము
दारा	आंगण	వాకిలీ
दारा अरमड़	बहते जाना	
दिक्‍कुल्‍कु	दिशा	దిక్కుల్లు
दिगा बडमड	फंसना	
दिगादूडस्मड़		దిగ తుడవడము
दिगाबड्‍सि होन्‍मड़	जमीन के नीचे फस जाना	దిగబడీ పొవడము
दिनाल्‍क	तेरवी	దినాలు
दिया	दिन	రోజు
दिवले नेला	दिपावली महिना	దిపావలీ నెల
दिवोळ आम्‍स	दिपावली अमास्या	కార్తీకం
दिस अरमड़	दिखाई देना	దృష్టిలొ పడటము
दीनतोनि	इसके साथ	దీనతొ సహ
दीवा	दीप	దీపము
दीसोडी		దీపము స్టాండు
दुकानम	दुकान	దుకాణము
दुड्डु	छड़ी	దుడ్డు
दुड्डे	भैस का बच्‍छडा	బర్రెబొక్కు
दुनिया	जग	ప్రపంచము
दुनियामेडू	विश्‍व भर	ప్రపంచమంత
दुन्‍कुमड़	खुदना	దునుకు
दुन्ना पोतू	भैस	దున్న పోతు
दुप्‍पी	हिरण	కృష్ణ జింక
दुप्‍पीना मंदा		దుప్పుల మంద
दुब्बा	धूल	దుమ్ము
दुमारम	तुफान	గాలి వాన
दुम्मु	धूल	దుమ్ము
दुम्मे	गले का हार	
दुरुस्‍त आयमड़	दरुस्‍त होना	
दुर्दा	खुज़ली	దుర్దా
दुर्दा तेदमड़	खुजली होना	దుర్ద లెవడము
दुर्‌नागि		పాము; చిన్నశరీరముగల విషపూరితమైన పాము
दुर्सोत्ता मरा	दीमक लगा हुआ पेड़	
दुलदुल	चुरा-चुरा	
दुलदुल कियावांता	चूरा बना सकते है	
दुलादामा		దూల గోండి
दुल्‍पमड़	झट्‍काना	దుల్పడము
दूडा		దూడ
दूदी	रूई	పత్తి
दूदी (मरा)	रुई का पेड़	పత్తి చెట్టు
दूदो	स्‍तन	
दूपा	प्यास	దాహం
दूरम	दूर	దూరము
लक्‍कु	बदमाश	దేశదిమ్మరి
दूलम	लट्ठा	దూలము
दूली	धूल	దూళి
देबा दल्‍गमड़	चोट लगना	దెబ్బ తగలడము
देब्‍बा	चोट	దెబ్బ
देय्यम	शैतान	దెయ్యము
देय्यम पियमड़	शैतान पकड़ना	దెయ్యము పట్టడము
देवसाल्‍क	कर्मकांड	కర్మకాండ; దినాలు
देवारी		పూజారి
देशम	देस	దెశెమ్
देशेमंता	देसभर	దెశెమంత
दैरनेम	हिम्मत	ధైర్యము
दोका हियमड़	धोका देना	మోసం చేయుట
दोंग-दिंग-आ-	लटकना	
दोटेनय	मादा कुता	ఆడ కుక్క
दोंडाकाया	तोंड्रे	దొండకాయ
दोंडेल तरास	डोंडे सांप	
दोड्डी	सायबान	పశువుల పాక
दोड्डू	मोटा	దొడ్డు
दोती	धोती	దోవతి
दोबमड़	ढकेलना	తొసెయడము
दोबे (मर्रा)	पेड़	
दोब्‍बिसी ओयमड़	ढकलके ले जाना	తొసక తీసకెల్లడము
दोरका पियमड़	पकड़ना	దొరక పట్టుట
दोर्कुड़	पकडा जाना	
दोर्कमड़		దొర్కడము
पुट्मड़	जन्‍म	జన్మించుట
कमय कियमड़	पाना	సంపాదించుట, ఆర్జించుట
दोर्कुड़	पकडा जाना	
दोसकुन्‍मड़	चुराना	దొసుకొవడము
दोसमड़	रखना	పెట్టడము
दोसा काया	खीरा	దోసకాయ
दोसिल		దొశెడ
दोहमड़	एक जगह बांधना	కట్టు
द्रुवा	ध्रूव	
नक्‍का	लोमड़ी	నక్క
नक्‍का सोर्रे	कोल्‍हा का बीड़	నక్క సొర్రె
नक्‍शा	नकाशा	నక్షా
नक्सा	चित्र	బొమ్మలు గియడము
नगरम	शहर	పట్నాం
नङा	हाल ही में	త్వరలొనె
नच्‍चतद	पसंदीदा	నచ్చినది
नड़जाम नरका	आदि रात	అర్ధరాత్రి
नड़पिन गुट्टा	माध्यम पहाड़	
नडी	कमर	నడుము
नडी-पट्टा	कमर पट्टा	
नडी-पट्टा	कमर पट्टा	
नडुमतोर	मध्यस्‍थ	మధ్యవాడు
नड्डुम	बीच में	నడ్మ
नड्‍हे कीयमड़	चकमा देना	
नदर	नज़र	దృష్టి
नदर वाटमड़	नज़र डालना	
नदर वाटमड़	नज़र डालना	
नन्ना	मै	నేను
नमस्‍कारम	प्रणाम	
नमीस-	तोड़ के	
नय पोरी	कुत्ते का पिल्‍लू	కుక్క పిల్ల
नयतरास	नाग सांप	నాగుపాము
नय्यु	कुत्ता	కుక్క
नरमे		చేప
नर्कळ्‍क मेयंता	रात में चरना	
नर्का	रात	రాత్రి
नर्का पडिं	रातभर	
नर्का पडिं	रातभर	
नर्रम	नस	నరము
नलपै	चालीस	నలుబై
नलपै उंदि	इकतालीस	నలుబై ఒకటి
नलपै एनमिदि	अड़तालीस	నలుబై ఎనిమిది
नलपै तोम्मिदि	उनचास	నలుబై తొమ్మిది
नलपै नालूं	चवालीस	నలుబై నాలుగు
नलपै मूडु	त्रेतालीस	నలుబై మూడు
नलपै रोंडु	बयालीस	నలుబై రెండు
नलपै हारूं	छियालीस	నలుబై ఆరూ
नलपै हेय्युं	पैंतालीस	నలుబై ఐదు
नलपै-एडूं	सैंतालीस	నలుబై ఎడు
नल्‍ला दास	काला नाग	నల్ల పామూ
नल्‍ला बंका	काला डिंक	నల్ల బంక
नल्‍ला मन्‍नु	काली मिट्टी	నల్ల మట్టి
नल्‍ला रंगु	काला	నలుపు రంగు
नस	छिंकणी	
नसीब	किस्मत	
नस्‍टम कियमड़	नष्ट करना	
नह्गा	मेरेपास	నా వద్ద; నా దగర
नाकुन	मुझे	నాకు
नाकूड	जगणेचाटना	నాకడము
नांगेल	हल	నాగలి
नागोबाल	नागदेवता	నాగు దేవుని పేరు
नाट	रोवना	
नाटे मनना जिवराशीं	पालतु जानवर	
नाटेनोर	गाव के	
नाडी	कल	రేపు
नांदमड़	गीला होना	
नांदे-मा-	जीना	జీవించడము
नानाल	चाचा	బాబాయ
नार	गांव	గ్రామము
नाटेनोर	गाव के	
नार-नार	गांव-गांव	
नार तिरियनोर	गाव में गूमनेवाला	ఊరీలొ తిరిగెవాడు
नार हाटमड़	ऐलान करना	
नार-नार	गांव-गांव	
नारलेम काया	नारियल	కొబ్బెరికాయ
नाराज	नाराज	
नारेंगा		ఒ రకము చేప
नार्यमड़	शरीर तानना	
नाली तवमड़	नाली खोदना	
नालुं	चार	నాలుగు
नालुर	चार जण	
नालुं पकां	चारों ओर	నాలుగు పక్కలు
नालुर	चार जण	
नालूं अनि हारुं काल्‍कुना बल्‍ली	चार और छ: पैरोंवाला	నాలుగు మరియు ఆరు కాల్లు ఉన్న బల్లీ
नालूं रोजकुंक	चार दिन बाद	ఎలుండి
नाल्‍के	जुबान	నాలుక
नावद	मेरा	నాది
नास्‍ता	नाश्ता	అల్పొపహారము
नाहुड़	भिगोना	
निकेल	निकेल	గంధకము
निच्‍चेना	सीढ़ी	నిచ్చెన
निजम	सच	నిజము
निजमेना	वास्वत	వాస్తవమెన
निंडमड़	भरना	
निंडिसी	भरा हुआ	
नितमड़	खड़ा करना	నిలుపడము
निपूस्मड़	खड़ा करना	
नित्तिच्मड	खड़ा करना	
नित्तिसी-	खड़ा-	
नित्तिच्मड	खड़ा करना	
निद्र होनमड़	नींद लगना	నిదుర పొవడము
निद्रा	नींद	నిదుర
निन्ने	कल	నిన్న
निपूस्मड़	खड़ा करना	
निम्मे	तू	మీరు; నీవు
मिम्मेट	तुम	
निय	तेल	నూనే
निर बिल्‍ली	जंगली बिल्‍ली	అడవి పిల్లీ
निल्‍लुड	खड़ा रहना	నిల్చుండు
निल्‍लुस्मड	खड़ा करना	
निल्‍लुस्मड	खड़ा करना	
निस्‍टेमायमड़	छूटना	
निहमड़	भरना	
नीडा	छांव	నీడ
नीडा मरा		విశ్రాంతి (చెట్టు)
नीडाते कलियसि मनुमड़	छांव में रहना	నీడలొ కలిసి ఉండుట
नीय्यू	तैल(खाद्य)	తలుపు నూనె
नीर नय्यु	पानी में पाये जानेवाला कुत्ता	
नीरस्मड़	सुलगाना	
नीरे	पिछले साल	గత సంవత్సరము
नीलम	बलक	
नीलम वत्तुता मेंजू	बलक सुका हुआ अंडा	
नीला नागुम	नीला नाग	
नीवद	तेरा	నీది
नीहुडु	भरना	
नुक्सान	नाश	
नुल्का		నుల్క
नुल्पे	शाम का समय	సాయంత్రం
नुल्ले	मच्‍छर	దోమ
नुसि		నూసి
नूंग	तील	నువులు
नूर	सौ	వంద
नॆड़ी मरा		అల్లనేరెడు (చెట్టు)
नॆला	जमीन	భూమీ
नॆली	खेत	చేను
नॆली कियनोर	किसान	
नॆलीने	खेती में	చేనులొ
नेक	बजना	
एगनेंके	बजते समय	
नेकूस-	बजाना	
नेकूस-	बजाना	
नेंग-	घुसना	చొచ్చుట
नेंड	आज	ఈరోజు
नेत्तुर एक्‍किच्मड़	खून/रक्‍त चढ़ाना	రక్తము ఎక్కించుట
नेत्तुर तेंडमड़	खून निकालना	రక్తము తియ్యుట
नेत्तुर पेय्‍समड़	खून निकलना	
नेत्तुर हियमड़	खून देना	రక్తము ఇవటము
नेत्तूर	ख़ून	రక్తము
नेम	सीधा	నిజనముగ
नेमर वाटमड़		నెమురు వెయడము
नेम्‍हामड़	तोड़ना	తెంపుట
नमीस-	तोड़ के	
नेर वाटनोर	रोवणेवाला	
नेर वाटमड़	रोंपना	
नेरडा मरा		ఆముదము చెట్టు
नेरबड़मड़	थकना	అలసి పొవడము
नेरवु	चौढ़ाई	వెడెల్పు
नेर्डा निय्य	एरंडि तेल	ఆముదము నూనె
नेला	महिना	నెల
नेस्‍कमड़	साँस लेना	
नेस्‍काकोंटा मन्‍मड़	श्‍वास न लेना	
नॉयट्रोजन	नॉयट्रोजन	నైట్రొజన్
नोटुडु		అల్లుట
नोंडे	रस्‍सी	త్రాడు
नोप्‍पी	दर्द	
नोप्‍पी आयुडु	चोंट लगना	
नोयमड़	दर्द महसूस करना	
नोरमड़	पीसना	ఇస్రుట
नोर्रुड	कपडा धोना	కడుగుట
नोव्‍करि	नौकरी	ఉద్యోగము
नोव्राल	दुल्‍हा	వరడు; పెండ్లికొడుకు
नोव्रि	दुल्‍हन	వధువు; పెండ్లికూతురు
नोव्रि-नोव्राल	दुल्‍हा-दुल्‍हन	పెండ్లి కూతురు; పెండ్లి కొడుకు
नोव्रि	दुल्‍हन	వధువు; పెండ్లికూతురు
नोव्रि-नोव्राल	दुल्‍हा-दुल्‍हन	పెండ్లి కూతురు; పెండ్లి కొడుకు
नोव्‍वां(उंदि पंडुंगुना पोरोल)	पोला	
नोहकुता कारम	मीर्च पाऊडर	గొడ్డుకారము
नोह्क-	रँभाना	
नोह्‍कुड	कूटना	
नौरल	दुल्‍हा	
नौरी	दुल्‍हन	
पकक	ओर	పక్కకు
नालुं पकां	चारों ओर	నాలుగు పక్కలు
पक्‍का लोतोर	पड़ोसीवाला	పక్కింటివాడు
पक्‍कु	खुरंड	పుండు పైన ఎండిన తోలు
पंगत	पंगत	వరుసగ
पंगा आयमड़	सुबह होना	ప్రాథకాలము
पंचांगम	भविष्य देखना	
पची कपडीं केरमड़	गिले कपडे पहनना	
पच्‍चगा(आकी)	हरापन	ఆకుపచ్చ
पच्‍चा कुसिर		ఆకూ కూరలు
पच्‍चा जाडी	हरा घास	పచ్చ గడ్డి
पच्‍चिअलम	अदरख	అలం గడ్డ
पच्‍ची हव्‍वीं	कच्‍चा मास	
पंजरम	पिंजरा	పంజరము
पजा अरह्मड़	हराना	
पज्‍जा/पज्‍जो	पीछे	వెనుక
पज्‍जो	पिछे	ప్రక్కకు
पंटा	फसल	పంట
पंटा	पीक	
पंटा तेंडना बूमी	फसल स्‍थल	పంట పండించె భూమీ
पटाकी	आतिषबाजी	ఔటు
पट्टा	पट्टा	బెల్టు
पट्टी वाटमड़	पट्टी बांधना	
पट्टु	बली चढाने का स्‍थल	బలిపీఠం
पट्पटि	मोटार सायकल	మోటర్ సైకిల్
पडगे	फना	పడిగ్య
पडनद	पुराना	పాతది
पडानोर	वृद्ध मनुष्य	
पडमटा	पश्‍चिम	పడమట
पडसेम	सर्दी	పడసెము
पडानोर	वृद्ध मनुष्य	
पडिं	बिलकुल	
पंडि	पका हुआ फल	
पडीया	कंगी	దువ్వెన
पंडुगु	उत्‍सव	పండుగ
पंडुड	पकना	
पंडि	पका हुआ फल	
पंटा	पीक	
पड्डा पेय्या	मादा बछडा	ఆడ దూడ
पड्‍नालूं	चौदह	పద్నాలుగు
पतंग	पतंग	గాలి పటం
पंते		చిన్న దీపము
पत्ता गोबी	पत्ता कोबी	పాన్ గోబే
पदमुडु	तेराह	పదమూడు
पदाकोंडु	ग्‍यारह	పదకొండు
पदि	दस	పది
पंदिकोक	घूस	పందీ కొక్కు
पंदिरीहिडू	मंडप के नीचे	పందిరి కింద
पदिहेडूं	सतरह	పదిహేడు
पदिहेनी	पंधरह	పదిహేను
पंदोंम्मिदि	उन्‍नीस	పందొంమ్మీది
पद्दि	सुअर	పంది
पद्दीना मंदा	सुअरोंका झूंड	పందుల మంద
पद्दुसुल	बुलबुल पंछी	
पद्देनमिदि	अठारह	పద్దెనమిది
पद्‍लेंगा	संभाल के	క్షెమంగ
पन्ने	मेंढक	కప్ప
पन्ने मेस्‍कू	मेंढक के अंडे	కప్ప గుడ్లు
पन्नेंडु	बारह	పన్నెండు
पप्‍पु	दाल	పప్పు
पय्ता मेंजू	फुटा हुआ अंडा	పగిలిన గుడ్డు
पय्‍हामड़	फोड़ना	పగలగొటడము
पय्‍हुड	फोड़ना	
परियसि वितमड	उड़ जाना	
परीयमड़	उड़ना	ఎగిరింది
पर्कि मरा		పరికి (చెట్టు)
पर्पु बंडा	विशालकाय चट्टान	బండ
पर्रिक	चावल	బియ్యము
पर्सा काया	लवकी	పాసెం కాయ
पल	प्रभात	
पलते	के बाहर	బయిట
पलते अरमड़	बाहर आना	బయట పడుట
पलसगा	पतला	
पलारम	प्रसाद	నైవేద్యము
पल्‍कु	दांत(अ.)	పంల్లు,దంతాలు
पल्कुने कोरकुमड़,	दांतों से काटना	
पल्‍गु		పలుగు
पल्‍लू	दांत	దంతాలు
पल्कुने कोरकुमड़,	दांतों से काटना	
पशुल्‍कुना गंटा	घंटी	గంట
पशुल्‍कुनालेसीं वड्‍कुमड/मोतुकुन्‍मड	जानवर जैसा चिल्‍लाना	
पसपस इन्‍मड़	पसपस आवाज करना	
पसपु पच्‍चगा	पीला	
पसपू पच्‍चा रंगु	पिला रंग	పసపు పచ్చ రంగు
पसुपु कोम्मु	हलदी का फल	పసపు కొమ్ము
पसूल्‍कुना तोडा	पशु का जाघ	పశువుల తొడ
पस्‍पु	हलदी	పసుపు
पहकुडु	ढुंढ़ना	వెతుకు
पाका		పాక
पाकुर	वेवाल	
पांजी	जाली	షికారి వస్తువు
पांजीते अरमड़	जाल में फसना	వల్లలొ పడుట
पाटडि		ప్రధాన్ (కులంపేరు)
पाटा	गाना	పాట
पाटा बंडा		రచ్చబండ; రుబ్బెరాయి
पाटि	पटरा	చెక్క; పలక
पाटुंक तरमड़	दूसरा विवाह करना	పాటు (2వ పెండ్లి)
पाट्लाल	पटेल	గ్రామ పెద్ద మనిషి
पाट्ले	पाटलीण	
पाट्ले	पाटलीण	
पाड आयमड़	सर्वनाश होना	చెడిపోయింది
पाडी	घर का नाम	ఇంటిపేరు
पाडीतोर	के घर का नाम वाले	
पाडीतोर	के घर का नाम वाले	
पातळ कप्‍पिड	लुगडा	చీర
पातालम	नरक	నరకము
पातूर	पतला	
पान आकी	सुपारी पेड़ का पत्ता	
पान मरा	सुपारी का पेड़	
पान आकी	सुपारी पेड़ का पत्ता	
पापे		అతిజిహ్వ
पापेर	तितली	సితాకొకసిలుక
पाया अरमड़	बाढ़ आना	వరద
पाय्‍दा	फायदा	లాభము
पाय्‍दा अरमड़	फायदेमंद	
पाय्‍दा येतमड़	फायदा लेना	
पाय्‍दा अरमड़	फायदेमंद	
पाय्‍दा येतमड़	फायदा लेना	
पाय्‌री	पग	తంతె
पारतड	समदिन	వియ్యంకురాలు
पारा	पावड़ा	పారా
पारी		సడ్డకుడు
पारुडु	गाना	పాడుట
पाल	दूध	పాలు
पाल-निय	मक्‍खन	నెయ్యి
पाल पिंडमड़		పాలు తియ్యడము
पालकि		లక్ష
पाल-निय	मक्‍खन	నెయ్యి
पाला कंचु	शुद्ध कास्य	
पाला पिट्टे		పాలపిట్ట
पाले		నాగలికి అనుకొని ఉండే కట్టే
पाल्की	पालखी	పాలఖీ
पाल्‍कू पंचुमड़	हिसो मे बांटना	పాల్లు పంచడము
पावरेम(उंदि पिट्टे)	कबुतर	పావురము
पावांच्मड़	पाना	
पासा	फांशी	ఉరి
पासी एर	कल का पानी	
पासी कबड़ कियनद	दासी	దాసి ఆడిది
पासेम	खीर	పాయసెము
पास्‍कमड़(इस्‍टम हिल्‍ले इनमड़)	पसंद नही करना	
पिकलोडी	बुलबुल	
पिकिर	चिंता	బాధ
पिच्‍चा	लिंग	
पिट्टे	पंछी	పక్షి
पिट्टे मेस्‍कु	पक्षीयों के अंडे	పక్షీ గుడ్లు
पिट्टेना कूसुड	पक्षीयों का चिल्‍लाना	
पिडका	सूखा गोबर	
पिडकिलि	मुठ्‍ठी	పిడికిలి
पिडकी मेड	मूठीभर	పిడికెడంత
पिडगु	बादल गरजना	పిడుగు
पिडपू	टट्टा	తడక
पिंडमड़		తియ్యడము
पाल पिंडमड़		పాలు తియ్యడము
पिडि	डंडी	
पिंडि	आटा	పిండి
पिंडि मुद्दा	लोया	పిండి ముద్ద
पिड्‍का मग्‍गुर	मगर का एक प्रकार	
पिड्‍सुड	बालों का पकना	తెల్ల వెంట్రుకలు
पिय्यल	दोपहर	మధ్యాహ్నం
पिय्यल-पोड्‍द	पूरा दिन	పగలంత
पिय्यला	दिन में	పగలు
पिय्यल-पोड्‍द	पूरा दिन	పగలంత
पिय्युड	पकड़ना	పట్టుట
पिर एर	बारीश का पानी	
पिर तंचोओता मन्नु	पानी से बह गया मिट्टी	
पिरकितनम	डर	భయము
वेरियसि	डर के	
बेदरिच्मड़	डर दिखाना	
पिरकीं		పేలాలు
पिरमड़	अंकुर लगना	మొల్చింది
पिरयादि	शिकायत	ఫిర్యాదు
पिरेम	मेहंगा	పిరెము
पिर्रा	नितंभ	పిర్ర
पिर्रु	बारीश	వర్షము; వాన
पिर्रु कालम	बारीशकाल	వర్షకాలము
पिर एर	बारीश का पानी	
पिर्रु कालम	बारीशकाल	వర్షకాలము
पिर्रुड़	भुजना	ఆరిపొయింది
पिलांनटेशन	रोपवाटिका	
पिल्‍ली गड्डेम	बिल्‍ली जैसा दाढी	పిల్లి గడ్డెమ్
पिव्‍वर	शूद्ध	నీటిగ
पिसमड़	जिंदा रहना	బ్రతికి ఉండుట
पिस्कमड		పిండి కల్పుట
पिस्‌ता	बच गयी	బ్రతికింది
पिस्वर	जिंदगी	బ్రతుకు
पिस्वर पिस्मड़	जिंदगी जीना	బ్రతకడము
पिस्‍सल(पिस्‍सा मनकल)	पागल	పిచ్చివాడు; పిసొడు
पिस्‍सा	पागलपन	పిచ్చితనము
पिस्से	पगलीन	
पिस्‍सल(पिस्‍सा मनकल)	पागल	పిచ్చివాడు; పిసొడు
पिस्से	पगलीन	
पिहमड़	बुझाना	
पिह्‍कुमड़	पादना	
पीकुड़	उखाड़ना	పీకుడము
ताकतते पीकुड़	ताकत से उखाड़ना	
पींग	टट्टी	
पीटुन लोपोळ्‍क-पलात्‍क कियमड़	पेट को अंदर-बाहर करना	
पीटुन लोप्‍पोड़्क ओयमड़	पेट का अंदर जाना	
पीटे मंता	गर्भवती है	పొట్టతో ఉన్నది
पीनि	ठंडी	చలి
पीनि कालम	थंडकाल	చలికాలము
पीनि कालम	थंडकाल	చలికాలము
पीन्गू	लाश	శవము
पीन्‍गू(मुरतड़)	लाश	
पीन्‍गू(मुरतड़)	लाश	
पीपा	लोहे का बड़ा डब्‍बा	డబ్బా
पीम	लो!	ఇగొ
पीयुड	पकड़ना	పట్టు
पीर	पेट	గర్భము
पीर आयमड़	गर्भधारण	
पीर पलाते तायमड़	पेट बाहर निकालना	
पीर लोपुड	पेट में गड़बड़ होना	కడపు లొపడము
पीरनोयुड	पेट में दर्द होना	కడుపు నొయడము
पीरु उबमड	पेट फूलना	కడుపు
पीसि होन्‍मड़	लेके जाना	తిసకెల్లడము
तरुमड़	लाना	
पुकेम	मुफ्त	పుక్యము
पुङह्‍कुन दुम्मे	फुलों का हार	పూలదండ
पुचुक इन्‍मड़	पुचुक आवाज करना	
पुजरि	पुजारी	పూజారి
पुटकेल्‍क	नवस	పుట్టెంటికలు
पुटनाल्‍कु	दालिया	పుట్నలు
पुट्कु	जनम	పుటుక; ఉద్భవం
पुट्टु मच्‍चा		పుట్టు మచ్చ
पुट्मड़	जन्‍म	జన్మించుట
पुड़कु	कीटक	పురుగులు
पुड़कुना मंदा	कीटकों की समुह	పురుగుల మంద
पुड़ि	कीड़े	పురుగు
पुत्ती	डुंबर	పుట్ట
पुन	जखम	పుండు
पुनादि बंडा		పునాదీ రాయ
पुनादी		పునాదీ
पुन्‍क आयुडु	मोच आना	పుండ్లు కావడము
पुरडी	बारसा	పురుడు
पुर्का		సోరకాయ
पुर्कि	जुवा	పెంలు
पुर्कि हीरू	जुवे का अंडा	
पुर्ता	काफ़ी	
पुर्रु	पतला टट्टी	పుర్రు
पुल्‍लगा	खट्टा	పులుపు
पुल्‍ला	काडी	పుల్లా
पुल्‍लां-पुल्‍लां गब्‍बु	पसीने की बदबू	పులుపు వసన రావడము
पुसेला		పుష్యం
पुस्‍कमड़	पिसलना	
पुस्तकम	किताब	పుస్తకం
पूजे	आराधना	పూజ
पूडसमड	बुझाना	
पूडे	योनी	పూకు
पूतता मोग्‍गा	कली	
पूता	फूल	పువ్వులు
पूता गोबी	फूल कोबी	పూల గోబే
पूना	नया	క్రొత్త
पूनोर	नया	
पूनोर	नया	
पूयुडु	फुलना	పూస్తుంది
पूर्णम		బూరె; పొల్లెల్
पूस कियमड़	पूछना	అర్సుకొవడము
पूसा	मनी	పూస
पूसि मरा	पेड़	పూస్కు చెట్టు
पॆगु	पोंछा	పేగు
पॆंडा	गुदा	గుద్ద
पॆंडा पोदूर		ఎర్రటి పేగు
पॆडु	चिल्टा	
पॆंदा अर्रा(आ अर्र‍ता उंदि मूला)	देवघर	
पेंका	कवेलू	పెంకటిల్లు
पेकिंग	लड़कीयाँ	
पेकूर	बच्‍चे	కుమారులు
पेकूर-पेकीं		కుమారులు
पेकूर-पेकीं		కుమారులు
पेक्‍लिसी होनमड़	उखड़ना	
पेग दोहमड़	कपड़ा बांधना	పేగు కట్టడము
पेगिड	लड़की	కూతురు; బా‍లిక
पेग्‍गेरी		పెగ్గెరి
पेटि	पेटी	హార్మోని
पेट्रोल	पेट्रोल	పెట్రొల్
पेडाल	बालक	కొడుకు; బాలుడు
पेगिड	लड़की	కూతురు; బా‍లిక
पेकिंग	लड़कीयाँ	
पेडे		గింజ
पेत्ते	चिंटी	చీమ
पेदवि	होंठ	పెదవి
पेदा पापेर	तितली	సీతాకోక చిలుక
पेदा मनकल	बड़ा आदमी	ముఖ్య వ్యక్తి
पेदाकसेर	बड़ा छूरी	కత్తి
पेद्दा	बड़ा	పెద్దది
पेर्सा बोट्टा	अँगूठा	
पेद्दोड	बड़ा	పెద్దవారు
पेद्दा काल्‍क	बड़े पैर	
पेद्दा टोकेरा	बडा टोकरी	పెద్ద గంప్ప
पेद्दा नोंडे	बड़ा रस्‍सी	పెద్ద త్రాడు
पेद्दा पीटद	बड़ी पेटवाली	పెద్ద కడుపు ఆమె
पेद्दा बंडा	बड़ा पत्‍थर	పెద్ద రాయ
पेद्दा लोल्‍लिते	बड़े आवाज से	
पेद्दि	बड़ी माँ	పెద్దమ్మ
पेद्देगिन्ने	परात	
पेद्दोड	बड़ा	పెద్దవారు
पेन	ईश्‍वर	దేవుడు
पेन-गडा		దేవుని స్థలము
पेन-गडा		దేవుని స్థలము
पेनेम	तावा	సరాతము
पेपि	बड़े पिताजी	పెద్ద నాన్న
पेय्या	बछड़ा	లేగ; దూడ
गोड्‍क-गोदाल्‍क		ఆవులు; బర్రెలు; మేకలు
पेय्या काल	बच्छडे का पैर	లేగ కాలు
पेय्‍समड़	निकलना	ఎల్లడం
पेरकुन्‍मड़	चुनाव	
पेरगु	दही	పెరుగు
पेरतव	चुना हूआ	
पेरकुन्‍मड़	चुनाव	
पेरमड़	उठाना	ఎరడము
पेर्सा बोट्टा	अँगूठा	
पेलका दोसमड़	पेचिश	
पेल्‍कतदुन तेंडमड़	टट्टी साफ करना	
पेल्‍कना जॆगा	टट्टी करने की जगह	
पेल्‍कमड़	टट्टी करना	
पेल्‍ला	ढेला	
पेसेल	मूंग	పెసలు
पैडीकंटे	उल्‍लू	
पैपू	पाईप	పైపు
पैय्‍युडु	फटना	పగిలింది
पैलंच्मड़	फैलना	
पॊंगुड़		కారడము
पॊगुल्‍क	बाली	పోగులు
पॊंडमड़	पहनना	కట్టుకోవడము
पॊता	पोता	సంచి
पॊतु बर्रे	भैस	దున్న పోతు
पॊतू	नर	మగ పశువు
पॊतू नय्यू	कुत्ता	కుక్క(మగ)
पॊरड	साँस	అత్తమ్మ
पोक्‍का	गड्‌ढा	పొక్క
पोक्राल	खोखला	
पोंगसेके मनना मोसोर	बहता हुआ नाक	
पोंगिच्मड़	उबालना	
पोंगुड़ वेहामड़	झूठ बोलना	
पोग्‍गो आकी	तंबाखु का पत्ता	పొగాకు ఆకు
पोग्‍गो तिन्‍मड़	तंबाखू खाना	పొగాకు తినడము
पोङमड़	बहना	పోంగడము
पोचमड़	फेंकना	పారెయడము
पोटॅशियम	पोटॅशियम	పొట్యశియం
पोंटोल	कलम	కలము
सिस पेंसिल	पेन्‍सील	పెన్‌సిల్
पोट्टिगा		పొట్టి
पोट्टिद		మొండి; కురుచ
पोट्टे	कोड़ा	కమ్చీ
पोडगु	लंबाई	పొడువు
पोड्द	सूरज	సూర్యుడు
पोड्द-पेय्‍सनाल	भोर	
पोड्‍द तिरियतंका	दोपहर बाद	మధ్యానం
पोड्‍द पेय्‍सना वॆला	सुरज उगने का समय	ప్రొద్దు వెల్లె సమయము
पोड्द-पेय्‍सनाल	भोर	
पोतिच्मड़	जलाना	
पोतु जिवराशी	नर पशू	మగ జివరాశులు
पोतु पिट्टे	नर पक्षी	మగ పక్షీలు
पोतू गुर्रम	घोडा	మగ గుర్రం
पोतू मग्‍गुर	नर मगर	
पोत्तंता	जलता है	మండుతుంది
पोत्ती पीर	पेट	పొత్తి కడుపు
पोत्तुडु	जलना	మండుట
पोतिच्मड़	जलाना	
पोदा		కొమ్మ
पोदा	झाडी	పొదా
पोदूर	अंतड़ी	పేగు
पॆंडा पोदूर		ఎర్రటి పేగు
पोन्‍गू	जंगली कबुतर	అడవి పావరం
पोपडम मरा	पपई का पेड़	రావి (చెట్టు)
पोम्मडेंगीं वड्‍कमड़	शहणपण करना	
पोया	धुवा फुंकना	పొగ త్రగుట
पोय्‍स्मड़	छौंकना	తాలింపువేయు
पोराल	बच्‍चा	పిలగాడు
पोरोटाल	ऊपर से	పై నుండి
पोरोल	नाम	పేరు
पोर्का	पौधा	
पोर्रो	ऊपर	పైన; మీద
पोरोटाल	ऊपर से	పై నుండి
पोर्लुसेके होनम्ड़	पलटते हुए जाना	
पोर्सू	चिल्‍टा	
पोलम	धानाड़ी स्‍थल	పొలము
पोलाद	पोलाद	
पोलादता तुकडा	पोलाद का टुकडा	
पोलादता तुकडा	पोलाद का टुकडा	
पोलाला नेला	श्रावण महिना	శ్రావణం
पोलेसा (मर्रा)	पेड़	
पोल्‍ले	बात	మాటలు
पोळी मन्नु	सुकी मिट्टी	
पोस कियमड़	पालना	పెంచడము
पोस कियमड़	परवरिश करना	పెంపకం
पोसम्मल	माता	పోచమ్మ దేవత
पौडम		పొడం
प्रयत्‍न कियुडु	कोशिश करना	
प्‍लटिनम	प्‍लटिनम	ప్లటినం
बकगा	दुबला	బక్కగ
बंका	गोंद	
बक्‍के	काटवल	జెల్లా
बगनना	कहीं पर भी	ఎక్కడైనా
बंगला	बंगला	బిలడింగు
बगा	कहाँ	ఎక్కడ
बगेन हेल्‍ले	कहीं भी नही	
बगनना	कहीं पर भी	ఎక్కడైనా
बंगारम	सोना	బంగారము
बंगारि पूसां	सोने का मनी	బంగారు గుండ్లు
बगेन हेल्‍ले	कहीं भी नही	
बचटूर	कितने जन	ఎందరు
बचोक	कितना	ఎన్ని
बंजर बूमी	अतिक्रमित जगह	బంజర భూమీ
बटाइक हियमड़	भाडे से देना	బటాఇకు ఇవటము
बंडा	पत्‍थर	చిన్న బండలు
बंडा साट	पत्‍थर के पीछे	రాయ్ చాటుకు
बंडा हिल्‍वा जॆगा	बिना पत्‍थर का स्‍थल	రాలూ లెనీ స్థలము
बंडाना कुप्‍पा	पत्‍थरों का ढीग	రాలలా కుప్ప
बंडाना गेर्से	पत्‍थरों का जमाव	
बंडानापोरो	पत्‍थरों पर	రాలల పైన
बतले तिनाकोंटा मनमड़	बिना कुछ खाये रहना	ఏమె తినకుంట ఉండటము
बतलो	कुछ तो	ఏదో ఒకటి
बंती पूता	झेंडु का फूल	బంతి పువ్వులు
बद	कौन-सा	ఎది?
बद्दना	कोई भी	ఎవరో ఒకరు
बद्दे-हेल्ले	कोई भी नही	
बद रंग	कौन-सा रंग?	
बंद कियमड़	बंद करना	ఆపెయడము
बद रंग	कौन-सा रंग?	
बदलांच्मड़	बदलाना	
बल किय्युडु	बदलना	
बद्दना	कोई भी	ఎవరో ఒకరు
बद्दा	बांबू	వెదురు బద్ద
बद्दे-हेल्ले	कोई भी नही	
बमडाल	पंडीत	బ్రామ్హణగారూ
बम्डे	पंडीत की पत्‍नी	
बम्डाल	ब्राम्‍हण	బ్రహ్మనుడు
बम्डे	ब्राम्‍हण स्‍त्री	
बम्डे	ब्राम्‍हण स्‍त्री	
बम्डे	पंडीत की पत्‍नी	
बय-बय-आयमड़	सांझ सवेरे	
बयर लोन	बिना छत का मकान	పైకప్పులేని ఇల్లు
बय्यरा आयमड़	फैल जाना	
बय्यरा कियमड़(पैलांच्मड़)	पैलाना	
बय्यरा आयमड़	फैल जाना	
बय्यारा	खुला	
बरली	जौ	బార్లీ
बरोसा	भरोसा	నమ్మకం
बरोसातोर	भरोसे का	
बरोसातोर	भरोसे का	
बर्प	बरफ	బర్ఫ
बर्मा	छेद करनेवाली मशीन	
बर्रां		బర్రాలు
बर्रे	भैस	బర్రె
बर्रे पाल निय्यु	भैस का तुप	బర్రె పాలు నూనె
बर्रे बूराताल तयार कीता बिलांकेट	कंबल	
बर्रेना बोयुडु	भैंस का चरवाह	బర్రెలు మెపేవాడు
बर्रेना मंदा	भैस का समुह	బర్రెల మంద
बल किय्युडु	बदलना	
बल्‍के		బల్కె చేప
बल्‍ला	रूखा	నీటిగ
बल्‍ली		బల్లీ
बल्‍ली गुड्डु		బల్లీ గుడ్డు
बल्‍ली पातर	मकडी की जाली	
बव	कौन-से?	ఎవీ?
बव्टे	किससे,कैसे?	ఎదానీ తొ సహ?
बसंटद	किस प्रकार का?	ఎటువాంటిది
बस्के	कब	ఎప్పుడు
बस्‍केळ्‍क	कभी भी	
बस्के-बस्के	कभी- कभी	
बस्‍केन हेल्‍ले	कभी नही	
बस्‍केन हेल्‍ले	कभी नही	
बस्‍केनना	जबकि	ఎప్పుడైనా
बस्के-बस्के	कभी- कभी	
बस्‍केळ्‍क	कभी भी	
बहन	कैसा?	ఎలా?
अहन बहन	वैसा कैसा?	
बह्‍कांचुड	बहकाना	
बाकी	कर्ज़	అప్పు
बाकुमड़	रेंगते हुए चढ़ना	
बागा	ज्यादा	చాల
बाटो	जिजाजी	బావ
बातरुम	शौचालय	స్నానము గది
बातरुम होन्‍मड़	शौचालय/बातरुम जाना	స్నానము గదికి వెల్లడము
बातल	क्या?	ఏమిటి
बतलो	कुछ तो	ఏదో ఒకటి
बातल हेल्‍ले	कुछ नही	ఏమి లేదు
बातल इत्ते अद	जो चाहे	అనుకున్నది
बातल हेल्‍ले	कुछ नही	ఏమి లేదు
बानम	धनुष्य	బాణం
बानम पुल्‍ला	तीर	బాణము
बाबा	पिता	తండ్రి
बाबो-मर्रि	बाप-बेटा	
बामेरा	मांग	
बायि	बड़ी बहन	అక్క
बारी	क्यों?	ఎందుకు
बारी इत्ते	क्‍योंकि	
बारी इत्ते	क्‍योंकि	
बालटी	बादली	బొకేనా
बाळ्‍से	वासला	బాడీశ
बिच्‍चागाड	भिकारी	అడుగుక్కునేవాడు
बिच्‍चेम्‍दी	भिकारीण	
बिच्‍चु	पाचर	
बिच्‍चेम्‍दी	भिकारीण	
बिंदे		బిందె
बिबूत (मर्रा)	पेड़	
बिलांकेट	कंबल	బొంత
बिल्ला	सिक्‍का	బండీ, బిల్ల
बीड	बीड	
बीडी	बीड़ी	బీడీలు
बीड़ी उन्‍मड़	बीड़ी पीना	బీడీలు త్రాగడము
बीमाल	भीम	భీము దేవుడు
बीरे काया	दोड्‍के	బీరకాయ
बुंकमड़	गरजना	అర్వటము
बुक्का	घास	ముద్ద
बुगिलि	गाल	బుగిలి
बुग्गा	फुगा	ఊపిరి బుగ్గ
बुग्‍गेंडी	अल्युमिनियम	అల్యుమినియమ్
बुज्‍जि		ప్రెమతొ పిలిచె ఒ పేరూ
बुड़का	बुलबुला	బుడ్కలు
बुडा बर्का(जिम्मा/मीन)	मच्‍छली की एक जात	బుడ్డ పరక
बुड्डि	छोटा मटका	కుండ
बुदारम	बूधवार	బుధవారము
बुंदिल	सुराही	
बुद्दि	दिमाग	తెలివి,జ్ఞపకము
बुद्दि हिल्‍वोर	दुर्बुद्धि	బుద్దిలెనీవాడు, తెలివిలెనివాడు
बुमीपोरो	जमिन पर	భూమీపైన
बुयारम	भुयार	గుహ
बुरदा	कीचड़	బురద
बुरसल	मुलायम बालोंवाली	
बुरसल पुडी		తొలపుడీ
बुर्कल	बाघ	పులి
बुर्कल सोर्रे	बाघ का गुफा	పులి గుహం
बुर्दातसंटा मन्नु	कीचड़ जैसी मट्टी	బురదలాంటీ మట్టి
बुर्रुड	चूमना	ముద్దు పెట్టటము
बुर्सिद्वा	एक पंछी	పక్షీపేరూ
बूगोलशास्‍त्रम	भूगोलशास्‍त्र	భూగొలశాశ్త్రము
बूजन्‍ंगा	मूंगफल्‍ली	భూజనగ
बूडदी	राख	బూడిది
बूती	रोजी	కూళీ
बूमी ऊंगमड़	भूकंप	భూకంపణ
बूमी पोक्‍का अर्रमड़	पृथ्‍वी का तड़ा जाना	
बूमी पोरो मन्‍मड़	जमिन पर रहना	భూమీపైన ఉండటము
बूमी हिडु मनना एरु	जमीन के नीचे का पानी	భూమీక్రింద ఉండె నిల్లు
बूमी हिडू	जमीन के नीचे	భూమీక్రింద
बूमीता लोप्‍पो	जमीन के अंदर	భూమీలొ
बूरका मरा		బుర్గు (చెట్టు)
बूरा		ఈక; రోమము
बूरा कुसमड़	बाल गिरना	
बूरा बेर्समड़	बाल आना	
बूलोकम	धरती	భూలొకం
बॆंक-बॆंक इन्‍मड़	टरटराना	
बॆंदाल	किधर?	
बॆस	अच्‍छा	మంచిది
बॆस्‍तारम	बृहस्‍तपतिवार	బ్రహస్పతివారము
बेके	कोठे?	ఎక్కడ, ఎటు?
बेंदाल	किधर से?	
बॆंदाल	किधर?	
बेंदा-हेक्के	जिधर का उधर	
बेंगमड़	रेंगना	బెంగడము
बेंगसेके होन्‍मड़	रेंगते हूए जाना	బెంగుతు వెల్లడము
बेंच	बेंच	బల్ల
बेडी वाटमड़	लगाम	
बेंडे काया	भेंडी	బెండా కాయ
बेंडे पिट्टे	एक पंछी का प्रकार	పక్షీ పేరూ
बेदरिच्मड़	डर दिखाना	
बेंदाल	किधर से?	
बेंदा-हेक्के	जिधर का उधर	
बेदुर		బెదురు
बेरे		బేరెలు
बेर्समड़		పెరగడము
बेल्‍लम	गूड़	బెల్లం
बेस आम	सुधरना	
बेसन	बेसन	బేసన్
बैल बूमी	मैदानी	
बोक्का	अस्‍थि	వెముక
बोक्‍का तांबेल	कछुआ	
बोंगा	छेद	రంద్రము
बोल अर्हमड	छेद करना	
बोग्‍गु	कोयल़ा	బొగ్గు
बोटुक-बोटुक पोंगमड़	बूंद - बूंद गिरना	
बोट्टा	अंगूठा	వ్రేలు
बोट्टु	थेंब/बूंद	బొట్టు
बोट्टू	तिका	బొట్టు
बोट्टे	बोटरू	మొట్ట చేప
बोड़कल		బట్టతలగల
बोंडके	गर्दन	గొందిక్య
बोंड़ंगा	घंटी	ధ్వనిఇచ్చె ఇత్తడిగంట
बोंडा		ధాన్యంలో కస్పు
बोड़ा गुट्टा	बिना पेड का पहाड	చెట్లులేని కొండ
बोड़ागुंडु	टक्‍कल	బోడిగుండు
बोड़कल		బట్టతలగల
बोडिन तट्टा	बरतन रखने का टोकरी	బోళ్ళు పెట్టే గంప
बोड्डु	नाभी	బొడ్డు
सिन्ने पेगिड	नाबालिका	చిన్న ఆడపాప
सिन्ने पेडल	नाबालिक	చిన్నమొగపాప
बोड्‍समड	जलाना	కాల్చుట
बोतता पिंडेम	भ्रूण	గర్భంలొనీ పిండెం
बोंतापुडी		బొంతపురుగు
बोत्ता आयमड़	गर्भधारण होना	గర్భధారణ
बोत्ता पीटद		కడపుతొ ఉన్న స్త్రీ
बोत्ता पीटोर	बड़ा पेट वाला	బొర్రగలవాడు
बोत्तिगा	पूर्णतः	పూర్తిగ
बोत्तिटोर	सभी जन	అందరు
बोंदा	गर्त	బొంద
बोंदा दोसमड़	गाड़ना	బొంద పెట్టుట
बोनद	किसका	ఎవరిది
बोम		రొమ్ము
बोम्मा	गुडिया	బొమ్మ
बोयाराम	सुरंग	భొయరం
बोर	कौन	ఎవరు
बोर . . . बोर . . .	कौन-कौन	
बोरो	कोई भी	ఎవరో ఒకరు
बोरे-हेल्ले	कोई भी नही	
बोर . . . बोर . . .	कौन-कौन	
बोरद-ओरे		ఎవరిది వారె
बोरे-हेल्ले	कोई भी नही	
बोरो	कोई भी	ఎవరో ఒకరు
बोल अर्हमड	छेद करना	
बोलकुने		తొర్రలొ
बोळ्‍समड़	जलाना	
मक्‍कमड	छुपना	దాగ పడుట
मक्‍किच्मड	छुपाना	దాచుట
मक्‍किच्मड	छुपाना	దాచుట
मक्कें	मकई	మక్కలు
मगमड़	चोट का सूखना	
मंगलल		మంగలోడు
मंगलारम	मंगलवार	మంగళవారము
मंगी मरा		మంగి చెట్టు
मग्‍गाला नेला		మార్గశిరమాసం
मग्गूर	मगर	మొసలి
मंचि एर	अच्‍छा पानी	శుభ్రమైన నీరు
मंचि मन्‍सुनोर	दरियादिल	మంచి మనసు ఉన్నవాడు
मंचिगा	अच्‍छा	మంచిగ
सोक	सुंदर	అందమైన
मंचिगा किम	अच्‍छा करना	
मंचिदि	अच्‍छा	అందముగ
मच्‍चा	तील	మచ్చ
मच्‍चू	कोहरा	
मजाक उडांचमड	खिल्‍ली उडाना	
मंजेर गुन्ना(रोंड तल्‍लना तरासु)	मिट्टी खानेवाला साप	రెండుతలలపాము
मज्‍जू	आलसी	మొండివైకరి
मज्‍जू मनकल	आलसी आदमी	
मज्‍जे		మంగలోన కత్తి
मज्बूत	मज़बूत	గట్టిగ
मंटनिय्	मिट्टी का तेल	మంటీ నూనె
मटम	मंदिर	మందిరం
मड़गु		మడుగు
मड़मे	एड़ी	
मंडा	मंडप	పందిరి
मडी	रद्राक्ष	మణిపూస
मंता	है	ఉన్నది
मति	याद	జ్ఞాపకం
मत्तु	दवाई	మందు
मत्तु	दवाई	
मत्तु डब्बा	दवाई का डिब्‍बा	
मत्तु उन्‍मड़	दवाई पीना	
मत्तु डब्बा	दवाई का डिब्‍बा	
मत्तु होकमड़	दवाई लगाना	
मदत	मदत करना	సహయం చెయుట
मंदम	मोटा	
मंदमड़	रहना	ఉండడము
मंदा		మంద
मंदि	भीड़	ప్రజలు
विचारम	विचार	
मद्दि मरा		మద్ది (చెట్టు)
मनकना नेत्तुर	मानव का रक्‍त/खून	
मनकल	आदमी	మనిషి
मनकालोर्क	मानव	
मनना जॆगा	रहने का स्‍थल	
मनबोतू	जानवर जैसा स्वभाव के मनुष्य	పశువు
मनसु	दिल	మనుస్సు
मनोम	हम	మనము
मन्नी	नही	వద్దు
मन्नु	ठहर	ఉండు
मन्नु कुप्‍पा	मिट्टी का ढीग	
मन्नु पेल्‍ला	मिट्टी का ढेला	
मन्ने	परसों	ఎలుండి
मबुनपोरो	आकाश पर	
मब्‍बु	बादल	మేఘం
मब्‍बु रंगु	आकाशी नीला रंग	నీలి రంగు
मय्‍सम्मा पेन	मयसम्मा नामक आदिवासी देव	దేవుడు
मरक	अनेक पेड़	
मरक अर्रमड़	पेडों का गिरना	
मरक हिल्‍वा जॆगा	बिना पेड़ का स्‍थल	
मरगुमड़	भूलना	మర్వడం
मरगोली		వెదురు
मरमीं	विवाह	పెండ్లిలు
मरमीं आयवा पोरी	कुवांरी कन्‍या	
मरमींना मोदटा रोजू	शादी का पहला दिन	
मरसू	कुल्‍हाड	గొడ్డలి
मरा	पेड़	చెట్టు
मरा कोम्मा पोरो मींडमड़	पेड़ पर सोना	
मरा साट	पेड़ के पीछे	
मराकुंक वेलाडरमड़	पेडों पे झूलना	
मराकुन पीसि मनमड	पेडों पे रहना	
मराकुना तोल्‍कु हुटमड	पेडों का साल पहनना	
मराकुना मत्तु	जड़ीबुटी औषध	
मरुंदि मल्‍का	और इक बार	
मर्का पेडे	आम की गुटली	
मर्का मरा	आम का पेड़	మామిడి (చెట్టు)
मर्काकाया तोक्‍कु	आम का अचार	మామిడి కాయ తొక్కు
मर्रा	फिर से	ఇంక; మళ్ళా
मर्रा	और	మరల
इंकुंदि मल्‍का	और एक बार	
मर्रि	लडका	కుమారుడు
बाबो-मर्रि	बाप-बेटा	
मियड-मर्रि	लडकी-लडका	
मर्री मरा		మర్రి చెట్టు
मल	मोरनी	నెమలి
मलेद		రొట్టె ముక్కలు బెల్లం
मल्‍का	बार	
मुडू मल्‍कां	तीन बार	
मल्वा (-जाडि)	घास	
मल्‍सी वायमड़	वापस आना	మల్పు
मल्‍हुड	वापस लाना	
मल्‍हुड	वापस लाना	
मस्‍क	धना	
महमड	खत्म करना	
महो (-महिना)		మాఘం
मांग	चितल	దుప్పి
माडमड़		మాడింది
माडा		తపాలము
माड्कमड़	झाँकना	
मांड्‍सा	आदमी	
मातरल	बुजूर्ग आदमी	ముసలివాడు
मातरि	बुजूर्ग औरत	ముసలమ్మ
मातरि	बुजूर्ग औरत	ముసలమ్మ
मातिर जिवराशीं	बुढा जानवर	ముసలి పశువు
मातिर दादल	दादाजी	తాతా(నాయన తండ్రి..)
तादो बाबल	पड़दादा	పూర్వీకులు
मातिरतनम	बुढ़ापा	
माद्‍गी	चमार	మాదిగ
मान	मर्यादा	మర్యాద
मान हियमड़	मान देना	
वातोना उंदि प्रकारता सेवा कियमड़	सेवा करना	
मान-मर्यादा	सम्मान देना	
मान हियमड़	मान देना	
मान-मर्यादा	सम्मान देना	
मामल	मामा	మామ
मामाल	ससूर	మామయ్య
मायसोनमड़	गायब होना	మాయము అవ్వడం
मारमड़	खत्म होना	
मारु बूमी	पुरानी भूमी	
मालक	मालिक	యజమాని
माला गोर्रेंका	मैना	
मालावाड	महार जात का आदमी	
मालिस कीयमड	मालीश करना	
मावंग	हमारा	మనది
मावद	हमारा	మనది
मावंग	हमारा	మనది
मासूल तरास	अजगर	కొడచిలువ
मिंगुडु		మింగుట
मिगुल्तव	बचा हूआ	
मिच्चो	बिच्छू	తేలు
एर्राटा मिच्‍चो	लाल बिच्‍छू	ఎర్రటి తేలు
मिडहमड़	पलटाना	
मिंडिच्‍चुड	सुलाना	పండబెట్టుట
मिडुंगमड़	पलटना	
मिडहमड़	पलटाना	
मिद्दे	इमारत	బంగ్లా
मिनका पुडि	जुगनू	మినుగురు పురుగు
मिनगुर	चिनगारी	
मिनमूल्‍क	उडीद	మినుములు
मिनोडा (मर्रा)	पेड़	
मिमेट	तुम	మీరు
मिम्मेट	तुम	
मियड	लडकी	కూతురు
मियड-मर्रि	लडकी-लडका	
मियुड	अंकुरीत होना	
मिसाल्‍क	मूंछ	
मींडमड़	सो जाना	నిద్రపొ
मींडा	सो जाओ	పండుకో
मिंडिच्‍चुड	सुलाना	పండబెట్టుట
मीन	मछली	చేప
मीवद	तुम्‍हारा	మీది
मीसम	मूंछ	మీసము
मीसाल्‍क	मूंछे	మీసాలు
मीसाल्‍क	मूंछे	మీసాలు
मुक्‍का	टुकडा़	ముక్క
मुक्‍का कियमड़	टुकड़ा करना	
मुक्‍का कियमड़	टुकड़ा करना	
मुक्‍कु पॊगू		ముక్కు పుడక
मुक्राड-आ-	सजना	
मुक्राड-आ-	सजना	
मुंग्से	मुंगूस	ముంగీస
मुचमड़	ढंकना	
मुच्‍चुडु	ढकना	కప్పుట
मुच्‍चुता तोड़दुन होळ्‍समड़	झांके मुंह को छोड़ना	
मुच्‍हूड	भोंकना	
मुटुडु		ముట్టుడు
मुडगुड	डुबना	
मुडहुडु	डुबाना	
मुडुंग-	मुडुगुमड़	
मुडहुडु	डुबाना	
मुड़ि	गांठ	ముడి
मुडुंग-	मुडुगुमड़	
मुडू मल्‍कां	तीन बार	
मुड्‍गमड	डूबना	నష్టపోయిండు
मुत्तो	बीवी	భార్య; ఆడది
मुर्तड-मांड्‍सा	आदमी-औरत	స్త్రీలు, పురుషులు
मुत्तो-मुय्‍दो	पति-पत्‍नी	భార్య భర్త
मुदुरवद	कोवला	
मुद्दा	अंगुठी	ఉంగరము
मुद्दा वॆलू/वंड़जु	अंगुठी की उंगली	
मुद्दा वॆलू/वंड़जु	अंगुठी की उंगली	
मुनि	संत	సజ్జనుడు
मुन्ने	सामने	ముందర
मुन्नेटा जमानाते	उस जमाने मे	
मुन्नेड़क जरगुमड़	आगे सरकना	
मुप्‍पै	तीस	ముపై
मुप्‍पै उंदि	इकत्तीस	
मुप्‍पै एडूं	सैंतीस	
मुप्‍पै एनमिदि	अड़तीस	
मुप्‍पै तोम्मिदि	उनतालीस	
मुप्‍पै नालूं	चौंतीस	
मुप्‍पै मूडु	तैंतीस	
मुप्‍पै रोंडु	बत्तीस	
मुप्‍पै हारूं	छत्तीस	
मुप्‍पै हेय्यूं	पैंतीस	
मुय्‍दो	पती	భర్త
मुर मरा	पलस का पेड़	మోదుగు (చెట్టు)
मुरतड	औरत	స్త్రీ
मुरिगिसी होत्ता मेंजू	सडा हुआ अंडा	
मुरिया मर्री(मुय्‍दोना दादाना मर्री)	भतिजा	
मुर्की	मैल	మైల
मुर्ग-मुर्ग	बदबू	
मुर्ग्मड़	सड़ना	
मुर्तड-मांड्‍सा	आदमी-औरत	స్త్రీలు, పురుషులు
मुल्‍ले	गठरी	
मुल्‍ले दोहामड़	गाठोडा बांधना	
मुव्‍वुर	तीन जण	ముగ్గురు
मुसमुसा कवमड़	हसना	
मुसूर	रिमझिम बारीश	రుతుపవనం
मुस्‍का बुट्टी		ముస్కె
मुस्‍किरी	मूंह	
मूकाल	मुका	మూగవాడు
मूडू	तीन	మూడు
मुव्‍वुर	तीन जण	ముగ్గురు
मूडो	तिहाई	
मूता	ढक्‍कन	మూత
मूता तेंडमड़	खोलना	
मूला	कोना	
मूल्‍गुमड़	गुर्राना	
मूळम	शबनम	
मूस्‍कुड	बास लेना	
मॅगनिज	मॅगनीज	
मॆ इंचि अड़मड़	मे-मे करना	
मॆता(पशुल्‍कुंक)	खुराक	జంతువుల (గడ్డి)
मॆंदुल	बदन	శరీరము
मॆंदुल उबरिच्मड़	गरमी होना	
मॆंदुल्‍क सेमटा पेय्‍समड़	शरीर में पसींना आना	
मॆंदुल्‍ता पजोटा बागम	पीठ	శరీర వెనుక భాగము
मॆरोडु	कपडा बीनने वाला	
मेंज	अंडा	గ్రుడ్డు
मेस्क	अंडे	గ్రుడ్లు
मेंजू पय्‍सी पोरी पलाते अरमड़	अंडा फुटके पिल्‍लू का बाहर आना	
मेट्टा	परबत	గుట్ట
मेता	खुराक	
मेंतुल्‍क	मेथी	
मेत्तगा	कोमल	మెత్తగ
मेत्तगा कियुडु	नरम करना	
मेत्तटा तांबेल	कच्‍छुआ	
मेदड	अक्‍कल	మెదడు
मेंदी	मेंहदी	
मेंदुल पोरोटा गीतां	शरीर पर लकींरे	
मेदुलमड़	हिलना	
मेयुडु	चरना	
मेय्‍सुडु	धार देना	
मेय्‍से बंडा	धार देने का पत्‍थर	
मेय्‍से बंडा	धार देने का पत्‍थर	
मेरसमड़	चमकना	మెరుస్తుంది
मेरसुड़	बिजली का चमकना	
मेरसुडु	चमकना	
मेरसो	कम उजाला देना	
मेरस्मड़	चमकना	
मेरसुडु	चमकना	
मेल्‍लगा	धीरे	మెల్లగా
मेल्‍लगा-मेल्‍लगा डेकूमड़	धीरे-धीरे रेंगना	
मेल्‍लगा-मेल्‍लगा दगेर्कु वायमड़	धीरे-धीरे नजदिक आना	
मेल्‍लेगा	धीरे-धीरे	
मेल्‍हुमड़	झिंझोड़ना	
मेस	अंडी	
मेस्क	अंडे	గ్రుడ్లు
मेस्‍क पेल्‍कमड़	अंडे डालना	
मैदम	मैदा	
मैंदी	मेंहंदी	సింగారం; పచ్చబొట్టు
मैयमड़	बच गया	
मॊता	भार	కట్టెలమోపు
मोकोम	चेहरा	మొఖం
मोग्‍गा	कली	
मोटोस	नजदिक	
मोट्‍कु	लकड़ी	కట్టే
मोतुकुन्‍मड़	चिल्‍लाना	
मोत्‍कुन्‍मड़	दहाड़ना	
मोदगाला	पहले	మొదలు
मोदोल	खोड	
मोदोल	शुरुवात	మొదలు
मोद्दु	मोटा	దొడ్డు
मोद्दू		మొద్దు; కట్టే
मोमोट	हम	మేము
मोरोल		మొక్క
मोलापट्टा	कमरपट्टा	
मोलिय्मड़	अंकुर निकलना	
मोल्‍दारम	करधोडा	మొలత్రాడు
मोल्‍ला	खिला	
मोसोटुन गट्टिगा पियमड़	नाक को दबाके पकड़ना	
मोसोटुन नल्‍सुमड़	नाक को रगड़ना	
मोसोटुन पीयमड़	नाक को पकड़ना	
मोसोटुन साप कियमड़	नाक साफ रखना	
मोसोटे एर होळियमड़	नाक में पानी जाना	
मोसोटे दुम्मु होळियमड़	नाक में धूल जाना	
मोसोर	नाक	ముక్కు
मोसोरते गुलागुला आयमड़	नाक खुजाना	
म्यांव-म्यांव इन्‍मड़	म्या-म्या करना	
यायाल(सिन्नी)	चाची	చిన్నమ్మ
यावना बाबल	नानाजी(माँ के पिताजी)	
यावना यावल	नानी(माँ के माँ)	
यावल	माँ	తల్లి; అమ్మా
तलुर-बाबो	माँ-बाप	
येड्वीर	सात जण	
येत्मा		దేవుని పేరు
येदमड़	बीजना	
येद्दा कट्टे	इंधन	వంటచెరకు
येमुडु	यमराज	
येर तुंगमड़	नहना	చెయుట
येर्रा कोर्रु पोरी	लाल मुर्गी का पिल्‍लू	
येर्रा डोक्‍के	लाल गिरगीट	
येर्रा पुडी	गांडुळ	
रक-रकाल्‍क/तीर-तीर्क्‌ना	तरह-तरह के	అనేక రకాలు
रंगु	रंग	రంగు
रंगुल्‍क	तरह-तरह के रंग	రంగు రంగుల
रंगुल्‍क	तरह-तरह के रंग	రంగు రంగుల
रट	मोटा	
रपरपा कियमड़	फड़फड़ना	
रंबा	पोपट	చిలుక
रसम	रस	
रह-	उमड़ना	
रांगमड़	गाली देना	తిట్టుట, దూషించుట
रागी	तांबा	రాగి
राजवाडा	राजमहल	రాజ్యము
राजाल	राजा	రాజు
रांडे	विधवा औरत	వధవరాలు
राती बंडा	चट्टान	
रानी	राणी	రాణి
रामराम कियमड़	सलाम मारना	వందనలు; నమస్కారాలు
रायिसिडिमाटो		పక్షిపేరు
रालसोन्‍मड़	गुम होना	
रासमड़	रगड़ना	
रासुड़	लिखना	వ్రాయుము
रिकोम	खाली	
रीका बाका इर-	बिखेरना	
रिकोम कियमड़	खाली करना	
रीका बाका आ-	छिटकना	
रिकोम कियमड़	खाली करना	
रिमा वायमड़	चक्‍कराना	
रीका बाका आ-	छिटकना	
रीका बाका इर-	बिखेरना	
रुद्दे जिम्मा		సన్న జిమ్మ
रुम्मेना		రుమడ
रुसि	रुचि	రుచ్చి
रुसि हिल्‍वद	बेचव	
रूपाय	रुपया	రూపాయి
रूपें	पैसा	రూపాలు
रूपें	रुपया	డబ్బులు
रूपें	पैसा	రూపాలు
रूमाल	फेटा	రుమ్మలు
रेकुल्‍क	टीन टप्‍पर	రేకులు
रेक्‍का	पर	రెక్క
रेक्‍कां उपमड़	पंख हिलाना	
रेंगा	बेर	రేగు పండు
रेजिकटि		రేచీకటి ఆయన
रेंडुन नरा	ढ़ाई	రెండున్నర
रेप्‍पां	कल्‍ले	
रेय्युडु	उतरना	దిగు
रेसा	रेषा	
रेहुडु	उतारना	దించు
रोगम	रोग	
रोज	दिन	రోజు
रोज़-रोज	हरदिन	
रोज़-रोज	हरदिन	
रोंडि		తొడ
रोंडु	दो	రెండు
रोंडु काल्‍कु	दो पैर	
रोंडु बाजुकुनाल ताकमड़	दो बाजूओ सें चलना	
रोत-कारूम्नोर	पड़ोसी	
रोंबोच्‍चे मेदुल्मड़	छाती का हिलना	
रोम बोच्‍चे	छाती	రొమ్ము; చాతి
रोमबोच्‍चें कल्‍पमड़	बाहों में भरना	కౌగిలించుట
रोय्या	झिंगा	రొయ్య
लक्‍का	लाक	లక్క
लक्‍कु	बदमाश	దేశదిమ్మరి
लक्‍कु	दूर	
लगांचि	जोर से	జోరుగా
लग्‍गु	ताकत	బలము
लग्निंग	विवाह	లగ్నము; పెండ్లి
लंग्याल		వట్టి
लंग्याल		వట్టి
लडायि	लडाई	యుద్దము
लंडु	आलसी	
लप्पंगी	झूठा	
लंबडदि	बंजारिण	
लबाड	झुठा	అబద్దము
पोंगुड़ वेहामड़	झूठ बोलना	
लंबाडोड़(म.)	बंजारा	బంజార మనిషి
लंबडदि	बंजारिण	
लंबू	लंबा	
लागू	हाफ पँट	
लाड	प्यार	ప్రేమ
लाड-कियमड़	प्यार करना	ప్రేమ చూపడం
नौरी	दुल्‍हन	
नौरल	दुल्‍हा	
लाड-कियमड़	प्यार करना	ప్రేమ చూపడం
लुटांच्मड़	लूटना	దొంగిలించుట
लॆतद	कोवला	లేతగ
लेक्‍का	गिनती	లెక్క
लेक्‍कुमड़	गिनना	లెక్కించుట
लेंग	आवाज	కంఠము; రాగము
लेय्यगा	युवा	
लेय्यड	युवती	యువతి
लेय्योड	युवक	యువకుడు
लेय्यड	युवती	యువతి
लेसीं	जैसी	
लेहामड़	छोड़ना	
लेहेंगा	लहंगा	
लॊता पज्‍जो	मकान के पीछे	
लॊतु	गहरा	లోతు
लॊतोर	मकानवाले	
लॊन	मकान	ఇల్లు
रोत-कारूम्नोर	पड़ोसी	
लॊतोर	मकानवाले	
लॊन ऊसमड़	मकान सारना	
लॊन दोहमड़	घर बनाना	
लोंका	दरी	
लोकुल्‍क	लोग	ప్రజలు
लोटापेटा	ऊँट	ఒంటె
लोट्टा	फनल	
लोता पक्‍कातोर	पडोसी	
लोता सुटुना जॆगा	आंगन	ఇల్లు చుట్టుస్థలము
लोतु कियमड़	गहरा करना	
लोद्दी	घाटी	పల్లం
लोद्दी	बैलगाडी चलकर बना हुआ खाई	కచలము నడసి తయరైన లొద్దీ
लोद्दी	पानी बहकर बनी खाई	
लोप्‍पो	अंदर	లోపల
लोप्‍पो केरन्ना बनियन	अंदर पहननेका कपडा	
लोप्‍पो केरन्ना बनियन	अंदर पहननेका कपडा	
लोप्‍पो वाटमड़	के अंदर डालना	
लोप्‍पोटा अर्रा	कमरा	గది
लोल्ली	शोर	అల్లరి
लोल्‍ली कियमड़	शोर मचाना	అల్లరి చెయుట
लोल्ली	चेंगड़	
लोल्‍ली कियमड़	शोर मचाना	అల్లరి చెయుట
लोहकुने गूरें पिसी मनना	दीवारों पे रहना	
लोहचूंबक/चुंबक	लोहचुंबक	
लोहुडु	भेज़ना	పంపుము
लोह्‍क	अनेक मकान	
लोह्‍कु कूलमड़	घरों का गिरना	
वंकर-डिंकरा	टेडा-मेड़ा	వంకరటింకర
वंकरा-डिंकरा आसेके ताकमड़	घूमते हूये जाना	
वकीलु	वकील	న్యాయవాది
वंगुडु	झुकना	వంగింది
वजन/सडती	भार	
वजनीका	पेड़	
वंजि जाडी	तनीस	
वंजिंग	धान	వరి
वंजी	धान	వరి
वंजिंग	धान	వరి
वट्नाल्‍क		బటాని
वड़कुमड़	बोलना	మాట్లాడు
वड़ा पिय्युड	गाड़ना (द्रव)	
वड़ी	हवा	గాలి
वड्डी	ब्याजदर	అప్పు
वड्‍लल	खाती	
वड्‍ला पिट्टे		వడ్లపిట్టె
वतिसोन्‍मड़	सुक जाना	
वत्ता	सुक गया	
वत्तिच्मड़	सुकाना	
वत्तिस होनमड़	सुक जाना	ఎండిపోవడము
वत्तिस होन्‍मड़	सुक जाना	చిక్కి పోవడము
वत्ती	बत्ती	వత్తి
वत्तुडु	सुकना	
वत्ता	सुक गया	
वन्‍कमड़	कांपना	
वयह्‍क		ఆవలించు
वय्‍सु	उमर	
वरगेय्मड़	चिल्‍लाना	
वरसा	साल	సంవత్సరము
वरहुमड़	झुकाना	
वरोर	अकेला	
वरोर(म.)	अकेला	ఒక్కతనే
उंदे(मु.)	अकेली	ఒక్కతను
वर्सगा	उसी समय पर	
वल्‍सां होन्‍मड़	स्‍थलांतर करना	
वळी इग्‍गुडु	हवा खींचना	
वळी पलाते होळ्‍समड़	श्‍वास बाहर छोड़ना	
वळी लोप्‍पोड़्क इग्‍गुमड़	श्‍वास अंदर लेना	
वळी होळ्‍सुड़	हवा छोड़ना	
वहुडु	जनम देना	
वाक्डाल	कुटिल	
वाटमड़(मोल्‍का)	रोपना	
वातावरणम	वातावरण	
वातोना उंदि प्रकारता सेवा कियमड़	सेवा करना	
वाना कोगिल	सांप का प्रकार	
वायुडु	आना	రావాలి
वारना		వార్న
वारसदार	उत्तराधिकारी	
वार्ता	ख़बर	వార్త; కబురు
कबुर कियमड़	ख़बर सुनाना	వార్త చెప్పుట
वालगु जिम्मा (मीन)		ఆలుగు (చేప)
वासना	बास	
वासा	फाटा	గుంజ; వాసము
विचारम	विचार	
विचारम कियमड़	सोचना	
विज्जा		విత్తనము
विज्‍जा पंडुग	पोला	
वित्तुडु	दौड़ना	ఉర్కుట
वित्‍सेके-वित्‍सेके आगमड़	दौड़ते-दौड़ते रुक जाना	
विमानम	विमान	విమానం
विरियता मेंजू	फटा हूआ अंडा	
विषम	जहर	విషము
विसय	विषय	
विसुरमड़	फेंकना, डालना	విసురుట; వేయుము
विस्वास कियमड़	यकीन करना	
विस्सुमड़	चूरना	
वीच/बोंदा	समाधी	గోరి
वीनी-की-	बुनना	
वीसी	मक्‍खी	ఈగ
वॆडसी	चांद	చంద్రుడు
वॆता	जल गया	
बोळ्‍समड़	जलाना	
वॆरे	दूसरा	
वॆरे	अलग	
वॆरे-वॆरे	अलग- अलग	
वॆरे-वॆरे	अलग- अलग	
वॆला	समय	
वॆली	वेल	తీగ
वेङूर (मर्रा)/संड्रा	पेड़	
वेटेड	बाडी	పెరడు
वेड़सी	चाँद	చంద్రుడు
वेड़सी इर्रना उंदि जॆगा	दीप रखने का जगह	ఇత్తడితో చేసిన దీపముల సమూహము
वेडी/एर दोसमड़	पानी डालना	
वेडेर	गर्दन	
वेड्सी	चिराग़	
वेनबोक्‍का	पीट	వెనుక భాగము
वेन्ना	घी	మీగడ
वेराहमड़	डराना	బెంగ పెట్టుట
वेराहमड़	डराना	
वेरियमड	डरना	భయపడుట
वेरियसि	डर के	
वेरे कियमड़	अलग करना	
पैलंच्मड़	फैलना	
वेर्कड	बिल्‍ली	పిల్లి
वेर्रे	डर	
वेराहमड़	डराना	
वेर्रे हिल्‍वोड	साहसी	
वेर्से		ఉడుత
वेलड पीसि पोंगगोटमड़	टांगकर रखना	
वेलड वाटमड़	टाँगना	
वेलूंग		దడి
वेल्‍कु/वंड्‍जुक	उंगलियाँ	
वेल्‍गु	उजाला	వెలుతురు
वेल्‍गुने	उजाले में	
वेल्ले	बहोत	ఎక్కువ
वेल्‍लेन	बहुत	చాలా ఎక్కువ
वेल्‍लेन गर्दि	भीड़	
वेसमड़	लगना	
वेसुमड़		కప్పుట
वेसूडि	कहाणी	కథ
वेहमड	बताना	చెప్పండి
वोर (ओर)	वो	అతను
व्‍हसलिन	व्‍हसलिन	
शीलम	पत्थर	
संका		చంక
संका जॊरा	थैले का एक प्रकार	
सक्‍ती	समर्थ	
संगी	मामा का लडका	
संगी(मेना मामाना/अत्ताइना मर्री)	मामा का लडका	మేన మామ కొడుకు
संगो(मेना मामाना/अत्ताइना मिय्यडु)	मामा की लडकी	మేన మామ కూతురు
संगो	मामा की लडकी	మర్దలు
संगो(मेना मामाना/अत्ताइना मिय्यडु)	मामा की लडकी	మేన మామ కూతురు
संगोडि	नाव	నౌక
सगोम	आधा	సగము
सजांच्मड़	सजाना	
सट्टी नेला		మార్గశిర (డిసెంబర్)
सडे-मियाड	हडे मिय्यड(सेल्‍लेना/अक्‍कना मिय्यड)	
संड्कल	महार	
संड्रा मरा	खैरी का पेड़	
सततद	खुद का	
ओना वरोनदे	उसका खुद का	
संतार निम्मा	संत्रा	నారింజ
संतार निम्मा मरा	संत्रा का पेड़	నారిజ చెట్టు
सति देवुळ	सती देवता	దేవుని పేరు
सति पोरो होनानेंके तनना डोलू	सती चढ़ाते समय बजाने का इक वाद्य	
सति पोरो होनानेंके तनना डोलू	सती चढ़ाते समय बजाने का इक वाद्य	
सत्तेम	सच	
संदरम	समुंदर	
संदा	चंदा	
सनेरम	शनिवार	శనివారము
सन्नम	दुबला	
सपडांका मनमड़	चुपचाप रहना	
सपलाका	चूप रहना	గమ్ముగ
सपाट जॆगा	सपाट भूभाग	
सपाट हिल्‍वा जॆगा	डोंगराळ प्रदेश	
सप्‍पगा	रुचीहीन	చప్పనైన; చప్పగా
सब्‍बु	साबून	
समाज मंदिर	समाज मंदिर	
सम्मिस		ఆరువది
सम्‍ली		నువ్వులపొడి
सरगम	स्वर्ग	
सर्‌वा	गुंड़	
सल्‍लगा	ठंडा	చల్ల
सल्‍लगा आयमड़	ठंडा हो गया	చల్లబడింది
सल्‍लगा कियमड़	थंडा करना	
सल्‍लटद	अधिक ठंडा	చల్లటి
सल्‍लटा(एरु)	ठंडा पानी	చల్లటి (నీరు)
सल्‍लुमड़	फेंक देना	
सल्ले		దేవ ప్రతిమ
सवडु मन्नु	चिनी मिट्टी	
सवरिच्‍चुड	दुरुस्‍त करना	
दुरुस्‍त आयमड़	दरुस्‍त होना	
सहा	चाय	తేనేరు; ఛాయ
साई	शाई	
साक्षेम	साक्ष	సాక్ష్యము
सातराम(वेसुडी)	कहाणी	పొడుపు కథ
साती	सीना	చాతి
सादर	चंदा लगाना	సందా
सादा-सिंपल	सादा	
साप कियमड़	साफ करना	శభ్రపరుచు
साप-सापाय	साफ सुतरा	పరి శుభ్రపరుచుట
साप-सापाय	साफ सुतरा	పరి శుభ్రపరుచుట
सापा	थराड पट्टी	
सापा	थराड़ पट्टी	
सामन	सामान	
सायकल	सायकल	
साले मरा	सालई का पेड़	
सालेवाड	सालेवार	నేతపనివారు
सासू	सास	
साहा	चाय	
सिकार	शिकारी	వేట
सिकारी कियमड़	शिकार करना	
सिकारी कियमड़	शिकार करना	
सिक्‍कगा	गाडापन	
सिक्‍कटा बुर्दा	गाड़ा कीचड़	
सिक्सा	शिक्षा	
सिंगिड	इंद्र–धनुष	ఇంద్రధనుస్సు
सिंगुल्क	कपडा	కుచ్చులు
सिग्‍गु अरमड़	शरमाना	సిగ్గుపడుట
सिट्‍के वाटमड़	चुट्‍की बजाना	
सिट्टी	कलसा	
सिडांचमड़	चिडाना	
सितापाला मरा	सिताफल का पेड़	సితాఫలం (చెట్టు)
सित्‍कु	कचरा	చెత్త చెదరము
सिने कच्‍लम	छोटा खटारा	చిన్న ఎద్దుల బండి
सिने तम्मुर	छोटा भाई	తమ్ముడు
हेरुंडु कोको	साला	మర్ది
सिने नानाल/काकाल	छोटा काका	
सिने सिन्नी	माँ की छोटी बहन	
सिन्‍कु	बूंद	
सिन्‍कुल्‍कु	बारिश के बूँद	చినుకులు వచ్చుట
सिन्नगा	छोटा	చిన్నది
सिने नानाल/काकाल	छोटा काका	
सिने सिन्नी	माँ की छोटी बहन	
सिन्नगा आयमड़	भांड़ा होना	
सिन्नगा-सिन्नगा आयमड़	छोटा-छोटा होना	
सिन्ना कट्टे	लाठी	
सिन्ना काल्‍कु	छोटे पैर	
सिन्ना गुट्टा	छोटा पहाड	
सिन्ना गुड्‍से	छोटासा मकान	
सिन्नी	चाची	పిన్ని; చినమ్మ
सिन्ने कोडियड़	छोटी बहु	తమ్ముని భార్య
सिन्ने तट्टा	टोकरी	చిన్న గంప
सिन्ने नार	गाँव	చిన్న ఊరు; గూడెము
सिन्ने पॆगु	छोटा-सा कपडा	
सिन्ने पेगिड	नाबालिका	చిన్న ఆడపాప
सिन्ने पेडल	नाबालिक	చిన్నమొగపాప
सिन्ने मीन	छोटा मच्‍छली	చిన్న చేప
सिप्‍पा		మట్టి పల్లెము
सिप्‍पिड		కంటిమైల
सिमिडी पेय्‍समड़	सेंबुड़ निकालना	
सिंमेट गूरे	सिमेंट का दीवार	
सिम्‍नि	चिराग़	దీపము
सिम्मुमड़	उछलना	
सिरमंतोड	धनवान	ధనము గలవాడు
सिराप	सीर्फ	
सिर्क-सिर्क कियमड़	सिर्क-सिर्क आवाज करना	
सिर्तागंड	बिबट	చిరుత పులి
सिर्रा-गोने	गिल्‍ली डंडा	
सिलुम पियमड़	जंग चढ़ना	త్రుప్పు పట్టింది
सिल्‍का	पोपट	రామ చిలుక
सिल्‍पम	शील्‍प	సిల్పం
सिल्‍लुमड़	ऊठना	
सिवम	शेर	సింహం
सिस पेंसिल	पेन्‍सील	పెన్‌సిల్
सीपा		నిచ్చెన మధ్యనవున్న చెక్క
सीमा कुंदेल	चिम खरगोश	
सीमा कोर्रु	चिम मुर्गी	
सीरमड	चीरना	
सील्का	छोटा नाला	చిన్నవాగు
सीसा	शिशा	
सुकम	सूख	సుఖము
सुक्‍का	तारा	చుక్కలు; నక్షత్రం
सुक्‍का		చుక్క
सुक्‍कांना तांबेल	टिपकेवाला कच्‍छुआ	
सुक्‍क्रारम	शूक्रवार	శుక్రవారము
सुटुरगा		చుట్టు
सुड़ि		సుడి
सुंडेल्‍ली	चुहा	
सुतिल नोंडे	सुतली(रस्‍सी)	
सुत्ते	हातोडा	సుత్తె
सुद्रंचा	सुधरना	
सुद्रे कीम	सुधराना	
सुनामी	सुनामी	
सुन्नम	चुना	సున్నము
सुन्ना तोडी	चुना जैसी मिट्टी	సున్నపు మట్టి
सुन्ना बंडा	चुना पत्‍थर	సున్నపు మట్టి
सुन्ने	शून्‍य	సున్న
सुन्नो	चुना	
सुपरुड(वेल्‍कुन)	उंगलियाँ चाटना	
सुय् पद्दि	साही	ఏదుపంది
सुय्यगा	धार	కొచ్చగా
सुय्यगा मनना कोस्‍सा	धार	
सुरुव कियमड़	प्रारंभ करना	ప్రారంబించు
सूदी	सूई	
सूरपंचा	घर का पीछे का भाग	
सॆगा	गाभा	
सॆदेपा मरा	कड़ुनीम का पेड़	వేప (చెట్టు)
सेक्‍करा	शक्‍कर	పంచదార(చక్కెర)
सेक्‍कां	टुकडे	చెక్కలు
सेक्‍कां किया वांता	टुकडे कर सकते है	
सेक्‍कुड	टासना	కోయ్యడం
सेंडि	गेंद	బంతి
सेडुगु तरास		చెడుగుపాము
सेड्डा मनकल	गलत आदमी	
सेड्डी	छड्डी	
सेत्तिरि	छाता	గొడుగు
सेदु	पलेह	
सेदू	कड़वापन	
कय्मूल	कटु; कठ्ठा; कड़वाहट	చేదు
सेदेपा मरा	नीम का पेड़	నిమ్మ చెట్టు
सेदेल	उदडी	
सेनगा पिंडि	चने का पीठ	
सेन्ने(जिम्मा मेस्‍कु)	मच्‍छली के अंडे	
सेंपा	गाल	చెంప
सेंपा पोरो तन्‍मड़	थप्‍पड मारना	
सेंबु	लोटा	
सेमटा काया	घमौरिया	చమటకాయ
सेमटा गब्‍बु	पसींने की बदबु	
सेमटा दोसमड़	पसींना निकालना	
सेमटा पियमड़	पसींना पकड़ना	
सेम्टा	पसीना	చెమట
सेम्टा दोसमड़	पसीना आना	
सेम्टा दोसमड़	पसीना आना	
सेम्‍सा	चमच	చెమ్చా
सेरवु	तालाब	చెరువు
सेल्‍ला	तौलियाँ	
सेल्‍ली	पूंछ के बाल	
सेव्टि मनकल	बहरा आदमी	
सेव्टिद	बहरी औरत	
सेव्टिद	बहरी औरत	
सेव्‍टिद	बहरी	చెవిటిరాలు
सेव्‍टी	बहरा	చెవిటివాడు
सेव्‍टिद	बहरी	చెవిటిరాలు
सेव्टोड	बहरा	
सेसा	धान्‍य दान	
सोक	सुंदर	అందమైన
सोक्‍लल	धोबी	
सोक्‍ले	धोबीण	
सोक्‍ले	धोबीण	
सोंगा	चिलम	
सोंगा आकी	चिलम बनाने का पत्ता	
सोंगा आकी	चिलम बनाने का पत्ता	
सोंगा उन्‍मड़	चिलम पीना	
सोंगा(गंजय उनानद)	चिलम	గంజాయి త్రాగె గొట్టము
सोप्‍पा	कळबा	చొప్ప
सोप्‍पा बेंड	मच्‍छली का प्रकार	
सोर्रेते/पुत्तीते होडियमड़	गुफे मे प्रवेश करना	
सोर्रेने	गुफे में	
सोल्‍लू	थुका	సొల్లు
स्‍टील	स्‍टील	
स्‍टेनलेस	स्‍टेनलेस	
स्रिमंत	धनवान	శ్రీ మంతుడు
हक्‍केरे	सुबह	ప్రొద్దున
हक्‍केरेन	सांझ(सबेरे-सबेरे)	ప్రొద్దునే
हगुड	योग	
हग्लाल		సడకుడు
हटाकोंगु	चोली/चुनरी	
हटापिर्ने	तीन दिन पहले	
हडपी	गोबर	పేడ
हडपी	गोबर	
हडपी कुप्‍पा	गोबर का ढीग	పేడ కుప్ప
हडपी तट्टा	गोबर फेकने का टोकरी	పేడతీసె గంప
हडिया	चना	శెనగలు
हडे	दामाद	అల్లుడు
हडे मर्रि	बहन का लडका	చెల్లె; అక్క కొడుకు
सडे-मियाड	हडे मिय्यड(सेल्‍लेना/अक्‍कना मिय्यड)	
हडे मर्रि	बहन का लडका	చెల్లె; అక్క కొడుకు
हड्‍पी तट्टा	गोबर उठाने का टोकरी	
हंदी	बीच में थोडा जगह	
हद्वुमड़	पढ़ना	చదవడము
हपेंट	हाफ पँट	
हरता गोंगडि	फटा हुआ कंबल	చినిగిన గొంగడి
हरहुड	फाड़ना	
पय्‍हुड	फोड़ना	
हर्रि	रास्‍ता	దారి
हर्रि पिसि ताकमड़	रास्‍ते से चलना	బాటసారి
हर्री हूडमड़	राह देखना	
हर्री कियमड़	रास्‍ता बनाना	
हर्री हूडमड़	राह देखना	
हल्‍वुमड़	चबाना	
हव्‍कुडु	मारना	చంపు
हव्‍कुडु	मार डालना/खून करना	
हव्‍वी	मटन	మాంసము
हव्‍वुडु		పాసిపోవడము
हह्‍की		రోలు
हांगुड	खींचा जाना	
हाटीं	के लिये	కొరకు
हाता जिवराशी	मुर्दा प्राणी	
हाता पिट्टे	मरा हुआ पक्षी	
हाता पुड़ी	मरा हुआ कीटक	
हाता मराकु	सुखा पेड़	
हातोन बोड्समड़	लाश को जलाना	
हातोर	मर गया	మరిణించాడు
हादुड	फलना	కాయడం
हाप	कांटा	ముల్లు
हापाकाया	बैंगन	వంకాయ
हापाकाया रंगु	नीला	నీలి
हापाकायां-मिरसां(कुसिरकायां)	सब्‍जीयाँ	కూరగాయలు
हापू	कांटा	
हायड्रोजन	हायड्रोजन	
हायुडु	मरना	చావడం
हातोर	मर गया	మరిణించాడు
हारी	रोटी	చిన్నరొట్టె
हारीं कियमड़	रोटी बनना	
हारुं,एनमिदि काल्‍कु	छ: या आठ पांव	
हारुर	छहजण	ఆరుగురు
हारूं	छह	ఆరు
हारुर	छहजण	ఆరుగురు
हासि होन्‍मड़	मर जाना	
हाह्‍कुना पोदा	ऊँटकटारा	ముల్ల పొద
हाह्मड़	तानना	
हिके-हेके	इधर-उधर	
हिक्‍का		ఉట్టి
हिड अरमड़	नीचे गिरना	
हिड अरहमड़	नीचे गिराना	
हिड मींडमड़	नीचे सोना	
हिडताल ताकमड़	के नीचे से चलना	
हिड़तुक	निचला भाग	
हिडु	नीचे	
दिगा बडमड	फंसना	
हिड अरमड़	नीचे गिरना	
हिड्तुक-पोरोड्क कियमड़	ऊपर नीचे करना	
हित्ता (मरा)	इमली का पेड़	చింత (చెట్టు)
हित्ता पुलसु	इमली का रस	పులుసు
हित्ता पेडे	इमली का बी	
हिय्युडु	देना	ఇవ్వు
हिर हीकाटा	अंधकार	రాత్రి; చీకటి
हिला कोंटे	शिवाय	
हिल्‍ले(हेल्‍ले)	नही	
हिसोब	गणना	లెక్క
हिस्‍सा	भाग	భాగము
हिस्‍सां कियमड	हिस्‍से बनाना	భాగలు చేయుట
हिस्‍सां कियमड	हिस्‍से बनाना	భాగలు చేయుట
हीकटा	अँधेर	
हीपि		ఆలు చిప్ప
हीरु		వేర్లు
हुक्‍कुड़	धोना	ఉతుకు
हुक्‍कुड़	लकड़ी चमचा	అన్నం కలిపే కట్టే
हुक्‍कुमड़	फटकना	
हुट्टुडु	लिपटना	
हुपसना वॆलु/वड़जु	संकेत उंगली	
हुम्मर	चुंबर	చుట్ట
हुरवे तल्‍ला	मधू	
हुसार आयमड़	सुधर जाना	
हूपिच्मड	दिखाना	చూపుము
हेच्‍हामड़	चावल चुनना	
हेटेड	विडा	
हेड़मीतद	मेहमान(स्‍त्री)	
हेड़मीतोड़	मेहमान	చుట్టము
हेड़मीतद	मेहमान(स्‍त्री)	
हेडसोत्ता बूमी	खराब जगह/भूमी	
हेड्‍सोत्ता मेंजू/गुड्डू	सड़ा हुआ अंडा	
हेड्‍हामड़	बिघडाना	
हेनुम	खडा	
हेपुर	झाडू	చీపురు
हेपुर जाड़ी	झाडू बनाने का घास	
हेपुर जाड़ी	झाडू बनाने का घास	
हेय्युड	झाडू लगाना	
हेय्यूं	पांच	ఐదు
हेय्यूर	पांच जण	ఐదుగురు
हेय्यूर	पांच जण	ఐదుగురు
हेरपुम	चप्‍पल	
हेरुंडु कोको	साला	మర్ది
हेर्यड		వియ్యంకు ఆమె
होंगगल्‍लोड	गुस्‍सावाला	
होड़सीय्मड़	छोड़ना	విడువు
निस्‍टेमायमड़	छूटना	
होडियमड़	घुस जाना	చొరడము
होली (कामुन पुन्नम)	होली	హొళి
होळ्‍समड़	छोड़ना	వదలటము
होव्‍वोर	नमक	ఉప్పు
