Gondi Word	Telugu Meaning
आपोआप	అకస్మితంగ
अचानक	అకస్మితుగ
अक्‍कल	అక్క
हडे मर्रि	అక్క కొడుకు
अग्गा	అక్కడ
अगटाल	అక్కడనుండి
उत्तदे	అక్కరకురాని
अक्‍सरम	అక్షరము
तलबाल्‍क	అక్షీంతాలు
तडिमि	అగ్గి
अग्‍गि डब्‍बा	అగ్గి పెట్టె
तडिमते बोळ्‍समड़	అగ్నిలొ కాల్చుట
अट्‍कु	అటుకు
असंटद	అటువంటిది
अड्डम	అడముగా
आरण्यम	అడవి
गुरगोड्डु	అడవి ఆవు
केडाकोर	అడవి కోడి
केडा गुर्रम	అడవి గుర్రమ్
पोन्‍गू	అడవి పావరం
केडा कोड्‍का पिट्टे	అడవి పిచ్చుక
केडा वेरकळ	అడవి పిల్లి
निर बिल्‍ली	అడవి పిల్లీ
काड बर्रे	అడవి బర్రె
केडा बल्‍ली	అడవి బల్లి
केडा मन्‍कल	అడవి మనిసి
केडाते मनमड	అడవిలొ ఉండుట
केडातेन वेलियमड	అడవిలొ తిరగడము
अड़गुना पज्‍जो अड़गु वाटमड़	అడ్గులొ అడ్గు వెసీ నడచుట
अड्डीगा	అడ్డిగా
बिच्‍चागाड	అడుగుక్కునేవాడు
तल्कमड़	అడుగుట
वोर (ओर)	అతను
आत्ताइ	అత్తమ్మ
अत्‍तर	అత్తర్ ఉపయొగించడం
पापे	అతిజిహ్వ
अद्दोम	అద్దము
अदमिसी पियमड़	అద్మీ పటటము
अच्‍हुडु	అద్ముట
तक्दीर	అదృష్టం
कुसी	అనందం
दादल	అన్న
गाटो	అన్నము
हुक्‍कुड़	అన్నం కలిపే కట్టే
अन्नि	అన్ని
इनुडु	అను
बातल इत्ते अद	అనుకున్నది
अन्मानम	అనుమానం
जाटा	అనుములు
रक-रकाल्‍क/तीर-तीर्क्‌ना	అనేక రకాలు
कर्ज	అప్పు
अस्के	అప్పుడు
लबाड	అబద్దము
अब्बा	అబ్బా
अब्रक	అబ్రకము
अमासा	అమవాస్య
काको	అమ్మమ్మ
यावल	అమ్మా
अम्मुड	అమ్మాడం
इंका	అయన
अय्ते	అయ్తె
तेर	అయ్న!
ओनद	అయ్నది
आय्‍ना	అయ్నా
अय्यो	అయ్యొ
अरग्ता	అరగింది
अर्टी पंडी	అరటి
अर्टी मर्रा	అరటి (చెట్టు)
अरवै	అరవై
अरवै हारूं	అరవై ఆరు
अरवै-एडूं	అరవై ఎడు
अरवै एनमिदि	అరవై ఎనమిది
अरवै हेय्युं	అరవై ఐదు
अरवै उंदि	అరవై ఒకటి
अरवै तोम्मिदि	అరవై తొమ్మిది
अरवै नालूं	అరవై నాలుగు
अरवै मूडु	అరవై మూడు
अरवै रोंडु	అరవై రెండు
तेडियता	అర్థమయింది
अर्तम	అర్థము
एरपाट कीकुनमड़	అర్థము చెసుకొవడము
नड़जाम नरका	అర్ధరాత్రి
बुंकमड़	అర్వటము
पूस कियमड़	అర్సుకొవడము
अरि कय	అరి చెయ
अरि काल	అరికాల్
अरगिस होनमड़	అరిగి పొవటము
अरगु	అరుస
अलबट	అలవాటు
नेरबड़मड़	అలసి పొవడము
पच्‍चिअलम	అలం గడ్డ
उसुड़	అల్కాడము
नास्‍ता	అల్పొపహారము
बुग्‍गेंडी	అల్యుమినియమ్
नॆड़ी मरा	అల్లనేరెడు (చెట్టు)
लोल्ली	అల్లరి
लोल्‍ली कियमड़	అల్లరి చెయుట
नोटुडु	అల్లుట
हडे	అల్లుడు
तकांच्मड़	అల్సి పొవడము
अहन	అలా
अदुन लेसीं	అలాంటిది
अवसरम	అవసరము
कास	అవసరమైన
आयुडु	అవ్వండి
अव	అవి
अहेरी	అహెరీ
अंगी	అంగి
अंचू	అంచు
अतकुड	అంటకొవటము
अंटावाटमड	అంటపెట్టటము
अंट्‍कुल्‍क	అంట్లు
अंटकुन्‍मड	అంటుకొవటము
इत्ते	అంటే
अच्चोर	అంత
अंदुडु	అందడము
मंचिदि	అందముగ
सोक	అందమైన
कडगोट्टोड	అందరి కంటే చిన్నవాడు
अंटोर्कना सिन्नोड़	అందరికన్న చిన్నవాడు
बोत्तिटोर	అందరు
अंदूग मरा	అందుగు చెట్టు
इंचेके	అందువలన
काल्‍कुना गोल्‍सु	అందె
जावा	అంబలి
जावक रुब्‍बना बंडा	అంబలి రుబ్బె బండ
आ रोजु	ఆ రొజూ
करुव	ఆకలి
करवेसमड़	ఆకలి అవడము
ऑक्‍सीजन	ఆక్సిజన్
आकाशम	ఆకాశమూ
आकि	ఆకు
पच्‍चगा(आकी)	ఆకుపచ్చ
पच्‍चा कुसिर	ఆకూ కూరలు
कोस्‍सा	ఆఖరీ కొస్స
आगुडु	ఆగము
एदुर हूडमड़	ఆగు
गुरजी	ఆచార్యుడు
आटा	ఆట
दोटेनय	ఆడ కుక్క
पड्डा पेय्या	ఆడ దూడ
मुत्तो	ఆడది
करसुड़ु	ఆడుట
जीवा	ఆత్మ
अय्तारम	ఆదివారము
गम्मत	ఆనందము
आ नाडू	ఆనాడు
अनात पोरी	ఆనాద ఆడ పిల్ల
अनात पोराल	ఆనాద పిల్లవాడు
आपुड	ఆపడము
बंद कियमड़	ఆపెయడము
आपीस	ఆఫీసు
आबद्दम	ఆబద్దము
नेरडा मरा	ఆముదము చెట్టు
नेर्डा निय्य	ఆముదము నూనె
अदुन/दान	ఆమెది
आरस्मड़	ఆర్పడము
पिर्रुड़	ఆరిపొయింది
हारूं	ఆరు
हारुर	ఆరుగురు
सम्मिस	ఆరువది
आरे मरा	ఆరె చెట్టు
आल्‍सेम आयमड	ఆలస్యమ్ అవడము
आल्‍सेम	ఆలస్యం
आवल्मरि	ఆల్మారి
आलीगड्डा	ఆలు గడ్డ
हीपि	ఆలు చిప్ప
वालगु जिम्मा (मीन)	ఆలుగు (చేప)
वयह्‍क	ఆవలించు
आवल्‍क	ఆవాలు
गोड्डू	ఆవు
गोड्डु पाल निय्यु	ఆవు పాలు వెన్న
गोड्डु उच्‍चा	ఆవు మూత్రము
गोड़कुना मंदा	ఆవుల మందా
गोड्‍क-गोदाल्‍क	ఆవులు
आकाडि (-महिना)	ఆషాడం (జూలై)
आंद्रा	ఆంధ్ర
इग्गे	ఇక్కడ
इग्गेटल	ఇక్కడి నుండి
पीम	ఇగొ
इल्‍हा	ఇట్లా
इट्‍के कियमड़	ఇటికలు చెయడము
इट्के	ఇటుక
इसंटद	ఇటువంటిది
इसंटां	ఇటువంటివి
ईनद	ఇతని
इत्तोडी	ఇత్తడి
इत्तोड ताली	ఇత్తడి చెంబు
वेड़सी इर्रना उंदि जॆगा	ఇత్తడితో చేసిన దీపముల సమూహము
इद	ఇది
इल्‍हा बल्‍हा	ఇది ఎట్లా?
कच्चिता पेनेम	ఇనుప పెనం
इनपा	ఇనుము
कच्‍चि बंडा	ఇనుము బండ
इर्क मरा	ఇప్ప (చెట్టు)
गारे काया	ఇప్పపువ్వు
इंदके	ఇప్పుడు
इंदकेने	ఇప్పుడె
इर्सू	ఇర్సు
इरवै	ఇరువై
इरवै-हारूं	ఇరువై ఆరు
इरवै-एडूं	ఇరువై ఎడు
इरवै हेय्युं	ఇరువై ఐదు
इरवै उंदि	ఇరువై ఒక్కటి
इरवै तोम्मिदि	ఇరువై తొమ్మిది
इरवै नालूं	ఇరువై నాలుగు
इरवै मूडू	ఇరువై మూడు
इरुवै रोंडु	ఇరువై రెండు
लॊन	ఇల్లు
लोता सुटुना जॆगा	ఇల్లు చుట్టుస్థలము
इदुन लेंसीं	ఇలాంటిది
हिय्युडु	ఇవ్వు
इव	ఇవి
इस्‍टमातद	ఇష్ట పడ్డది
इच्‍चा आयमड़	ఇష్టపడడము
उस्के	ఇస్క్య
नोरमड़	ఇస్రుట
जोत्ता	ఇస్రురాయి
उस्‍के बंडा	ఇసిక్య రాయ
मर्रा	ఇంక
इंगु	ఇంగువ
गूरे	ఇంటి చుట్టు కట్టిన తడకలు
दाबा	ఇంటి పై భాగము
पाडी	ఇంటిపేరు
इच्चोर	ఇంత
इचटुर	ఇందరు
सिंगिड	ఇంద్రధనుస్సు
इय्योड	ఈ సంవత్సరము
बूरा	ఈక
वीसी	ఈగ
कडसि होन्‍मड़	ఈగీ పొవడము
ईदमड़	ఈత
इता मरा	ఈత (చెట్టు)
नेंड	ఈరోజు
उच्‍चा	ఉచ్చ
उडकमड	ఉచ్చ పొయటము
उळ्‍काला होन्‍मड़	ఉచ్చ పొయడానికి పొవడము
उळ्‍किसी वायमड़	ఉచ్చ పొసీ రావడుము
उळ्‍कमड़	ఉచ్చా పొయడము
हिक्‍का	ఉట్టి
उड़गुमड़	ఉడిగి పొవటము
वेर्से	ఉడుత
उर्रुम	ఉడుము
उत्रम	ఉత్తరము
उत्तेरा	ఉత్తెరా
हुक्‍कुड़	ఉతుకు
जावोड्द पोड्द	ఉదయము
उद्देरा	ఉద్దెర
पुट्कु	ఉద్భవం
नोव्‍करि	ఉద్యోగము
मंता	ఉన్నది
उप्योग	ఉపయోగం
उपरोम	ఉపరము
होव्‍वोर	ఉప్పు
उब्‍बुमड़	ఉబ్బడము
उब्‍बुता जॆगा	ఉబ్బిన స్థలము
उच्‍चुल	ఉమ్మి
उस्‍कुड	ఉమ్మెయడము
ऊकड	ఉయ్యాల
वित्तुडु	ఉర్కుట
पासा	ఉరి
उल्‍किसी अरमड़	ఉల్కి పడటము
उल्‍ली	ఉల్లి
उल्‍ली गड्डा	ఉల్లిగడ్డ
कास्ता	ఉష్ణమైన
उसीर्के मरा	ఉసిరి (చెట్టు)
ईसुल	ఉసుల్లు
मुद्दा	ఉంగరము
इर्रुडु	ఉంచు
मंदमड़	ఉండడము
मन्नु	ఉండు
ऊंगंमड़	ఊగాడము
उह्‍कुड	ఊదడము
तुताकोम	ఊదెకొమ్ము
ऊपमड़	ఊపడము
बुग्गा	ఊపిరి బుగ్గ
नार तिरियनोर	ఊరీలొ తిరిగెవాడు
ऊर बिस्‍के	ఊరు బిస్కె
बगा	ఎక్కడ
बेके	ఎక్కడ, ఎటు?
एक्‍कुड	ఎక్కడము
बगनना	ఎక్కడైనా
एक्‍किस होनमड़	ఎక్కి పొవడము
एक्‍कुल्‍क तेदमड़	ఎక్కిలు రావ్డము
एक्‍कुल्‍कु	ఎక్కిళ్ళు
वेल्ले	ఎక్కువ
परीयमड़	ఎగిరింది
उह्‍कुडु	ఎగించడము(పిలన్ గొయ్య)
बसंटद	ఎటువాంటిది
डेमा	ఎడమ
तेहाचि ओयमड़	ఎత్తి తీస్కెల్లడము
एत्तू	ఎత్తు
एत्तु गुट्टा	ఎత్తు కొండ
गुप्‍पा	ఎత్తు స్థలము
एत्तुंक एत्तु	ఎత్తుకు ఎత్తు
कोंदा	ఎద్దు
कासूर	ఎద్దులబండి
बव्टे	ఎదానీ తొ సహ?
बद	ఎది?
एनबै	ఎనబై
एन्‍बै हारूं	ఎనబై ఆరు
एनबै-एडूं	ఎనబై ఎడు
एनबै एनमिदि	ఎనబై ఎనిమిది
एनबै हेय्युं	ఎనబై ఐదు
एनबै उंदि	ఎనబై ఒకటి
एनबै तोम्मिदि	ఎనబై తొమ్మిది
एनबै नालूं	ఎనబై నాలుగు
एनबै मूडु	ఎనబై మూడు
एनबै रोंडु	ఎనబై రెండు
बचोक	ఎన్ని
एनमिदि	ఎనిమిది
बस्के	ఎప్పుడు
बस्‍केनना	ఎప్పుడైనా
एबै हारूं	ఎబై ఆరు
एबै-एडूं	ఎబై ఎడు
एबै हेय्युं	ఎబై ఐదు
एबै उंदि	ఎబై ఒకటి
एबै तोम्मिदि	ఎబై తొమ్మిది
एबै नालूं	ఎబై నాలుగు
एबै मूडु	ఎబై మూడు
एबै रोंडु	ఎబై రెండు
पेरमड़	ఎరడము
एर्किच्मड़	ఎర్కియడము
एर्रा गोर्रे	ఎర్పు గొర్రె
एर्रा पूसा	ఎర్పు పూసా
एर्रा मन्नु	ఎర్పు మట్టి
एर्राटा मिच्‍चो	ఎర్రటి తేలు
पॆंडा पोदूर	ఎర్రటి పేగు
एर्रापुडी	ఎర్రా పుర్గు
एर्रगा	ఎరుపు
एरवु	ఎరువు
इरवै एनमिदि	ఎరువై ఎనిమిది
एल्‍का मरा	ఎల్కా చెట్టు
पेय्‍समड़	ఎల్లడం
एल्‍पाया	ఎల్లపాయ
बहन	ఎలా?
एल्‍ली	ఎలుక
एड्‍जू	ఎలుగుబంటి
नालूं रोजकुंक	ఎలుండి
बोनद	ఎవరిది
बोरद-ओरे	ఎవరిది వారె
बोर	ఎవరు
बद्दना	ఎవరో ఒకరు
बव	ఎవీ?
एद्दी	ఎండ
एद्दी कालम	ఎండకాలం
एदिते तासमड़	ఎండలొ పెట్టడము
एटो	ఎండ్రికాయ
एमडाल्‍क	ఎండాలు
वत्तिस होनमड़	ఎండిపోవడము
गोडचो	ఎంతొ
बचटूर	ఎందరు
बारी	ఎందుకు
अडुड़	ఏడ్చుట
एडूं	ఏడు
सुय् पद्दि	ఏదుపంది
बतलो	ఏదో ఒకటి
एनी	ఏనుగు
बातल हेल्‍ले	ఏమి లేదు
बातल	ఏమిటి
बतले तिनाकोंटा मनमड़	ఏమె తినకుంట ఉండటము
हेय्यूं	ఐదు
हेय्यूर	ఐదుగురు
कोनम बाम	ఒ చేప పేరు
गुड्डी वीसी	ఒ దోమ పేరు
उम्मादामा	ఒ పక్షి పేరు
डाल्‍पीन	ఒ పక్షీ పేరు
गोदमा नागुम	ఒ పాము పేరు
गुर्ती पिट्टे	ఒ పిట్టె పేరు
नारेंगा	ఒ రకము చేప
डिस्‍को पूसा	ఒ రఖమైన పూస
कींकिर	ఒ రఖమైన వాద్యము
डोल	ఒ వాద్యము
डांग	ఒ వాద్యము సప్పుడు
उंदि कळु	ఒక కన్ను
कोडपा जिम्मा	ఒక చేప పేరు
कोलाटम	ఒక పల్లె ఆట
जेरगोड्डु	ఒక పాము పేరు
उंदि पाव हिस्‍सा	ఒక పావు భాగము
जिर्रे पुडी	ఒక పుర్గు
उंदि	ఒకటి
उंदान पोरो उंदि	ఒక్క దాని మీద ఒకటి
उंदि मल्‍का	ఒక్క సారి
जूंजरि	ఒక్కటి అంటె ఇక్కటి చేస్తాడు
उंदे(मु.)	ఒక్కతను
वरोर(म.)	ఒక్కతనే
जमाना	ఒక్కపుడు,కాలం
उंदे जॆगाते आयमड़	ఒకె చోట ఉండటము
ओजोन	ఒజొన్
ओट्टु	ఒట్టు
ओड्डू	ఒడ్డు
ओड़सेला	ఒడిసెల
ओत्तू	ఒత్తు
ओप्‍पुकुन्‍मड़	ఒప్పుకోవడం
आशे पडमड़	ఒపిక్య
ओर्रे	ఒర్రె
उंदी-उंदी मन्‍मड़	ఒంటరిగా ఉండటము
लोटापेटा	ఒంటె
कक्‍कुडु	ఒంతులు చెయటము
ओकरेंता	ఓకారము
पटाकी	ఔటు
लोद्दी	కచలము నడసి తయరైన లొద్దీ
कट्टा	కట్టా
दोहमड़	కట్టు
पॊंडमड़	కట్టుకోవడము
मॊता	కట్టెలమోపు
कट्टें,मोट्टुक	కట్టెలు, మొట్టులు
कट्टे	కట్టే
अहेर	కట్నము
कट्‍ला तरास	కట్లా పాము
पीर लोपुड	కడపు లొపడము
बोत्ता पीटद	కడపుతొ ఉన్న స్త్రీ
कडियाल्‍क	కడియం
नोर्रुड	కడుగుట
पीरु उबमड	కడుపు
पीरनोयुड	కడుపు నొయడము
कसेर	కత్తి
कत्तेरा	కత్తెర
कत्तेरा बंडा	కత్తెరా రాయ
कत्रिच्मड	కతిరించుట
वेसूडि	కథ
कड़कुंक एह्‍क वायमड़	కన్నిర్ రావటం
कडेर	కన్నిళు
कड़	కన్ను
कड़ु गुड्डु	కన్ను గూబ
कड़-पापा	కన్ను బొమ్మ
गनि	కని
कडु रेप्‍पा	కను రెప్ప
कपडगाल	కపడ్ గాల్
पन्ने	కప్ప
पन्ने मेस्‍कू	కప్ప గుడ్లు
मुच्‍चुडु	కప్పుట
वार्ता	కబురు
पोट्टे	కమ్చీ
कम्मरि	కమ్మరి
करगुडु	కరగడము
कर्गुतव	కరగినవి
कर्गगोट्मड़	కరగించడము
कस्‍कुड	కరవడము
करगना बंडा	కర్గె బండా
अरगना-बंडा	కర్గె రాయ్
कर्सु	కర్చులు
केव्वु	కర్ణము
टरबुजा काया	కర్బూజా
देवसाल्‍क	కర్మకాండ
कला	కల
पोंटोल	కలము
कलियुडु	కలవడము
कल्‍पुडु	కల్పడము
कडा	కల్లము
कंडतेम आयमड़	కష్టమ్ అవటము
कंडतेम	కష్టము
कस्‍टम कबड कियमड़	కష్టముగల పని చెయటము
कस्‍टम	కష్టం
कुर्रा	కంక
सिप्‍पिड	కంటిమైల
कंटे	కంటె
लेंग	కంఠము
कंडा बलम	కండరము
कंदीं	కందులు
कंदेना	కందెన
कंदेन तासमड़	కందెన పెట్టడము
कन्‍ड्ररां	కంనడ్రాలు
अड़गु	క్రింది భాగం
पूना	క్రొత్త
क्षार	క్షారము
पद्‍लेंगा	క్షెమంగ
कारले काया	కాకర కాయ
काकड	కాకి
कचुहमड़	కాగపెట్టడము
कायदोम	కాగిదము
काटके	కాటుక
कनूग् मरा	కానుగ చెట్టు
काया	కాయ
हादुड	కాయడం
तड़की	కారజెమ్
पॊंगुड़	కారడము
कारम	కారము
कारजेम	కార్జము
दिवोळ आम्‍स	కార్తీకం
कॉर्बनडायाक्‍साइड	కార్బన్ డాయ‍అక్సాయడ్
उपायम	కార్యము
आपीस	కార్యలయము
कालम	కాలమ్
काल्‍कुने तव्‍विसी वित्तुडु	కాలలతొ తవ్వి పరగెత్తడము
बोड्‍समड	కాల్చుట
ताकमड़	కాల్లతొ నడవడము
काल्‍कुना गोह्‍कु	కాల్లా గొర్లు
काल्‍कू	కాల్లు
काल देब्‍बा	కాలు దెబ్బ
काल	కాళ్ళు
कंचु	కాస్యా
कंगारु	కాంగారు
कांडि	కాండీ
किन्नेरा	కిన్నెరా ఒక వాద్యము
कील बोक्‍का	కీలు బొక్క
किचकिच इन्‍मड़	కీస్ కిస్ అని అరవడము
नय्यु	కుక్క
नय पोरी	కుక్క పిల్ల
पॊतू नय्यू	కుక్క(మగ)
सिंगुल्क	కుచ్చులు
कुट्टुडु	కుట్టు
कुटार	కుటార్
तिना	కుడి
तिना कय्‍दे	కుడిచేతితో
कोब्‍बेर कुड़का	కుడుక
उर्री	కుతంత్రం
कुत्तेम	కుత్తెమ్
कुत्तेम आयमड़	కుత్తెమ్ అవడము
कुत्तेम कियमड़	కుత్తెమ్ చెయడము
कुप्पा	కుప్ప
कुम्मर पुडी	కుమ్మరి పురుగు
कुम्मल	కుమ్మరివాడు
कुमूड (मर्रा)	కుమ్ముడు చెట్టు
मर्रि	కుమారుడు
पेकूर	కుమారులు
कुय्या	కుయ్య
कोर्दा कुरकुर इन्‍मड़	కుర్ కుర్ అనడము
कुर्सि	కుర్చి
उपिच्मड	కుర్చొపెటడము
कुरपुम	కుర్పు
कुरपे	కుర్పె
पोट्टिद	కురుచ
कुलम	కులము
तोय्‌टल	కులము పేరు
कळियता मेंजू	కుల్లిపొయన గుడ్డు
कुलिगाडु	కుళీవాడు
कुंकुम	కుంకుమ
कूटि	కుంటి
कुंटोड	కుంటివాడు
कुंटुड	కుంటుట
अड़का	కుండ
ऐरेन अड़का	కుండలు
कुंदेल	కుందేలు
कूटा	కూటా
पेगिड	కూతురు
कुसिर	కూర
कुसिर सामान	కూర వస్తువులు
हापाकायां-मिरसां(कुसिरकायां)	కూరగాయలు
उद्दुड	కూర్చో
कुल्‍हुड	కూళిపెయడము
बूती	కూళీ
कूसम	కూసం
कूसम तेंडमड़	కూసం తియడము
दुप्‍पी	కృష్ణ జింక
कोकसम	కొకసమ్
कोक्‍की	కొక్కి
कोगिल पिट्टे	కొకిల పిట్టె
सुय्यगा	కొచ్చగా
कोड़का	కొట్టము
जहमड	కొట్టుట
उर्रे अरमड़	కొట్లాడటము
मासूल तरास	కొడచిలువ
कोडियड	కొడలా
कोड़ंज़	కొడంజ్
कोडंज निय्यू	కొడంజ్ నూనె
कोर पीसे	కొడి పిల్ల
पेडाल	కొడుకు
दनेम कुसिर	కొత్మీరి
कोत्लल	కొతాలివాడు
कोतीतालेसीं दिसमड	కొతిలాగా కనపడటము
कोतीतसंटा अल्‍बट्‍कु	కొతిలాంటి అలవాట్లు
गिचचो	కొద్దిగ
गिचचो-गिचचो	కొదిగ, కొదిగ
कोब्‍बेर मारा	కొబ్బరి (చెట్టు)
कोब्‍बेर काया	కొబ్బరికాయ
कोबेर निय्यु	కొబ్బెర నునె
नारलेम काया	కొబ్బెరికాయ
कोम्मा	కొమ్మ
कोमन्नापोरो	కొమ్మలపైన
कोर	కొమ్ము
कोम्‍कु	కొమ్ములు
कुट्टा	కొయ్య
कोय्युडु	కొయ్యడము
हाटीं	కొరకు
कोर्कुड	కొర్కడము
कोरॆं-कोरॆं इन्‍मड़	కొర్రెం అని అర్వడము
कहुडु	కొలవడము
कोंका नक्‍का	కొంక నక్క
कोंगा	కొంగ
कोंगु	కొంగు/అంచు
कोंचम-कोंचम	కొంచం కొంచం
गुट्टा	కొండ
गुट्टा गट्टुक	కొండ కొన
कोंडीं	కొండి
कोंडेंगा	కొండెంగా
कोंडेंगा मुसकिरी	కొండెంగా మూతీ
कोंडेंगालेसीं मरक एक्‍कुमड़	కొండెంగాలా చెట్లు ఎక్కడము
इच्‍चुक	కొంత
कोटी	కోటి
कोर्रु	కోడి
कोरमेंजू	కోడి గుడ్డు
कोर पेट्टा	కోడి పెట్ట
कोरबूरा	కోడి బూరు
कोर-पोरि	కోడిపిల్ల
गोगोड	కోడిపుంజు
कॊती	కోతి
कोड्डी	కోన
जप्‍पना होंगवायनोर	కోపంగల
कोमटि जाति	కోమటోడు
सेक्‍कुड	కోయ్యడం
कॊलू	కోలూ
कोरगूडा	కోళ్ళగూడు
कॊसुल	కోసుల్
आलिंगन हियमड़	కౌగిలించుకొవడము
रोमबोच्‍चें कल्‍पमड़	కౌగిలించుట
कय	ఖరము
गज्‍जेर पंडि	ఖర్జూరము
गजगजा वन्‍कुमड़	గజ్జ గజ్జ వణకాడము
गज्जि	గజ్జి
गज्‍जे	గజ్జె
गट्टिगा	గట్టిగ
इरगा वितुमड़	గట్టిగా పర్గెత్తడము
गट्टितनम	గట్టితనమ్
गड्डा	గడ్డ (దుంప)
गड्डा कट्टुमड़	గడ్డ కట్టడము
गडापारा	గడ్డపార
दाडी	గడ్డము
जाडि	గడ్డి
जाडी कट्टा	గడ్డి మొపు
कोरियमड़	గడ్డెమ్ తియడము
गडि	గడియారము
नीरे	గత సంవత్సరము
गद्दे	గద్దె
गद्‍वा	గద్వభాగము
अर्रामूला	గది
अर्रा	గది, ఖాళీ ప్రదేశం
गन्ने	గన్నె
गबिलेंका पिटे	గబ్బిలము
सपलाका	గమ్ముగ
गमेला	గమెల
गर्का जाडि	గర్కా గడ్డి
बोत्ता आयमड़	గర్భధారణ
पीर	గర్భము
बोतता पिंडेम	గర్భంలొనీ పిండెం
गलमा पिड़पू	గల్మ తడక
गंजय	గంజయ్
सोंगा(गंजय उनानद)	గంజాయి త్రాగె గొట్టము
गंज	గంజు
पशुल्‍कुना गंटा	గంట
गंदक	గంధకము
तट्टा	గంప
गैस	గ్యస్
पाट्लाल	గ్రామ పెద్ద మనిషి
आकि-पेन	గ్రామదేవత
नार	గ్రామము
जीरका होन्‍मड़	గ్రుచుడము
मेंज	గ్రుడ్డు
मेस्क	గ్రుడ్లు
गिलास	గ్లాసు
ग्‍लिसिरिन	గ్లిసిరిన్
गाजी	గాజు
गाजुल पुडी	గాజులపురుగు
गाड्‍दी पोरी	గాడది పిల్ల
गाड्‍दी	గాడిది
गार्का	గారెలు
गालम पुडी	గాలమ్ పురుగు
गालम	గాలము
वड़ी	గాలి
पतंग	గాలి పటం
दुमारम	గాలి వాన
किस्कुड	గిచ్చుట
कटोरी	గిన్నె
गिन्ने	గిన్నెలు
गिर्का	గిర్క
गिर्दवार	గిర్దవార్
गिल्‍ले पुडि	గిల్లె పురుగు
पेडे	గింజ
गोडाचुक	గింతంత
मेट्टा	గుట్ట
गुड्डि	గుడ్డి
गुड्डी कोंगा	గుడ్డి కొంగ
गुड्‍डूक पेल्‍कमड़	గుడ్లు ఎర్గాడము
गुग्रीं	గుడాలు
गुड्से	గుడిసె
गुत्ति	గుత్తి
पॆंडा	గుద్ద
गुबुर	గుబురు
गुमड़काया	గుమ్మడి కాయ
गुम्मी	గుమ్మి
जमा आयमड़	గుమికూడారు
जाड़ा	గుర్తు
एरपाट मन्‍मड	గుర్తు ఉండడము
एरपाट कियमड़	గుర్తు పెటడము
एर्का	గుర్తు/జ్ఞపకము
गुर-गुर इन्‍मड़	గుర్రడము
गुर्रम	గుర్రము
गुर्रम पोरी	గుర్రుం పిల్ల
गुर्रम पुडी	గుర్రుం పురుగు
तट्टा	గుల్ల
गुव्‍वा	గువ్వ పిట్టె
बुयारम	గుహ
गुंजा	గుంజ
गुंटुक	గుంటుకు
गुंडुर्गा कियमड़	గుండ్రుగ చెయటము
गिरा-गिरा	గుండ్రుగా
गुंडिंग	గుండిలు
गुंडे काया	గుండె కాయ
गुंपु-गुंपु मन्‍मड़	గుంపుగ ఉండటము
गूटे	గూటె
गूडाते	గూడలొ
गूपा पिट्टे	గూడ్లగుబ్బ
गूडाते मींड़मड़	గూడాలొ పండకొవటము
सिन्ने नार	గూడెము
गूनोड	గూనివాడు
गूबा	గూబా
गेल्‍सुडु	గెల్వడము
गोट्टे मरा	గొట్టె చెట్టు
जगडम	గొడవ
मरसू	గొడ్డలి
नोहकुता कारम	గొడ్డుకారము
गूरे	గొడా
कुदुर डोक्‍के	గొడా బల్లి
सेत्तिरि	గొడుగు
गोह्क	గొదుమలు
गोर्रु	గొర్రు
गोर्रे	గొర్రె
गोर्रे पोतु	గొర్రె పొతు
गोर्रेना मंदा	గొర్రెల మందా
गोल्‍लाबामा	గొల్లబామా
गोल्लल	గొల్లవాడు
गोल्‍सु	గొల్సు
गोंगोडि	గొంగడి
गोंड्रुंमड़	గొండ్రడము
बोंडके	గొందిక్య
कूल्‍हुड	గోకుట
गज्जि	గోకుడు
वीच/बोंदा	గోరి
गॊरु	గోరు
गोलि	గోళి
गोसी	గోసీ
कोया	గోండి
कोया बाषा	గోండి భాష
गारे	చక్రం
हद्वुमड़	చదవడము
सप्‍पगा	చప్పగా
सप्‍पगा	చప్పనైన
सेमटा काया	చమటకాయ
तॊल	చర్మము
सल्‍लगा	చల్ల
सल्‍लटद	చల్లటి
सल्‍लटा(एरु)	చల్లటి (నీరు)
सल्‍लगा आयमड़	చల్లబడింది
आरुडु	చల్లరింది
पीनि	చలి
पीनि कालम	చలికాలము
मरा बॊलु	చలిమంటవేసేచోటు
संका	చంక
वॆडसी	చంద్రుడు
हव्‍कुडु	చంపు
रोम बोच्‍चे	చాతి
इरगा	చాల
एक्‍को	చాల/బాగా
वेल्‍लेन	చాలా ఎక్కువ
आंता	చాలు
हायुडु	చావడం
वत्तिस होन्‍मड़	చిక్కి పోవడము
कोर्री	చిక్కుడు
कोर्री काया	చిక్కుడు కాయలు
गोरु सिक्‍कुड काया	చికుడ్ కాయ
काडी कचरा	చితుక చెమెరా
सिन्नी	చినమ్మ
सिन्ने पेगिड	చిన్న ఆడపాప
सिन्ने नार	చిన్న ఊరు
सिने कच्‍लम	చిన్న ఎద్దుల బండి
अंचे	చిన్న గంప
गुंटा	చిన్న చెల్మె
सिन्ने मीन	చిన్న చేప
पंते	చిన్న దీపము
बंडा	చిన్న బండలు
सिन्नगा	చిన్నది
काकाल	చిన్ననాన్న
काकी	చిన్నమ్మ
सिन्ने पेडल	చిన్నమొగపాప
हारी	చిన్నరొట్టె
सील्का	చిన్నవాగు
दुर्‌नागि	చిన్నశరీరముగల విషపూరితమైన పాము
हरता गोंगडि	చినిగిన గొంగడి
सिन्‍कुल्‍कु	చినుకులు వచ్చుట
सिर्तागंड	చిరుత పులి
रंबा	చిలుక
आकीरि	చివరి
हित्ता (मरा)	చింత (చెట్టు)
हिर हीकाटा	చీకటి
कैसुर	చీపుర్
हेपुर	చీపురు
पेत्ते	చీమ
कप्‍पिड	చీర
गुट्टी	చీలమండ
काल्‍वा	చీలుకా
काल्‍वा तेंडमड़	చీలుకా తియడము
सुक्‍का	చుక్క
सुक्‍का	చుక్కలు
हुम्मर	చుట్ట
हेड़मीतोड़	చుట్టము
सुटुरगा	చుట్టు
हूपिच्मड	చూపుము
पाटि	చెక్క
सेक्‍कां	చెక్కలు
मरा	చెట్టు
बोड़ा गुट्टा	చెట్లులేని కొండ
कराब मेंजू	చెడి పొయిన గుడ్డు
कराबतद	చెడి పొయినది
पाड आयमड़	చెడిపోయింది
कराब	చెడు
सेडुगु तरास	చెడుగుపాము
सित्‍कु	చెత్త చెదరము
गोकुड(कय्‍कुने)	చెతీతొ గొకడము
जिम्मा हाप	చెప వెముక
जिम्मंना मंदा	చెపల మంద
वेहमड	చెప్పండి
उबर	చెమట
उब्‍बरिच्मड़	చెమట రావడము
सेम्‍सा	చెమ్చా
कियमड़	చెయుట
सेरवु	చెరువు
हडे मर्रि	చెల్లె
केव्वु	చెవి
केवपॊगू	చెవి పోగూ
सेव्‍टिद	చెవిటిరాలు
सेव्‍टी	చెవిటివాడు
जिब्‍बुल	చెవీలోని జీబిలి
केव्क	చెవులు
सेंपा	చెంప
दस्तीगुड्डा	చేతిగుడ్డ
कय	చేతు
कय्मूल	చేదు
ओगोर	చేదూ
नॆली	చేను
नॆलीने	చేనులొ
नरमे	చేప
ओडाल	చేపలు పట్టేవాళ్ళు
एव्‍वुडु	చేరడము
कामुन पुनम नेला	చైత్త మాసమ్
अंगी	చొక్క
अंगी नांदमड़	చొక్క తడవడము
नेंग-	చొచ్చుట
सोप्‍पा	చొప్ప
होडियमड़	చొరడము
कुच्‍चुडु	చొరబెటటము
सहा	ఛాయ
जग्डाल्‍क	జగడం
जॆगरता	జగర్త
जेडा	జడ
पुट्मड़	జన్మించుట
जनुम	జనుము
जमा कियमड़	జమ చెయడము
जंबी मरा	జమ్మి (చెట్టు)
जर्गमड़	జరగడము
जर्गसेके होन्‍मड़	జరగుతు వెల్లడము
जला	జలము
चाड्नी	జల్లెడ
जल्‍लेडा पियमड़	జల్లెడ పటడము
गाड़नी	జల్లెడా
जवाब	జవాబు
दंटा-दंटा मींडमड़	జంట జంటగ పండుకొవడము
जोडीं-जोडीं मनमड़	జంటగ ఉండటము
जोडांच्मड़	జంటచేయుట
जोडांच्‍सेके	జంటవెసెటప్పుడు
मॆता(पशुल्‍कुंक)	జంతువుల (గడ్డి)
जिवराशीं	జంతువులు
एरपाट इर्मड़	జ్ఞపకము ఉంచడము
मति	జ్ఞాపకం
एडकी	జ్వరము
जागिल	జాగరణ
जाम मर्रा	జామ (చెట్టు)
दया	జాలీ
जिल्ला	జిల్లా
कोंडागोर्रे	జింక
जिंकाना मंदा	జింకల మంద
कोह्‍का	జీడి
कोह्का मरा	జీడి (చెట్టు)
जिलोड मरा	జీల్లేడు (చెట్టు)
नांदे-मा-	జీవించడము
जुट्टि	జుట్టు
दंडुगु	జురుమన
जॆनेड	జెనెడు
जेर्रि	జెర్రి
बक्‍के	జెల్లా
कोडजेल्‍ला(जिम्मा/मीन)	జెల్లా జహ్
जेंडा	జెండా
जेब	జేబు
जोकमड़	జొకడము
जोत्ते	జొత్తె
जोन्ना	జొన్నలు
लगांचि	జోరుగా
तमाटा	టమాట
टव्‍सी मर्रा	టవ్సి చెట్టు
टिक्‍ली	టిక్లా (బొట్టు)
तेका मरा	టేకు (చెట్టు)
टोकेरा	టొకెరా
टोंब्‍बै	టొంబై
टोंबै हारूं	టొంబై ఆరు
टोंबै-एडूं	టొంబై ఎడు
टोम्‍बै एनमिदि	టొంబై ఎనమిది
टोंबै हेय्यूं	టొంబై ఐదు
टोंबै उंदि	టొంబై ఒకటి
टोंबै तोम्मिदि	టొంబై తొమ్మిది
टोंबै नालूं	టొంబై నాలుగు
टोंबै मूडु	టొంబై మూడు
टोंबै रोंडु	టొంబై రెండు
टोपी	టోపి
डप	డప్పు
डब्बा	డబ్బా
कोत्ता	డబ్బు
रूपें	డబ్బులు
तुडूं	డంక
डांबर	డాంబర్
डिजेल	డిఝెల్
डेक्‍का	డెక్క
डेबै एनमिदि	డెబై ఎనిమిది
डेब्‍बै	డెభై
डेब्‍बै हारूं	డెభై ఆరు
डेब्‍बै-एडूं	డెభై ఎడు
डेब्‍बै हेय्युं	డెభై ఐదు
डेब्‍बै उंदि	డెభై ఒకటి
डेब्‍बै तोम्मिदि	డెభై తొమ్మిది
डेब्‍बै नालूं	డెభై నాలుగు
डेब्‍बै मूडु	డెభై మూడు
डेब्‍बै रोंडु	డెభై రెండు
गुवाडॆगा	డేగపిట్ట
डिम्‍की	ఢమురు
तक्‍को	తక్కువ
तक्‍को कपडिं केरमड	తక్కువ బట్టలు వెసుకొవడము
दल्‍गमड़	తగలడము
तगुरम	తగురము
गलमा पिड़पू	తడక
तप ओप्‍कुनमड़	తప్పు ఒప్పుకొవడము
माडा	తపాలము
तम्मुर	తమ్ముడు
सिन्ने कोडियड़	తమ్ముని భార్య
तयार आता	తయరు అయ్యింది
तयार कियमड़	తయరు చెయుట
तयर किय्‍वल्	తయారైనది
आयंका	తర్వాత
तराजु	తరాజు
तला पोरोटाल एर तुंगमड़	తల స్నానము చెయుట
तलसुकुन्‍मड़	తలచుకొవడము
तला दुर्दा तेदमड़	తలలొ దుర్ద పెట్టడము
यावल	తల్లి
तलुर नय्यू	తల్లి కుక్క
तलुर गुर्रम	తల్లి గుర్రము
तलुर	తల్లి జంతువు
दामीड	తలుగు
तलपू	తలుపు
नीय्यू	తలుపు నూనె
तव्‍वुडु	తవ్వడం
बाबा	తండ్రి
पाय्‌री	తంతె
उनना	త్రాగు
नोंडे	త్రాడు
तराजु	త్రాసు
सिलुम पियमड़	త్రుప్పు పట్టింది
तोक्कुड-बंडा	త్రోక్కెబండ
जप्‍पना पय्यो	త్వరగా పగలదు
नङा	త్వరలొనె
उहुडु	తాగించడము
ताडि मरा	తాటి (చెట్టు)
तातल	తాతయ్య
मातिर दादल	తాతా(నాయన తండ్రి..)
तालम-डब्बा	తాలము
तालम कय	తాలము చేయి
कड़ी	తాల్పూ ఎసిన పెరుగు
पोय्‍स्मड़	తాలింపువేయు
तांबेल	తాంబేలు
रांगमड़	తిట్టుట, దూషించుట
तिनुड	తినుట
तिहमड़	తినుపించడము
तिनना तिंडि	తినె తిండి
तिम्मिरि	తిమ్మిరి
तिय्यगा	తియటి
तेंडुडु	తియ్యడము
तिरयुड	తిరగుడు
तिरमन मरा	తిర్మన్ చెట్టు
पीसि होन्‍मड़	తిసకెల్లడము
वॆली	తీగ
तार	తీగె
ता	తీస్క రావడము
तेंडिस पोच्मड़ / पोहमड़	తీసి పడెయడము
इदे	తీసుకొ
एतमड़	తీసుకొవడము
तुक्‍कु	తుక్కు
उस्‍मुडु	తుడవడము
तुम्मिर मरा	తున్కి (చెట్టు)
जंग पियमड़	తుప్పు పట్టడము
तुपाकी	తుపాకి
तुम्मा मर्रा	తుమ్మ (చెట్టు)
तुह्‍कुड़	తుమ్ము
कांडोल वीसि	తుమ్మెద
तुलसे मरा	తుల్సి (చెట్టు)
तुवेला	తువాల
उसुममड़	తూడవడము
उसुमकुनुड	తూడవుకొవటమ
तूरपु	తూర్పు దిక్కు
तरमड़	తెచ్చుట
तेंडुड़ु	తెర్చుట
तेल्‍ला डोक्‍के	తెలపు డొక్కె
तेल्‍ला कोर्रु पोरी	తెల్ల కొడి పిల్ల
पिड्‍सुड	తెల్ల వెంట్రుకలు
तेल्‍लगा मेरसमड़	తెల్లగ మెర్వడము
अक्‍कल	తెల్వీ
एर्का आयमड़	తెలియడం
बुद्दि	తెలివి,జ్ఞపకము
तेल्‍लगा	తెలుపు
तेल्‍लाकोंगा	తెలుపు కొంగ
तेल्‍ला बल्‍ली	తెలుపు బల్లి
तेल्‍ला मन्नु	తెలుపు మట్టి
एरपाट	తెలుసు
नेम्‍हामड़	తెంపుట
गॆर्का	తేన్చు
तॆने	తేనె
तॆने तेट्टे	తేనె తట్టు
कांडोल वीसि	తేనెటీగ
कांडोल	తేనెతట్టు
सहा	తేనేరు
तॆलुडु	తేలడము
मिच्चो	తేలు
तोनी	తొ సహ
तॊका	తొక
तोलू	తొక్క
तोल मुदुरमड़	తొక్క ముదరడము
तोल होळस्मड	తొక్క వొదలడము
जारमड़	తొక్కడము
तोल्‍कु	తొక్కలు
तोडा	తొడ
केर्रुडु	తొడగటము
तोरुड़	తొడడము
तोडमे	తొడ్మె
तोड्मे	తొడిమె
तोम्मिदि	తొమ్మిది
तोर्रा कियमड	తొర్ర చెయడము, రంద్రము చెయడము
तोर्रा	తొర్ర, రంద్రము
बोलकुने	తొర్రలొ
बुरसल पुडी	తొలపుడీ
तोल्‍कमड	తొల్కడము
दोब्‍बिसी ओयमड़	తొసక తీసకెల్లడము
दोबमड़	తొసెయడము
डोक्के	తొండ
गाबरा	తొందర
जप्‍पना	తొందరగా
तोका उपसेके वित्तुडु	తోక ఊపుతు పరుగెత్తడము
तोका पुडी	తోక పురుగు
तॊका बूरा	తోక వెంట్రుకలు
तोटा	తోట
तॊड	తోడు
तोडेल्‍ली	తోడేలు
तॊल	తోలు
दच्‍चेना	దక్షీణ
दग्‍गुड	దగ్గడము
दग्‍गेरा	దగ్గర
दग्‍गेटोर	దగ్గరవారు
दग्‍गु	దగ్గు
दग्‍गु तेदमड़	దగ్గు రవడము
दाटुड	దటడము
वेलूंग	దడి
दद्दु	దద్దు
दम वायमड़	దమ్ము రావడము
दम्मुंक वायमड़	దమ్ముకు రావడము
दारम	దరము
टेलर	దర్జి
दरा	దరా
दस्तीगुड्डा	దస్తీ
उस्‍सुडु	దంచడము(వడ్లు)
दंडा	దండ
दंडेम	దండెము
दवडा	దంతము
पल्‍लू	దంతాలు
दंते मरा	దంతే (చెట్టు)
मक्‍कमड	దాగ పడుట
डाकाली	దాగిలి
मक्‍किच्मड	దాచుట
दनि	దాత
हर्रि	దారి
पासी कबड़ कियनद	దాసి ఆడిది
दूपा	దాహం
दिक्‍कुल्‍कु	దిక్కుల్లు
दिगादूडस्मड़	దిగ తుడవడము
दिगाबड्‍सि होन्‍मड़	దిగబడీ పొవడము
रेय्युडु	దిగు
दिनाल्‍क	దినాలు
दिवले नेला	దిపావలీ నెల
रेहुडु	దించు
दीनतोनि	దీనతొ సహ
इदुन हाटीं	దీని కొరకు
दीवा	దీపము
दीसोडी	దీపము స్టాండు
दुकानम	దుకాణము
दुड्डु	దుడ్డు
दुन्ना पोतू	దున్న పోతు
दुन्‍कुमड़	దునుకు
मांग	దుప్పి
दुप्‍पीना मंदा	దుప్పుల మంద
दुब्बा	దుమ్ము
दुर्दा तेदमड़	దుర్ద లెవడము
दुर्दा	దుర్దా
दुल्‍पमड़	దుల్పడము
काके	దువ్వెన
दूडा	దూడ
दूरम	దూరము
दुलादामा	దూల గోండి
दूलम	దూలము
दूली	దూళి
नदर	దృష్టి
दिस अरमड़	దృష్టిలొ పడటము
देब्‍बा	దెబ్బ
देबा दल्‍गमड़	దెబ్బ తగలడము
देय्यम	దెయ్యము
देय्यम पियमड़	దెయ్యము పట్టడము
देशेमंता	దెశెమంత
देशम	దెశెమ్
सल्ले	దేవ ప్రతిమ
पेन	దేవుడు
येत्मा	దేవుని పేరు
पेन-गडा	దేవుని స్థలము
लक्‍कु	దేశదిమ్మరి
दोड्डू	దొడ్డు
दोरका पियमड़	దొరక పట్టుట
दोर्कमड़	దొర్కడము
दोसिल	దొశెడ
काकडि काया	దొసాకాయ
दोसकुन्‍मड़	దొసుకొవడము
लुटांच्मड़	దొంగిలించుట
दोंडाकाया	దొండకాయ
नुल्ले	దోమ
दोती	దోవతి
तॆरे काया	దోసకాయ
दनम	ధనము
सिरमंतोड	ధనము గలవాడు
बोंड़ंगा	ధ్వనిఇచ్చె ఇత్తడిగంట
जंगा तूरिला	ధ్వనినిఇచ్చే బొంబు వాయిద్యం
बोंडा	ధాన్యంలో కస్పు
दैरनेम	ధైర్యము
कोलयल	నక్క
नक्‍का सोर्रे	నక్క సొర్రె
सुक्‍का	నక్షత్రం
नक्‍शा	నక్షా
नच्‍चतद	నచ్చినది
ताकिच्‍चनोर	నడపించువాడు
नड्डुम	నడ్మ
ताकिच्मड़	నడుపుట
नडी	నడుము
गंगा	నది (గంగా)
रामराम कियमड़	నమస్కారాలు
बरोसा	నమ్మకం
पातालम	నరకము
नर्रम	నరము
एगरानोर	నర్తకుడు
कर्रे पोर्सु जिम्मा/मीन	నల్ల చేప
कर्रे पोर्सु जिम्मां/मीन्‍कु	నల్ల చేపలు
कर्रे डोक्‍के	నల్ల డొక్కె
नल्‍ला दास	నల్ల పామూ
कर्रे पूसा	నల్ల పూసా
नल्‍ला बंका	నల్ల బంక
कर्रे तोडी	నల్ల మట్టి
कर्रे पेत्ते	నల్లచీమ
कर्रे मिच्‍चो	నల్లని పెద్ద తేలు
कर्रे पिट्टे	నల్లపిట్ట
कुतिकट्टु	నల్లపూసల మంగల సూత్రం
गड्डी मूंजु	నల్లమూతి కొండెంగా
कर्रे कोर्रु पोरी	నల్లా కొడి పిల్ల
कर्रे कोंगा	నల్లా కొంగ
कर्रे रंगु	నలుపు
नल्‍ला रंगु	నలుపు రంగు
कर्रेगा	నలుపుగ
नलपै	నలుబై
नलपै हारूं	నలుబై ఆరూ
नलपै-एडूं	నలుబై ఎడు
नलपै एनमिदि	నలుబై ఎనిమిది
नलपै हेय्युं	నలుబై ఐదు
नलपै उंदि	నలుబై ఒకటి
नलपै तोम्मिदि	నలుబై తొమ్మిది
नलपै नालूं	నలుబై నాలుగు
नलपै मूडु	నలుబై మూడు
नलपै रोंडु	నలుబై రెండు
कवूसमड़	నవ్విపియడము
कवना उपायाल्‍क कियमड़	నవ్వించె పనులు చెయడము
कव्‍वुडु	నవ్వు
मुड्‍गमड	నష్టపోయిండు
वकीलु	న్యాయవాది
नह्गा	నా దగర
नह्गा	నా వద్ద
नाकूड	నాకడము
नाकुन	నాకు
नांगेल	నాగలి
पाले	నాగలికి అనుకొని ఉండే కట్టే
नागोबाल	నాగు దేవుని పేరు
नयतरास	నాగుపాము
नावद	నాది
अम्मल	నానమ్మ
संतार निम्मा मरा	నారిజ చెట్టు
संतार निम्मा	నారింజ
नाल्‍के	నాలుక
नालुं	నాలుగు
नालुं पकां	నాలుగు పక్కలు
नालूं अनि हारुं काल्‍कुना बल्‍ली	నాలుగు మరియు ఆరు కాల్లు ఉన్న బల్లీ
निच्‍चेना	నిచ్చెన
सीपा	నిచ్చెన మధ్యనవున్న చెక్క
नेम	నిజనముగ
निजम	నిజము
कूर्कु	నిద్ర
मींडमड़	నిద్రపొ
निद्रा	నిదుర
निद्र होनमड़	నిదుర పొవడము
निन्ने	నిన్న
तडिमिं	నిప్పు
डोग्‍गां	నిప్పులు
तडिम नीरस्मड़	నిపుకనికమసి
सेदेपा मरा	నిమ్మ చెట్టు
निल्‍लुड	నిల్చుండు
एर उनाकोंटा मनमड़	నిల్లు త్రాగకొంట ఉండడము
नितमड़	నిలుపడము
पिव्‍वर	నీటిగ
नीडा	నీడ
नीडाते कलियसि मनुमड़	నీడలొ కలిసి ఉండుట
नीवद	నీది
एर	నీరు
एर उन्‍मड़	నీరు త్రాగడము
एते मन्‍मड	నీలలొ ఉండడము
एते मुडाह्मड़	నీలలొ ముంచడము
हापाकाया रंगु	నీలి
मब्‍बु रंगु	నీలి రంగు
एतारेव	నీళ్ళరేవు
एर काच्‍हना अळ्‍का	నీళ్ళు కాగించేకుండ
निम्मे	నీవు
कपर	నుదురు
नुल्का	నుల్క
सम्‍ली	నువ్వులపొడి
नूंग	నువులు
निय	నూనే
नुसि	నూసి
दंडारि	నృత్య బృందము
गुदुमसाई	నృత్యము
तासे	నృత్యవాయిద్య వస్తువు
एगुरुडु	నృత్యం
मल	నెమలి
नेमर वाटमड़	నెమురు వెయడము
पाल-निय	నెయ్యి
नेला	నెల
सालेवाड	నేతపనివారు
नन्ना	నేను
करियुडु	నేర్చుకోవడము
नॉयट्रोजन	నైట్రొజన్
पलारम	నైవేద్యము
गाव	నొప్పి
तोड्डि वतमड़	నొరు ఉల్లారడము
तोड्डि	నోరు
ओडा	నౌక
पकक	పక్కకు
पक्‍का लोतोर	పక్కింటివాడు
पिट्टे	పక్షి
गूडा	పక్షిగూడు
तॊका पिट्टे	పక్షిపేరు
पिट्टे मेस्‍कु	పక్షీ గుడ్లు
बेंडे पिट्टे	పక్షీ పేరూ
बुर्सिद्वा	పక్షీపేరూ
पय्‍हामड़	పగలగొటడము
पिय्यल-पोड्‍द	పగలంత
पिय्यला	పగలు
पग्‍गोम	పగ్గము
पय्ता मेंजू	పగిలిన గుడ్డు
पैय्‍युडु	పగిలింది
पच्‍चा जाडी	పచ్చ గడ్డి
उरागाया तोक्‍कु	పచ్చడి
मैंदी	పచ్చబొట్టు
पीयुड	పట్టు
पिय्युड	పట్టుట
नगरम	పట్నాం
अर्रुडु	పడటము
पडमटा	పడమట
पडसेम	పడసెము
अर्ता	పడ్డది
अर्तोर	పడ్డాడు
पडगे	పడిగ్య
दूदी	పత్తి
दूदी (मरा)	పత్తి చెట్టు
दा-	పద
पदाकोंडु	పదకొండు
पदमुडु	పదమూడు
पद्देनमिदि	పద్దెనమిది
पड्‍नालूं	పద్నాలుగు
पदि	పది
पदिहेडूं	పదిహేడు
पदिहेनी	పదిహేను
पन्नेंडु	పన్నెండు
कबड	పని
इस्‍टम हिल्‍वा कबड कियमड़	పని ఆశ్రద్దాగ చేయుట
कबड़ कियमड़	పని చెయటము
कबड्‍क होन्नुडु	పనికి పొవటము
कबडक ओज्‍वा बूमी	పనికి రానీ భూమీ
जीतागाड़	పనివాడు
पप्‍पु	పప్పు
तारमड़	పరవడము
साप-सापाय	పరి శుభ్రపరుచుట
पर्कि मरा	పరికి (చెట్టు)
पाटि	పలక
लोद्दी	పల్లం
दडिया	పల్లెము
पल्‍गु	పలుగు
तप आता इंचि ओपुकुन्‍मड़	పశ్చతాపము చెయుట
मनबोतू	పశువు
गोड्‍कुना बोयुडु	పశువుల కాపరి
पसूल्‍कुना तोडा	పశువుల తొడ
जिवराशींना जीवा	పశువుల ప్రాణం
दोड्डी	పశువుల పాక
गंटा	పశువుల మెడలొ కట్టె ఘంట
कोड़का	పశువులపాక
गोड़्क कोहानोर	పశువులు మెపువాడు
पसुपु कोम्मु	పసపు కొమ్ము
पसपू पच्‍चा रंगु	పసపు పచ్చ రంగు
पस्‍पु	పసుపు
कम्का	పసుపు కొమ్ము
सेक्‍करा	పంచదార(చక్కెర)
पंजरम	పంజరము
पंटा	పంట
पंटा तेंडना बूमी	పంట పండించె భూమీ
मिंडिच्‍चुड	పండబెట్టుట
मींडा	పండుకో
पंडुगु	పండుగ
आकाडि	పండుగ పేరు
पद्दि	పంది
गूसी	పందికొక్కు
मंडा	పందిరి
पंदिरीहिडू	పందిరి కింద
पंदिकोक	పందీ కొక్కు
पद्दीना मंदा	పందుల మంద
पंदोंम्मिदि	పందొంమ్మీది
लोहुडु	పంపుము
पल्‍कु	పంల్లు,దంతాలు
पज्‍जो	ప్రక్కకు
मंदि	ప్రజలు
एड़ादिक उंदिमल्‍का	ప్రతి సంవత్సరము
पाटडि	ప్రధాన్ (కులంపేరు)
जगमंता	ప్రపంచమంత
दुनिया	ప్రపంచము
जगम	ప్రపంచం
कोसिस कियमड़	ప్రయత్నము చేయుట
आवसु	ప్రాణం
पंगा आयमड़	ప్రాథకాలము
सुरुव कियमड़	ప్రారంబించు
जीवा कीयमड	ప్రెమ
बुज्‍जि	ప్రెమతొ పిలిచె ఒ పేరూ
लाड	ప్రేమ
लाड-कियमड़	ప్రేమ చూపడం
पोड्‍द पेय्‍सना वॆला	ప్రొద్దు వెల్లె సమయము
हक्‍केरे	ప్రొద్దున
हक्‍केरेन	ప్రొద్దునే
प्‍लटिनम	ప్లటినం
पाका	పాక
पाटा	పాట
पाटुंक तरमड़	పాటు (2వ పెండ్లి)
इस्‍कुल	పాఠశాల
पारुडु	పాడుట
पडनद	పాతది
पत्ता गोबी	పాన్ గోబే
पाप	పాపము
तरास	పాము
तरास सोर्रे	పాము ఉండె స్థలము
तरास मेंजू	పాము గుడ్డు
पासेम	పాయసెము
पारा	పారా
पोचमड़	పారెయడము
पाल्की	పాలఖీ
पाला पिट्टे	పాలపిట్ట
पाल्‍कू पंचुमड़	పాల్లు పంచడము
पाल	పాలు
पाल पिंडमड़	పాలు తియ్యడము
जिड्डु	పాలు వాసన
तूस	పాలుకు
जिड्डु-जिड्डु	పాలులాంటి వసన
पावरेम(उंदि पिट्टे)	పావురము
हव्‍वुडु	పాసిపోవడము
पर्सा काया	పాసెం కాయ
पिस्‍सा	పిచ్చితనము
पिस्‍सल(पिस्‍सा मनकल)	పిచ్చివాడు
कोडका पिट्टे	పిచ్చుక
कोड़का पिट्टे मेंजू	పిచ్చుక గుడ్డు
कत्‍पु	పిట్టల గుంపు
गोमेरा(हडपी)	పిడక
पिडकिलि	పిడికిలి
पिडकी मेड	పిడికెడంత
पिडगु	పిడుగు
सिन्नी	పిన్ని
पिर्रा	పిర్ర
पिरेम	పిరెము
पोराल	పిలగాడు
वेर्कड	పిల్లి
पिल्‍ली गड्डेम	పిల్లి గడ్డెమ్
केयमड़	పిలుపు
पिस्‍सल(पिस्‍सा मनकल)	పిసొడు
पिंडि	పిండి
पिस्कमड	పిండి కల్పుట
पिंडि मुद्दा	పిండి ముద్ద
पीकुड़	పీకుడము
कुत्तूल	పీట
पुकेम	పుక్యము
पुत्ती	పుట్ట
पुट्टु मच्‍चा	పుట్టు మచ్చ
पुटकेल्‍क	పుట్టెంటికలు
पुटनाल्‍कु	పుట్నలు
पुट्कु	పుటుక
पुनादी	పునాదీ
पुनादि बंडा	పునాదీ రాయ
पुर्रु	పుర్రు
पुड़ि	పురుగు
पुड़कुना मंदा	పురుగుల మంద
पुड़कु	పురుగులు
पुरडी	పురుడు
कॊला	పుల్ల
पुल्‍ला	పుల్లా
बुर्कल	పులి
बुर्कल सोर्रे	పులి గుహం
पुल्‍लगा	పులుపు
पुल्‍लां-पुल्‍लां गब्‍बु	పులుపు వసన రావడము
हित्ता पुलसु	పులుసు
पूता	పువ్వులు
पुसेला	పుష్యం
पुस्तकम	పుస్తకం
पुन्‍क आयुडु	పుండ్లు కావడము
पुन	పుండు
पक्‍कु	పుండు పైన ఎండిన తోలు.
पूडे	పూకు
पूजे	పూజ
जार सेंबु	పూజ ముంత
देवारी	పూజారి
बोत्तिगा	పూర్తిగ
तोल्ले-जमानाते	పూర్వము
तोल्‍लो	పూర్వం
तादो बाबल	పూర్వీకులు
ऊत पिट्टे	పూరేడుపిట్ట
पूता गोबी	పూల గోబే
पुङह्‍कुन दुम्मे	పూలదండ
पूसा	పూస
पूसि मरा	పూస్కు చెట్టు
पूयुडु	పూస్తుంది
पेग्‍गेरी	పెగ్గెరి
दोसमड़	పెట్టడము
तासमड	పెట్టుకోవడము
पेट्रोल	పెట్రొల్
पेदवि	పెదవి
पेद्दा पीटद	పెద్ద కడుపు ఆమె
पेद्दा टोकेरा	పెద్ద గంప్ప
पेद्दा नोंडे	పెద్ద త్రాడు
तॆने तेट्टे	పెద్ద తేన
पेपि	పెద్ద నాన్న
पेद्दा बंडा	పెద్ద రాయ
पेद्दा	పెద్దది
पेद्दि	పెద్దమ్మ
पेद्दोड	పెద్దవారు
कंचुड	పెనము
सिस पेंसिल	పెన్‌సిల్
बेर्समड़	పెరగడము
वेटेड	పెరడు
पेरगु	పెరుగు
पेसेल	పెసలు
पेंका	పెంకటిల్లు
पोस कियमड़	పెంచడము
लग्निंग	పెండ్లి
नोव्रि-नोव्राल	పెండ్లి కూతురు
नोव्रि-नोव्राल	పెండ్లి కొడుకు
नोव्रि	పెండ్లికూతురు
नोव्राल	పెండ్లికొడుకు
मरमीं	పెండ్లిలు
पोस कियमड़	పెంపకం
पुर्कि	పెంలు
पॆगु	పేగు
पेग दोहमड़	పేగు కట్టడము
हडपी	పేడ
हडपी कुप्‍पा	పేడ కుప్ప
हडपी तट्टा	పేడతీసె గంప
पोरोल	పేరు
पिरकीं	పేలాలు
कप्‍पिड़ पॆगू	పేలుక
पोरोटाल	పై నుండి
बयर लोन	పైకప్పులేని ఇల్లు
पोर्रो	పైన
पैपू	పైపు
कोत्तां	పైసలు
पोक्‍का	పొక్క
पोया	పొగ
पोया	పొగ త్రగుట
पोग्‍गो आकी	పొగాకు ఆకు
पोग्‍गो तिन्‍मड़	పొగాకు తినడము
अव्वतल्‍ली	పొచమ్మ తల్లి
पीटे मंता	పొట్టతో ఉన్నది
पोट्टिगा	పొట్టి
पोटॅशियम	పొట్యశియం
पौडम	పొడం
सातराम(वेसुडी)	పొడుపు కథ
पोडगु	పొడువు
पोत्ती पीर	పొత్తి కడుపు
पोदा	పొదా
तप्‌	పొరబాటు
पोलम	పొలము
पूर्णम	పొల్లెల్
पॊगुल्‍क	పోగులు
आकि-पेन	పోచమ్మ
पोसम्मल	పోచమ్మ దేవత
पोङमड़	పోంగడము
पिरयादि	ఫిర్యాదు
बकगा	బక్కగ
कप्‍पिड	బట్ట
बोड़कल	బట్టతలగల
कपडीं हुकमड़	బట్టల్ ఉత్కడము
कपडीं हुक्‍कना बंडा	బట్టల్ ఉత్కె బండ
कपडीं तासमड़	బట్టల్ పెట్టడము
कुडुह्मड़	బట్టల్ వొదలడము
बटाइक हियमड़	బటాఇకు ఇవటము
वट्नाल्‍क	బటాని
इस्‍कुल	బడి
पलते अरमड़	బయట పడుట
पलते	బయిట
बर्प	బర్ఫ
बर्रां	బర్రాలు
बर्रे	బర్రె
बर्रे पाल निय्यु	బర్రె పాలు నూనె
दुड्डे	బర్రెబొక్కు
बर्रेना मंदा	బర్రెల మంద
गोड्‍क-गोदाल्‍क	బర్రెలు
बर्रेना बोयुडु	బర్రెలు మెపేవాడు
लग्‍गु	బలము
ताकत हिल्‍वोड(केदनायवोड)	బలహీనత కలగినవాడు
बल्‍के	బల్కె చేప
टेबल	బల్ల
कुदूर डोक्के	బల్లి
बल्‍ली	బల్లీ
बल्‍ली गुड्डु	బల్లీ గుడ్డు
गोर्का	బల్లెము
जड़ता पीयना पोतु	బలి ఇచ్చె జంతువు
पट्टु	బలిపీఠం
मिद्दे	బంగ్లా
बंगारम	బంగారము
बंगारि पूसां	బంగారు గుండ్లు
बंजर बूमी	బంజర భూమీ
लंबाडोड़(म.)	బంజార మనిషి
पर्पु बंडा	బండ
बिल्ला	బండీ, బిల్ల
सेंडि	బంతి
बंती पूता	బంతి పువ్వులు
जीवातोर	బంధువులు
पिस्वर पिस्मड़	బ్రతకడము
पिसमड़	బ్రతికి ఉండుట
पिस्‌ता	బ్రతికింది
पिस्वर	బ్రతుకు
बॆस्‍तारम	బ్రహస్పతివారము
बम्डाल	బ్రహ్మనుడు
बमडाल	బ్రామ్హణగారూ
हर्रि पिसि ताकमड़	బాటసారి
बाळ्‍से	బాడీశ
बानम पुल्‍ला	బాణము
उंडिला	బాణం
पिकिर	బాధ
नानाल	బాబాయ
काकाल	బాబాయ్
बरली	బార్లీ
पेगिड	బా‍లిక
पेडाल	బాలుడు
बाटो	బావ
कुहि	బావి
तङ्‌मरी	బిడ్డ కుమారుడు మన్మడు
तङ्‌मियाड	బిడ్డ కూతురు మన్మరాలు
पर्रिक	బియ్యము
बंगला	బిలడింగు
बिंदे	బిందె
गडेंचा	బిందెలుపెట్టె బల్ల
बीडी	బీడీలు
बीड़ी उन्‍मड़	బీడీలు త్రాగడము
बीरे काया	బీరకాయ
बुगिलि	బుగిలి
बुड़का	బుడ్కలు
बुडा बर्का(जिम्मा/मीन)	బుడ్డ పరక
बुद्दि हिल्‍वोर	బుద్దిలెనీవాడు, తెలివిలెనివాడు
बुदारम	బుధవారము
बुरदा	బురద
बुर्दातसंटा मन्नु	బురదలాంటీ మట్టి
बूरका मरा	బుర్గు (చెట్టు)
बुस्‍सी	బుస్సి
बूडदी	బూడిది
पूर्णम	బూరె
बेदुर	బెదురు
पट्टा	బెల్టు
बेल्‍लम	బెల్లం
वेराहमड़	బెంగ పెట్టుట
बेंगमड़	బెంగడము
बेंगसेके होन्‍मड़	బెంగుతు వెల్లడము
बेंडे काया	బెండా కాయ
बेरे	బేరెలు
बेसन	బేసన్
अवुना बोक्‍का बलम	బొక్క బలము
बालटी	బొకేనా
बोग्‍गु	బొగ్గు
बोट्टु	బొట్టు
बोड्डु	బొడ్డు
बोम्मा	బొమ్మ
नक्सा	బొమ్మలు గియడము
बोत्ता पीटोर	బొర్రగలవాడు
बिलांकेट	బొంత
बोंतापुडी	బొంతపురుగు
बोंदा	బొంద
बोंदा दोसमड़	బొంద పెట్టుట
बोड़ागुंडु	బోడిగుండు
बोडिन तट्टा	బోళ్ళు పెట్టే గంప
वेरियमड	భయపడుట
पिरकितनम	భయము
मुय्‍दो	భర్త
एड्‍जू	భల్లూకము
हिस्‍सा	భాగము
हिस्‍सां कियमड	భాగలు చేయుట
चिंता	భాద
मुत्तो	భార్య
मुत्तो-मुय्‍दो	భార్య భర్త
बीमाल	భీము దేవుడు
बूमी ऊंगमड़	భూకంపణ
बूगोलशास्‍त्रम	భూగొలశాశ్త్రము
बूजन्‍ंगा	భూజనగ
नॆला	భూమీ
बूमी हिडू	భూమీక్రింద
बूमी हिडु मनना एरु	భూమీక్రింద ఉండె నిల్లు
बुमीपोरो	భూమీపైన
बूमी पोरो मन्‍मड़	భూమీపైన ఉండటము
बूमीता लोप्‍पो	భూమీలొ
बूलोकम	భూలొకం
बोयाराम	భొయరం
मक्कें	మక్కలు
पोतू गुर्रम	మగ గుర్రం
पोतु जिवराशी	మగ జివరాశులు
पोतु पिट्टे	మగ పక్షీలు
पॊतू	మగ పశువు
गांडु	మగతనము లేని వాడు
मच्‍चा	మచ్చ
तोडी	మట్టి
सिप्‍पा	మట్టి పల్లెము
मड़गु	మడుగు
मडी	మణిపూస
मद्दि मरा	మద్ది (చెట్టు)
नडुमतोर	మధ్యవాడు
पोड्‍द तिरियतंका	మధ్యానం
पिय्यल	మధ్యాహ్నం
मावंग	మనది
मनोम	మనము
मनकल	మనిషి
मनसु	మనుస్సు
मर्रा	మరల
तलातला आयमड़	మర్చుట
संगो	మర్దలు
हेरुंडु कोको	మర్ది
मान	మర్యాద
मर्री मरा	మర్రి చెట్టు
मरगुमड़	మర్వడం
हातोर	మరిణించాడు
मल्‍सी वायमड़	మల్పు
मर्रा	మళ్ళా
गुड्डि-गुड्डि	మస్కుమస్కు
गंटेपुस्‍ती	మంగలసుత్రము
मंगलल	మంగలోడు
मज्‍जे	మంగలోన కత్తి
मंगलारम	మంగళవారము
मंगी मरा	మంగి చెట్టు
कटूल	మంచము
मंचि मन्‍सुनोर	మంచి మనసు ఉన్నవాడు
गमगमा गब्‍बु	మంచి వాసన
मंचिगा	మంచిగ
बॆस	మంచిది
मंटनिय्	మంటీ నూనె
पोत्तुडु	మండుట
पोत्तंता	మండుతుంది
मंदा	మంద
गुडि	మందిరం
मत्तु	మందు
महो (-महिना)	మాఘం
पोल्‍ले	మాటలు
वड़कुमड़	మాట్లాడు
करवुडु	మాడిపోవడము
माडमड़	మాడింది
माद्‍गी	మాదిగ
तव्‍वा	మానిక
मामल	మామ
मामाल	మామయ్య
मर्का मरा	మామిడి (చెట్టు)
मर्काकाया तोक्‍कु	మామిడి కాయ తొక్కు
दया	మాయము
मायसोनमड़	మాయము అవ్వడం
सट्टी नेला	మార్గశిర (డిసెంబర్)
मग्‍गाला नेला	మార్గశిరమాసం
कंडा	మాంసపు ముక్క
हव्‍वी	మాంసము
जाडि गुर्रम	మిడుత
मिनका पुडि	మినుగురు పురుగు
मिनमूल्‍क	మినుములు
मिंगुडु	మింగుట
वेन्ना	మీగడ
पोर्रो	మీద
मीवद	మీది
निम्मे	మీరు
मीसम	మీసము
मीसाल्‍क	మీసాలు
मुक्‍का	ముక్క
मोसोर	ముక్కు
डिब्‍बिल वाटमड	ముక్కు గట్టిగ అవటము
मुक्‍कु पॊगू	ముక్కు పుడక
पेदा मनकल	ముఖ్య వ్యక్తి
मुव्‍वुर	ముగ్గురు
इट्टुडु	ముట్టుట
मुटुडु	ముట్టుడు
जप्‍पी	ముడగ్య
मुड़ि	ముడి
बुक्का	ముద్ద
बुर्रुड	ముద్దు పెట్టటము
मुप्‍पै	ముపై
हाह्‍कुना पोदा	ముల్ల పొద
हाप	ముల్లు
मातरि	ముసలమ్మ
मातिर जिवराशीं	ముసలి పశువు
मातरल	ముసలివాడు
मुस्‍का बुट्टी	ముస్కె
तुरकल	ముస్లింవాడు
मुंग्से	ముంగీస
कुंडम कय	ముంజేయి
तालि	ముంత
मुन्ने	ముందర
मूकाल	మూగవాడు
मूडू	మూడు
मूता	మూత
उच्‍चा बुड्डी	మూత్రపిండము
उळ्‍कना कॊली	మూత్రలయము
केहमड़	మూయుట
कोंटा	మూల
गोंदके	మెడ
गोंदकेतुन अद्मिसी पियमड़	మెడ అద్మడము
मेत्तगा	మెత్తగ
मेदड	మెదడు
मेरसमड़	మెరుస్తుంది
जिगजग आयमड़	మెరుసుట
मेल्‍लगा	మెల్లగా
गुसा-गुसा वड्‍कमड़	మెల్లెగ మాట్లాడటము
तेल्‍विते मत्ताप	మెళుకువ
तलुर एटी पोरी	మేక పిల్ల
एटी पॊतू	మేకపోతు
एटी पॊतु पोरी	మేకపోతు (పిల్ల)
एटीना मंदा	మేకల మంధ
गोड्‍क-गोदाल्‍क	మేకలు
एटी	మేకా
मब्‍बु	మేఘం
तोया मरा	మేడి (చెట్టు)
संगो(मेना मामाना/अत्ताइना मिय्यडु)	మేన మామ కూతురు
संगी(मेना मामाना/अत्ताइना मर्री)	మేన మామ కొడుకు
मोमोट	మేము
तेल्‍विते	మేల్కొని
मुर्की	మైల
मोरोल	మొక్క
मोकोम	మొఖం
बोट्टे	మొట్ట చేప
अन्नि	మొత్తము
मोदगाला	మొదలు
मोद्दू	మొద్దు
कांजमड़	మొయడము
मोल्‍दारम	మొలత్రాడు
पिरमड़	మొల్చింది
मग्गूर	మొసలి
कांज्‍सी ओयमड़	మొస్కెల్లడము
पोट्टिद	మొండి
गड्‍सुतनम	మొండితనం
मज्‍जू	మొండివైకరి
टोंग्रा	మోకాలి-కీలు
टोंग्रा	మోకాలు
पट्पटि	మోటర్ సైకిల్
मुर मरा	మోదుగు (చెట్టు)
दोका हियमड़	మోసం చేయుట
मालक	యజమాని
जातरा	యాత్ర
एबै	యాభై
एबै एनमिदि	యాభై ఎనిమిది
लडायि	యుద్దము
लेय्योड	యువకుడు
लेय्यड	యువతి
नेत्तूर	రక్తము
नेत्तुर हियमड़	రక్తము ఇవటము
नेत्तुर एक्‍किच्मड़	రక్తము ఎక్కించుట
नेत्तुर तेंडमड़	రక్తము తియ్యుట
कापाडमड़	రక్షించడము
तीर	రకాలు
पाटा बंडा	రచ్చబండ
रंगु	రంగు
रंगुल्‍क	రంగు రంగుల
बोंगा	రంద్రము
लेंग	రాగము
रागी	రాగి
राजवाडा	రాజ్యము
राजाल	రాజు
रानी	రాణి
नर्का	రాత్రి
जागिल	రాత్రి కావలి
गद्दल	రాబందూ
काकी रंबा	రామ చిలుక
बंडा साट	రాయ్ చాటుకు
बंडानापोरो	రాలల పైన
बंडाना कुप्‍पा	రాలలా కుప్ప
बंडा हिल्‍वा जॆगा	రాలూ లెనీ స్థలము
वायुडु	రావాలి
पोपडम मरा	రావి (చెట్టు)
रुसि	రుచ్చి
मुसूर	రుతుపవనం
पाटा बंडा	రుబ్బెరాయి
रुम्मेना	రుమడ
रूमाल	రుమ్మలు
तल्लक रुमाल हेलवोड	రుమాలులేనివాడు
रूपाय	రూపాయి
रूपें	రూపాలు
रेक्‍का	రెక్క
रोंडु	రెండు
मंजेर गुन्ना(रोंड तल्‍लना तरासु)	రెండుతలలపాము
रेंडुन नरा	రెండున్నర
रेकुल्‍क	రేకులు
रेंगा	రేగు పండు
रेजिकटि	రేచీకటి ఆయన
नाडी	రేపు
मलेद	రొట్టె ముక్కలు బెల్లం
बोम	రొమ్ము
रोय्या	రొయ్య
उसमल	రోకలి
दिया	రోజు
बूरा	రోమము
हह्‍की	రోలు
लक्‍का	లక్క
पालकि	లక్ష
जोरदार	లక్షణంగా
लग्निंग	లగ్నము
इग्‍गुडु	లాగడము
गुंजुडु	లాగాడము
इगसेके होन्‍मड़	లాగుక తీస్కెలడము
पाय्‍दा	లాభము
लेक्‍का	లెక్క
लेक्‍कुमड़	లెక్కించుట
तेदा	లెమ్ము
ते	లే!
पेय्या	లేగ
पेय्या काल	లేగ కాలు
लॆतद	లేతగ
तेहचि हुकमड़	లేపి ఉత్కాడము
तेह-	లేపు
तेहमड़	లేపుట
तेदमड़	లేవడము
गीता	లైయిన్
कल्‍ला	లొల్లి
कल्ला कियमड़	లొల్లీ చెయుట
ओड्वंप	లోతు
लोप्‍पो	లోపల
लंग्याल	వట్టి
उत्तगेन	వట్టిగా
वड्‍ला पिट्टे	వడ్లపిట్టె
वत्ती	వత్తి
होळ्‍समड़	వదలటము
मन्नी	వద్దు
अंगे	వదిన
रांडे	వధవరాలు
नोव्रि	వధువు
अद्वेरदाका	వరకు
नोव्राल	వరడు
पाया अरमड़	వరద
पिर्रु कालम	వర్షకాలము
पिर्रु	వర్షము
वंजिंग	వరి
पंगत	వరుసగ
दडंगी	వల్ల
पांजीते अरमड़	వల్లలొ పడుట
कोंकिड-किंकिड	వంకర డింకర
वंकर-डिंकरा	వంకరటింకర
हापाकाया	వంకాయ
वंगुडु	వంగింది
अट्टना अर्रा	వంటగది
येद्दा कट्टे	వంటచెరకు
अट्वल रोन	వంటశాల
अट्टुडु	వండుట
नूर	వంద
रामराम कियमड़	వందనలు
दंदा	వ్యవసాయము
कास्‍तकारी कियनोर	వ్యవసాయము చేయువాడు
एवसायम	వ్యవసాయం
रासुड़	వ్రాయుము
बोट्टा	వ్రేలు
दारा	వాకిలీ
कुडेर	వాగు
कुडेह्‍कुन पीसि	వాగు పక్కల
कींकिर पुल्‍ला	వాద్యము ఎగీంచె ఒక సాధనము
पिर्रु	వాన
वार्ता	వార్త
कबुर कियमड़	వార్త చెప్పుట
वारना	వార్న
ओरद	వారిది
ओर	వారు
गब्‍बु	వాసన
वासा	వాసము
निजमेना	వాస్తవమెన
दनास लोन	విడిది గృహము
होड़सीय्मड़	విడువు
विज्जा	విత్తనము
करंट	విద్యుత్తు
केंजमड़	విను
विमानम	విమానం
हेर्यड	వియ్యంకు ఆమె
पारतड	వియ్యంకురాలు
उंडिला	విల్లు
आराम कियमड़	విశ్రాంతి
नीडा मरा	విశ్రాంతి (చెట్టు)
विषम	విషము
कूटेल	విస్కూడ్ కట్టె
कूडी	విస్తరి (ఆకులు)
इस्रुमड़	విస్రడము
इस्रिसि पय्‍हामड़	విస్రి పగలగొటటము
विसुरमड़	విసురుట
इरद	వీరిది
इर	వీరు
नेरवु	వెడెల్పు
पहकुडु	వెతుకు
मरगोली	వెదురు
बद्दा	వెదురు బద్ద
कंका	వెదురుకంక
गालमसुव्‍वा	వెదురుబొంగు
एटी पाल निय्यु	వెన్న
पज्‍जा/पज्‍जो	వెనుక
वेनबोक्‍का	వెనుక భాగము
बोक्का	వెముక
वेल्‍गु	వెలుతురు
केल्‍लु	వెంట్రుక
केल्‍क वायमड़	వెంట్రుకలు రావడము
एंडी	వెండి
एंडि कोत्ता	వెండి రుపాయ్
सिकार	వేట
कासुडु	వేడి
कासतद	వేడీది
सॆदेपा मरा	వేప (చెట్టు)
विसुरमड़	వేయుము
हीरु	వేర్లు
डाक्‍टर	వైద్యకుడు
उगादि नेला	వైశాఖము
सनेरम	శనివారము
आवाज	శబ్దము
साप कियमड़	శభ్రపరుచు
मॆंदुल्‍ता पजोटा बागम	శరీర వెనుక భాగము
मॆंदुल	శరీరము
पीन्गू	శవము
पोलाला नेला	శ్రావణం
स्रिमंत	శ్రీ మంతుడు
सुक्‍क्रारम	శుక్రవారము
मंचि एर	శుభ్రమైన నీరు
हडिया	శెనగలు
पांजी	షికారి వస్తువు
सगोम	సగము
मुनि	సజ్జనుడు
हग्लाल	సడకుడు
पारी	సడ్డకుడు
रुद्दे जिम्मा	సన్న జిమ్మ
चिकु(मरा)	సపోట (చెట్టు)
टाईम	సమయము
पेनेम	సరాతము
अल्ले	సరె
कोरोप	సల్ల
आसर	సహయం
मदत	సహయం చెయుట
जोरा	సంచి
गमते-गमती	సంతోషం
सादर	సందా
कमय कियमड़	సంపాదించడము
कमय कियमड़	సంపాదించుట, ఆర్జించుట
वरसा	సంవత్సరము
मुरतड	స్త్రీ
मुर्तड-मांड्‍सा	స్త్రీలు, పురుషులు
जॆगा	స్థలము
एरतुंगंना कॊली	స్నానము గది
बातरुम होन्‍मड़	స్నానము గదికి వెల్లడము
एर तुंगागोटुडु	స్నానము చెయించడము
तुंगुमड	స్నానము చెయుట
एर तुंगुंड	స్నానము చేయిండము
कलति हिलवदु	స్వెచ్ఛమైనది
साक्षेम	సాక్ష్యము
नुल्पे	సాయంత్రం
कल्‍लू	సారాయి
तीगे	సాలెగూడు
सिग्‍गु अरमड़	సిగ్గుపడుట
पापेर	సితాకొకసిలుక
सितापाला मरा	సితాఫలం (చెట్టు)
सिल्‍पम	సిల్పం
मैंदी	సింగారం
सिवम	సింహం
पेदा पापेर	సీతాకోక చిలుక
कूलुम	సీము
कीसा	సీసా
सुकम	సుఖము
सुड़ि	సుడి
सुत्ते	సుత్తె
सुन्ने	సున్న
सुन्ना तोडी	సున్నపు మట్టి
सुन्नम	సున్నము
पोड्द	సూర్యుడు
सोल्‍लू	సొల్లు
पुर्का	సోరకాయ
पेटि	హార్మోని
होली (कामुन पुन्नम)	హొళి
