Gondi Word	Telugu Meaning
అక్కల్	బుద్ధి
అక్కొ	తాత
అక్కొ మామల్	తాత మామయ్య
అక్డెమాత	ముడుచుకు పోవడం
అక్ర	(11) పదకొండు
అక్సెదన దివొస్	పెళ్లి రోజు
అక్సెర్	అక్షరం
అకుర్పొక్ (మహ్న)	భాద్రపదం
అగ్గ	అక్కడ
అగ్గటొర్	అక్కడివారు
అఙె	వదిన
అచనక్	ఆకస్మికంగా
అచ్చొర్	అంత
అచ్చోడ్ రొప్పొ	అంతలో
అచ్వీర్	అంతమంది
అచొట్క్	మామూలు
అజుక్	ఇంకా
అట్కీ కీత	వేలాడదీయు
అట్కుల్క్	అటుకులు
అట్కె మాత	ఊపిరి ఆగింది
అట్ట	వంట చెయ్యి
అట్లాంటిక్ సమ్దుర్	అట్లాంటిక్ మహా సముద్రం
అట్వల్	వంట చేయుట
అటుమ్ కుటుమ్	చుట్టాలు
అటొ	ఆటో
అడ్డబుడ్డ	అడ్డదిడ్డమైన
అడ్డమ్	అడ్డముగా
అడ్డమ్ ఆ-	అడ్డుకో
అడ్డంవడి	అడ్డంగా వచ్చే గాలి
అడ్డె	మానిక
అడ్ముట్యల్	మోటుగా ఉండేవాడు
అడ్-	ఏడవడం
అడిచ్	రెండున్నర
అద్	అది
అదెన్‌లాసి	దానికోసం
అద్మ	నొక్కు
అద్యయ్ కీమ్	అధ్యయనము చేయు
అద్లి	తవ్వ
అదిక్	రెట్టింపు
అదిక్న	ఎక్కువ
అదికార్	అధికారం
అదెన్	దాని
అంతర్	అంతరము
అంద్రియల్	రేచీకటి గలవాడు
అంద్‌త	అందడము
అంటార్కిటికా	అంటార్కిటికా
అంటి	ఆ రోజు
అంచు	అంచు
అంగుర్	ద్రాక్ష
అందూని	కట్నం
అంచె	చిన్న గంప
అందెజ	అంచన
అన్‌ బావ్	అనుభవము
అన్‌మన్	అనుమానం
అనంద్నె పిస్వల్	ఆనందంగా జీవించు
అని	మరియు
అప్టెమాయ్వల్	తాకటం
అపుస్వల్	ఆపుట
అబ్బా	అబ్బా
అబ్రి	అవతలికి
అబ్లుక్	విచిత్రం
అంబడి	జనుము
అమ్డి కియ్వల్	ఆక్రమించు
అయ్యొ	అయ్యో
అయ్వెకె	కాకపోతే
అయిన జావ	పోచమ్మ పూజ
అర	పడు
అరంత	పడుట
అరబ్బి	అరబ్బి
అర్కిటిక్ సమ్దుర్	అర్కిటిక్ మహా సముద్రం
అర్గ్-	కరిగిపోవడం
అర్త	పడి పోయింది
అర్త్	అర్థము
అర్దొ	సగము
అర్దొ గోల్	అర్ధ గోళం
అర్దొ సరి-	సగం దారి
అర్రె	హా
అర్సివాయొ	తేడా
అర్-	పడి పోవడం
అరిల్	రొమ్ము
అరిల్ బోయిండ	ముచ్చికము
అరిసొన్	సహాయం చేయు
అరుసిమ్	పడగొట్టు
అలగ్	వేరుగా
అల్జ్-	ఒరగటం
అల్లం	అల్లం గడ్డ
అల్లే	కాని
అల్వట్	అలవాటు
అల్స్ పుల్స్	తెల్ల దనం
అల్-	అల్లుట
అవకాస్	అవకాశం
అవ్	అవి
అవ్ట్	ఎనిమిది
అవ్రెమాయొ	ఆపుకోలేక పోవడం
అవ్వల్	అమ్మా
అవ్వల్ బాబో	తల్లి దండ్రులు
అవ్వల్	పోచమ్మ దేవత
అవి-	అలిసి పోవడం
అవెక్నగ	వాటిలో
అసల్	అందమైన
అస్క్-	కోయడం
అస్కె	అప్పుడు
అస్కెడల్	అప్పటినుంచి
అస్తుర్ కయ్	అరచేయి
అస్తుర్ కాల్	అరి పాదం
అస్లి	మంచిగా
అహన్	దానిలాగా
అహ్చ్-	ఒత్తి పట్టడం
అహ్చ్-	ఒత్తుడు
అహ్నె	అలాగ
అహెర్	సన్మానించడం
ఆకడి	పండుగ పేరు
ఆకడి (-మహిన)	జూలై (జూలై)
ఆకడి (మహ్న)	పండుగ పేరు
ఆకడి (-మహిన)	జూలై (జూలై)
ఆక్టి	వేడిమి కోసం
ఆక్డె మా-	వంకరయిపోవడం
ఆక్రి	చివరి
ఆక్రిత	చివరిది
ఆకార్	ఆకారం
ఆకి బీబట్	చిరుత పులి
ఆకుడ్	కమ్మి
ఆగమె	ఊరికే
ఆగ్రమ్	కోరిక
ఆగ్-	ఆగింది
ఆగుటి	ఆక్రమించు
ఆగుటి కియ్వల్	సొంతం చేసుకోవడం
ఆగె	ఆజ్ఙ
ఆఙ్‌దుడీ	స్నానపు గది
ఆఙ్‌రాయ్సల్	సోమరి పోతు
ఆఙుడ్ అస్టన్	స్నానము చెయ్యడం
ఆఙున్ కస్టల్	సోమరి పోతు
ఆచంద్రల్	రేచీకటి గలవాడు
ఆచర్	ఆచారం
ఆచర్ విచర్	ఆచారం
ఆచ్త	ఎంచదగిన
ఆచ్-	ఎన్నుకోవడం
ఆచారం	పద్ధతి
ఆట్ముటుడి (మర్ర)	ఒక రకమైన (చెట్టు)
ఆటి	ముడి
ఆటి పా-	చుట్టి ఉండడం
ఆటె మా-	ఎండిపోవడము
ఆటెర	అటక
ఆడ	ఒట్టు
ఆడ్ముట్	చిచ్చర పిడుగు
ఆడ్‌మాడ్సొ	బార్యా భర్తలు
ఆడె	ఆడె కట్టె
ఆడెందల్	తెలివి హీనుడు
ఆత	అయింది
ఆతకామ్	జరిగిన పని
ఆతంగ్	అలాంటి
ఆతల్	అటువంటిది
ఆత్మ	ఆత్మ
ఆత్మపేన్	ఆత్మ దేవుని
ఆత్మవడి	గాలిలో ఆత్మ
ఆతి	అత్తమ్మ
ఆతి మామల్	అత్త మామలు
ఆతెకె	అయితే
ఆతొర్	అటువంటివాడు
ఆదత్	అలవాటు
ఆదర్	సహాయంగా
ఆదర్తె సొన్	ఆధారంగా వెళ్లు
ఆదర్తెమన్	ఆధారపడు
ఆదివాసి	ఆదివాసి
ఆన్వల్	ఆనవాలు
ఆంగ్డె	చొక్కా
ఆంజ్-	అందుకో
ఆందున్	దానం
ఆనంద్ ఆమ్	సంతోషించు
ఆనంద్నె	ఆనందం
ఆనల్	చేయగలిగేటట్టు
ఆనల్ సూడ	అయ్యేదాకా చూడడం
ఆప	ఆగు
ఆపతితె	కష్టం
ఆపుస్-	ఆపడము
ఆపే	దానితో
ఆమ్	అవ్వండి
ఆంబ	ఆవు అరుపు
ఆముట్	పండ్లు
ఆయపరొ	అసాధ్యమైన
ఆయర్	చాలు
ఆయ్త్ వార్	ఆదివారము
ఆయ్మకి	కాలేదు
ఆయ్వక్నె	కాకుండా
ఆయ్వల్	కాబోయే
ఆయి	ఏవైన
ఆయొ	కాదు
ఆరమ్	విశ్రాంతి
ఆర్తి కోబ్రె	హారతి కొబ్బరి
ఆర్తెకె	చల్లారిన
ఆర్స	అద్దము
ఆర్-	చల్లారింది
ఆరుస్-	చల్ల
ఆరూ	ముల్లు
ఆరెకుట్ట	కొయ్య
ఆల్మరి	అల్మారి
ఆలి (మర్ర)	రావి (చెట్టు)
ఆవజ్	చప్పుడు
ఆవర	కంచె వెయ్యి
ఆవరి	చాటించేవాడు
ఆవ్రి కీ-	బిగించు
ఆవ్-	దాటుట
ఆవ్వల్	దాటుట
ఆవుస్	అమావాస్య
ఆవూక్	జీవనం
ఆస	ఆశ
ఆస కీమ్	ఆశ పెట్టు
ఆస సెల్లె	ఆశ లేని
ఆస కీ-	కోరుకొనుట
ఆసర	సహాయము
ఆస్కుడ్	ఇరుసు
ఆస్తి	సంపద
ఆస్ర	ఆధారపడు
ఆస్రమ్ సాడ	ఆశ్రమ పాఠశాల
ఆసి వీడ్త	పూర్తి అయ్యింది
ఆసి సొత్త	జరిగిపోయింది
ఆసిర్వాద్	దీవించు
ఆసిసొడిత	జరిగింది
ఆ-	అయింది
ఆంత	చాలు
ఇగ్గె	ఇక్కడ
ఇగ్గె అగ్గ	ఇక్కడ అక్కడ
ఇగ్గెటల్	ఇక్కడి నుండి
ఇగ్గెన్	ఇక్కడ
ఇగ్గెవర	ఇటు రా
ఇఙె	ఇప్పుడు
ఇచ్చ	అభిప్రాయం
ఇచ్చుక్	కొంత
ఇచ్చుంగ్	కొన్ని
ఇచ్చుర్	కొద్దిగా
ఇచ్చుస	కొంచెం
ఇచ్చొర్	ఇంత
ఇచ్విర్	ఇందరు
ఇజ్జత్	పరువు
ఇట్కె	ఇటుక
ఇట్ట	ముట్టు
ఇట్టొన్	ముట్టను
ఇట్-	ముట్టుట
ఇత్త అచ్చొర్	కోరినన్ని
ఇత్త అద్	అనుకున్నది
ఇత్త కాడ్కి	చెప్పినందుకు
ఇత్తల్ కీ-	అనడము
ఇత్తెకె	అంటే
ఇద్	ఇది
ఇదెన్ లాసి	దీని కొరకు
ఇదెన్ మొడి	ఇలాంటి
ఇద్దె	తీసుకో
ఇద్దె సరి-	ఇదే దారి
ఇన్కె ఇన్కెన్	ఇప్పుడే ఇప్పుడు
ఇన్కె సెల్లె	ఇప్పుడు లేదు
ఇన్కెడ	ప్రస్తుతం
ఇన్కెడల్	ఇప్పటినుంచి
ఇంజన్	ఇంజిను
ఇంద్కె వేరి	వర్తమానం
ఇంద్కెన్	ఇప్పుడే
ఇంద్రజాల్	ఇంద్రజాలం
ఇంద్రబాన్	ఇంద్ర ధనుస్సు
ఇంగుమ్	ఇంగువ
ఇందుస్వల్	అనిపించడం
ఇంకె	ఇప్పుడు
ఇంకెన్	ఇప్పుడే
ఇంజెర్	కుదిర్చిన
ఇన్-	అనుకోవడం
ఇనమ్	బహుమానం
ఇనయ్	ఈనాయ్
ఇమన్	నిజాయితీ
ఇయెండ్	ఈ సంవత్సరము
ఇర్-	ఉంచు
ఇలజి	ఏలకులు
ఇవ్	ఇద్దరు
ఇసబ్	ఆసక్తి
ఇస్టమ్	ఇష్టము
ఇస్టిల్	ఉక్కు
ఇస్టుల్	బల్ల
ఇస్రు గుండి	అందరి కంటే చిన్నవాడు
ఇసొబ్	లెక్క
ఇసొబ్నె	జాగ్రత్తగా
ఇహిన్	ఈ రీతిగా
ఇహిన్ బహన్	ఇలా ఎలా కానిచ్చావు
ఈచ్-	చీమిడి తీయడం
ఈతంగ్	ఇటువంటివి
ఈతల్	ఇటువంటిది
ఈతొర్	ఇలాంటివాడు
ఈపె	దీని తోటి
ఈర్-	నీరు జమకావడం
ఈస	భాగం
ఈసర	సైగ
ఈసుల్ (పుడి)	ఉసుల్లు
ఉక్క	పొలుసు
ఉక్డి కియ్వల్	ఉడికించు
ఉక్డె	చెమట
ఉక్డే మా-	చెమట వచ్చింది
ఉక్లి	ఒక రకమైనా వేషధారణ
ఉక్‌సుల్	ఉక్కులు
ఉకుడ్ యేర్	చమట నీళ్లు
ఉగ్డొయ్	తెరిచి ఉంది
ఉగ్డొ కీమ్	తెరుచు
ఉగ్రెమా-	కరగడం
ఉగెమాయో	ప్రసవించదు
ఉచ్ ఉడియ	ఉమ్మి వేయు
ఉచ్చ్-	కూర్చొని
ఉచ్చెలల్	ఉల్లాస వంతుడు
ఉచ్-	ఉమ్ము
ఉచుటి (మర్ర)	ఖర్జూరము (చెట్టు)
ఉజ్డే మా-	తెల్లారింది
ఉజుడ్	వెలుతురు
ఉజుడ్‌ పాత	తెల్లారింది
ఉజుడె మాయ్వల్	ఉదయించడం
ఉట్ట	తాగింది
ఉటీ కీ-	తోము లేదా కడుగు
ఉటేడ డాగ్	పసుపు రాసి
ఉడ్క్-	మూత్రం చేయడం
ఉడ్క్‌వల్	మూత్ర విసర్జన
ఉడ్ప్-	ఎత్తడం
ఉడివల్	ఉమ్మి వేయడం
ఉడి-	ఉమ్ముట
ఉడుమ్ (పుడి)	ఉడుము
ఉత్త మొసొర్	నడ్డి ముక్కు
ఉత్తొర్	కూర్చున్న
ఉద్ గటన్	గృహ ప్రవేశం
ఉద్బతింగ్	అగర్బత్తీలు
ఉద్రి (పెత్తెంగ్)	చెదలు
ఉద్రి వెలుమ్	చెదలు పట్టడం
ఉద్-	కూర్చో
ఉదుస్-	కూర్చోబెట్టు
ఉంది	ఒక్కటి
ఉందితున్	ఒకదానికి
ఉందియ్	ఏక వచనం
ఉందుంది	మరొక
ఉన్-	త్రాగు
ఉండన	త్రాగు
ఉనొడ	ఎండకాలం
ఉపదేస్	ప్రబోధనం
ఉపసర్పంచ్	ఉప సర్పంచ్
ఉప్యోగ్	ఉపయోగం
ఉబ్బిపాత	పదునెక్కింది
ఉండె	మరియు
ఉంబర్	వయసు
ఉయ్సర్ ఆ-	తెలివిగా తయారు కావడం
ఉయ్సర్‌ వాలె	తెలివి గల
ఉర్కి	త్వరగా పూర్తిచేయు
ఉర్స్‌వల్	నాటడం
ఉరి కంబ	ఉరి తీసే స్తంభం
ఉరి తెండ	ఊపిరి తియ్యి
ఉరిత	కరిగిన
ఉరుంగ్-	విరిగింది
ఉరుస్-	విరిచేయడం
ఉల్	మూత్రము
ఉల్ పొపొట	మూత్రాశయం
ఉస్క్-	ఉమ్మడం
ఉస్కె	ఇండ్లు కట్టడానికి పనికి వస్తుంది
ఉస్డె ఆమ్	అప్పుచెయ్యి
ఉస్మ్-	తుడుచు
ఉస్మ	తుడువు
ఉస్-	దంచు
ఉసిర్ కీ-	ఆలస్యము
ఉహ్క్-	ఊదడం
ఉహ్వల్	పెట్టడం
ఉహ్-	తాపడం
ఊకడ్	ఉయ్యాల
ఊచ్ డేండె	చెరకు
ఊటి కీమ్	తోముకో
ఊటెడ	రాసే పసుపు గందము
ఊడ్తవాలె	సారవంతమైన
ఊడ్-	దూసుకోవడం
ఊడ్-	దున్నడం
ఊడ్వల్	దున్నడం
ఊడి కియ్వల్	బాంబుతో పేల్చడం
ఊడి పాయ్వల్	దునుకుట
ఊతర్	వాలు
ఊత్-	పీల్చుట
ఊత్వల్	పీల్చుకోవడం
ఊత్‌ పాయ్వల్	పైకి కనిపించడం
ఊతి (పిట్టె)	బుర్రు పిట్ట
ఊదర్	బాకీ
ఊంద్-	గుంజు కోవడం
ఊంగ్-	ఊగడం
ఊంగ్వల్	ఊగటం
ఊమ్-	లాగడం లేదా ఇగ్గడం
ఊయ్‌సర్	తెలివిగల
ఊయిల	వాంతికి రావడం
ఊస	వరద
ఊస్-	మేగడం
ఊస్-	పొంగింది
ఊస్త	పొంగింది
ఊస్-	మేగుడు
ఎకరి	ఒంటరిగా
ఎక్కర్ జాగ	ఎక్కువ విస్తరణ
కక్రంజ్	కమ్జు పిట్ట
కక్-	వాంతులు చేయడం
కచబిచ్	గందరగోళం
కచ్కుడ్	వేడిని మల్చుటకు
కచ్చి	ఇనుము
కచ్చి వీసి	పచ్చ ఈగ
కచ్-	కరుచు
కచురి	కార్యాలయం
కచురిత	కార్యాలయానికి చెందిన
కచెడ	చెత్త
కజుర్	ఖర్జూరం
కటర్	కత్తి
కట్ట	కట్ట
కట్ట	కట్ట
కట్టుడి (మీన్)	జెల్ల జ
కట్టె	కలప
కట్టె సూడి	కట్టెల మోపు పెట్టే చిన్న పందిరి
కట్టె కొయ్వల్	కట్టె కోయడం
కట్టె గోంగొర (పుడి)	కట్టె పురుగు
కట్టె నూసి	కట్టె తినే పురుగు
కట్టె పొంటిన్	పెన్సిల్
కట్టెడె మా-	అలసి పోవడం
కట్టొ	వద్దు
కట్త	కలుపు
కట్ల	ఇంటిసామాను
కట్సి సొత్తెర్	కలిసి పోయారు
కటిన్	ఇబ్బంది యైన
కటింత	ఇబ్బందిగా
కటొడల్	పూజారి
కడగోటి కియ్వల్	కళ్ళం చదును చేయుట
కడ బిడ	ఇక్కడ అక్కడ
కడక్	చిన్న బండలు
కడల్ పిడల్	ఒక రకమైన చప్పుడు
కడ్	కన్ను
కడ్ కొండ	కను బొమ
కడ్ తొయ్త	కన్ను ఉబ్బింది
కడ్ పిహ్తొర్	కన్ను మూశాడు
కడ్ మయ్ల	కంటి మైల
కడ్ మింది	కను బొమ
కడ్ వేడ్చి	పగటి పూట
కడ్క్ దీపెమాయ్వల్	కళ్లకు కనబడకుండా
కడ్కి	జంతువుల యోని
కడ్డు	చెడ్డవాడు
కడ్దపూల్	కంటి పువ్వు
కడ్దె	చూపుకు
కడ్బ కాసుర్	చొప్ప బండి
కడ్యల్	పులి
కడ్‌ కొండ	కను బొమ
కడ్‌ పాయ్వల్	కంటి సైగ
కడ్‌ వాంత	కన్ను
కడా	కోటి
కడి	మదురం
కడి	పల్లవి
కడివక్నె	కుళ్ళి పోకుండా
కడివల్	చెడి పోవడం
కడుస్-	దూర్చడం
కడుస్-	మురగ బెట్టడం
కడె	కడియం
కతమ్ కీ-	చంపుట
కత్తుల్	సీసము
కత్తెర	కత్తెర
కత్రీ కీ-	కత్తిరించుట
కతెలల్ (తరస్)	ఒక రకమైన పాము
కదర్	మర్యాద
కదియ	కొరుకు
కంజ్క్-	కల
కంగ్వ	దువ్వు కొనుటకు
కంచి	కత్తెర
కంజురి	కంజెర
కంచెర గాది	కంచర గాడిద
కనకంబరల్ పుఙర్	కనకాంబరం పువ్వు
కనకుస్టిన గొస్టి	చెడ్డ మాటలు
కపట్ సెల్వ	కపటం లేకుండ
కప్టి	కపటం
కప్టియల్	అసూయతో
కప్డి	బట్ట
కప్పర్	నుదురు
కప్పింగ్	గుంత
కప్పె (పిట్టె)	పక్షి పేరు
కబ్రియల్	సందేశకుడు
కబ్లె మా-	ఒప్పుకోవడం
కబుక్ కిబుక్	అక్కడ ఇక్కడ
కబుర్	వార్త
కంబ	స్తంభం
కమ్క	పసుపు
కమ్క కప్డి	పసుపు చీర
కండ్	ఖండం
కండి	(20) ఇరవై
కండున్	కటుక్కు మనే చొప్పుడు
కండొక (మర్ర)	వనమూలిక చెట్టు
కమ్మి	తక్కువ
కమ్మిత	తక్కువ
కమ్మివేర్	పరిమిత కాలం
కమ్ర	గది
కమ్సెకమ్	దాదాపుగా
కంపుటర్	కంప్యూటర్
కంపెని	కర్మాగారము
కమల్ పట్టి	ఇంద్ర ధనుస్సు
కమిస్	చొక్కా
కమెయ్	ఆదాయం
కమెయ్ కీ-	సంపాదించుట
కయ్	చేతు
కయ్ బొక్క	చేతి ఎముక
కయ్ బొట్ట	చేతి వేలు
కయ్ ముద్ద	చేతి ఉంగరం
కయ్ద కామ్	చేతి పనివాడు
కయ్దిన్ ఆయొ	చేతకాదు
కయ్దె కొట్ట	చేతితో పొడువు
కయ్దె పామ్	చేతితో కొట్టు
కయ్దెనె ఆయొ	చేతన కాదు
కయ్వర్	రంపం
కయ్‌పత్	వార్త
కయ్‌పత్-సీ-	వార్త చెప్పుట
కయుర్ (మర్ర)	మునగ చెట్టు
కరబ్	పాడు
కరబ్ చాల్	చెడ్డవాడు ప్రవర్తన
కరబ్ చిజ్క్	పనికిరాని వస్తువులు
కరబ్ టొడ్డి	చెడ్డవాడు నోరు
కరబ్ యేర్	మురికి నీరు
కరబ్ వడి	చెడ్డవాడు గాలి
కరబ్ సరి	చెడి పోయిన దారి
కరబ్ సిల్లె	హాని లేనిది
కరబ్న	కలుషితమైన
కరబ్‌ కీమ్	పాడు చెయ్యి
కరల్	వాస్తవం
కరల్ కి లబడ్	నిజమా అబద్ధమా
కరల్ బుద్దిమంత	ఖచ్చితమైన ఆసక్తి ఉన్న
కరల్ వెహ	నిజం చెప్పు
కరస్ కియ్వల్	రద్దు చెయ్యి
కర్క	తుప్పు
కర్క్‌నె	పూర్తిగా కోయడం
కర్చ	డోలు తాడుకు కర్చలు వేస్తారు
కర్చ దొస్వల్	పెట్టుబడి
కర్జ్	గజ్జి
కర్దొడ	మగవారు తొడుగుకునే
కర్ప	పిట్టల గుంపు
కర్పెసల్ తిడింజ్	మృదువుగా లేని గోరు
కర్యదొహ్త	పిందె పట్టడం
కర్వంత	మాడుతుంది
కర్సపిసంగ్	ఆడుకునే దశ
కర్స్-	ఆడుట
కర్‌వస్త	ఆకలి అయింది
కరి కీతొర్	గుర్తుపట్టడం
కరిచిలొర్	శిక్షణ లేనివాడు
కరివల్	నేర్చుకోవడము
కరి-	నేర్చుకో
కరు	ఆకలి
కరు అర్త	కరువు
కరు సాసి	ఆకలితో
కరుత	మాడిపోవడం
కరున్‌ కువరి	అవివాహిత ఉన్నది
కరుమ్	దగ్గర
కరుమ్నెర్	ఇరుగు పొరుగు వారు
కరె మాత	తెలిసిన
కరె మాయ్వక్	అస్పష్టమైన
కరె మాయ్వల్	తెలుసు
కరెట	ఊడ్వడానికి
కరెంట్	విద్యుత్
కరెమాతొర్	తెలిసిన వారు
కరెమాయొ	తెలియనిది
కలకల పోంగ్వల్	గలగల ప్రవహిస్తుంది
కలర్	రంగు ఆడటం
కల్ బట్టి	సారా బట్టీ
కల్ బండ	రాళ్లు పడడం
కల్పన	సంకల్పం
కల్ల	దొంగలించు
కల్ల కీ-	అల్లరి చెయ్యడం
కల్ల గుల్ల	గందరగోళం
కల్లె	దొంగ
కల్లె కామ్	అక్రమ వ్యాపారం
కల్లె దారల్	గుత్తెదారు
కలి-	హత్తుకో
కవ్ట (మర్ర)	మునగ చెట్టు
కవ్డిలీమ్ (మర్ర)	వేప (చెట్టు)
కవ్వుసే	నవ్వించే
కవుడ్	టైపాయిడ్ రోగం
కవుస్-	నవ్వుట
కసటి	గంటలు
కసబిస	చప్పుడు
కసండి	నీరు తీసుకు పోవడం
కస్క్-	కొరుకుట
కస్క్‌లె	కరవబోవడం
కస్ట్ కియ్వల్	కష్టపడువాడు
కస్రియల్	కోపిస్టి
కస్స	లోతైన మడుగు
కసుం	లోతు
కసుర్	తప్పు
కహ	ఎంచు
కహ పర్వక్	లెక్కించ లేని
కహమిహ	ఆకలి మంట
కహరుహ	చెడ్డవాడు వాతావరణము
కహ్వ	లెక్కించకు
కహ్వ	అల్ల కల్లోలం
కహ్వల్	కొలవడం
కహ్వెరల్	తిండి పోతు
కహ్-	లెక్కించుట
కహి సాల్క్	కొన్ని సంవత్సరాలు
క్యాల్	జ్ఞాపకం
క్రిచన్క్	క్రైస్తవులు
క్రుసి (మర్ర)	మునగ చెట్టు
కాకడ్	కాకి
కాకడ్ బోరి (మీన్)	ఒక రకమైన చేప
కాకడ్ మాటి	దుంప
కాకన్	కాకన్
కాకల్	చిన్నాన్న
కాకి	చిన్నమ్మ
కాక్	దిక్కు
కాక్డె	దోసకాయ
కాకి	చిన్నమ్మ
కాకొ	అమ్మమ్మ
కాగుత్	పత్రిక
కాచ్-	తవ్వకం
కాజుడి	కాటుక
కాజూడి దొస్-	కాటుక పెట్టుకోవడం
కాజె	పెళ్లి కూతురు చేసే రోజు
కాట్	అంచు
కాట్ కయుర్ (మర్ర)	మునగ చెట్టు పేరు (చెట్టు)
కాట్న గీతొ	సరిహద్దు గీత
కాట్వత్కె	అంచు
కాటీ	దేవుని ధ్వజం
కాడల్	తేనెపట్టు
కాడల్ గడ్డ	తేనెపట్టు
కాడల్ నియ్	తేనె
కాడ్కి	కొరకు
కాడి	పుల్ల
కాడింగ్	చెత్త
కాడి	చెత్తా చెదారం
కాడి	సిరా పుల్ల
కాడెల్	కన్నీళ్లు
కాత్లె	మొక్క
కాంద	కొమ్మ
కాంతత కొడ్డి	కొమ్మ యొక్క కొన
కాంజ్-	బాహువు
కాంతి	కొమ్మ
కాన్‌దాన్	వంశం
కానర్ తోడి	జలగ మట్టి
కానున్	న్యాయం; తీర్పు
కాప్రి	దేవి నృత్యము
కాపి (పత్తి)	కాఫీ
కాపె	పూతకు వచ్చింది
కామ్	పని
కామ్ కల్లె	పని దొంగ
కామ్ బుడెస్తాల్	పని పాడు చేసేవాడు
కాండి	పిల్లవాడు
కాండిర మంద	పిల్లల సమూహము
కాండిర్ పుట్వల్	పిల్లలు పుట్టడం
కాండుమ్	మాంసపు ముక్క
కామ్న దివొస్	పని దినం
కామ్నగ మన్	పనిలో ఉండు
కామ్‌ సియ్వక్నె	పనికి రాని రకంగా
కామున్ మహ్వల్	పనిని పూర్తి చేయడం
కాయ	కాయ
కాయ్ద	కార్యము
కార ఉద్-	పొదుగు
కారట్	కార్డ్
కారన్	కారణం
కారవొల్వల్	పొదుగు
కార్	కారు
కార్క్‌నె	కాండ్రించి మొత్తం ఉమ్ముట
కార్తి (మహ్న)	కార్తీకం
కార్యల్ బొమ్మి	జలగ రేగడి నేల
కార్వయి	కార్యము
కార్‌బారి	కార్యదర్శి
కారి	నల్లగ
కారి కెక్డె కాల్ (జాడి)	గడ్డి
కారి పెత్తె	జలగ చీమ
కారి మత్	నల్లమందు
కారి రంగ్-	నల్లని రంగు
కారి సెవ్వెర్	నల్లని బంక
కారున్	కర్మ కాండ
కారె (పుర్కి)	పేలు
కారెల	కాకర కాయ
కాలన్	ఉత్తరం
కాల్ వడ్డ	ఉత్తర
కాల్	కాలు
కాల్క్‌నె	కాళ్ళతో
కాల్ కర్త	నమస్కరించడం
కాల్క్ అర్వల్	దీవించడం
కాల్ద కడె	కాలి కడియం
కాలికొమ్	కొమ్ము
కాలెజ్	కాలేజీ
కావంగ్	కీలు
కావ్లి	కలుపు
కావెరి	కావేరి
కాస్	కంచు
కాస్	అవసరం
కాస్ సడె	మేనల్లుడు
కాస్త ఊకుర్	వేడి గాలి
కాస్ర	పగ్గము
కాస్‌కార్	వ్యవసాయం
కాసుర్ సరి-	ఎడ్లబండి వెళ్లేదారి లేదా బాట
కాసుస్-	వేడి
కికలి (జాడి)	ఒక రకమైన గడ్డి
కిచకిచ	విరక్తి
కిచ్వల్	తెంపుట
కిచుడి	చెత్త
కిచెఙర్	అడవిలో చెలరేగే మంట
కిట్క్‌నె ఆత	సూర్యుడు అస్తమించాడు
కిట్కుర్	ఒక రకమైన పురుగు
కిటుక్నె	చప్పుడు
కిటుస్నె ఉరుంగ్త	పుటుక్కుమని విరగడం
కిడమొడ	పూర్తిగా ఎండి పోయింది
కిడ్కి	కిటికి
కిడ్ఙి (మర్ర)	ఒక రకమైన (చెట్టు)
కిడ్డి	ముడ్డి
కినన్	చల్లగా
కినిత	చల్లటి
కియన	చేసుకోవాలి
కియపరొర్	చేయ లేడు
కియవచ్చొ	చెయ్య వచ్చు
కియవాంత	చేయగలుగు
కియసీమ్	పని చేయనివ్వు
కియ్యల్ లేఙ్	సన్నని రాగము
కియ్యె	చేయగల
కియ్వక్నె	పొరపాటు
కియ్వల్	చేసేవాడు
కిరక్	కోపిష్టి తనం
కిరకిర	చికాకు
కిర్కెటల్	అతి కోపస్తుడు
కిర్వి తల	సగం గుండు తల
కిర్వి మొసొర్	సగం ముక్కు
కిర్స్ నె కెల్క్	చిందరవందర జుట్టు
కిరుటి	కొయ్యచీల
కిరెయ్	అద్దె కు
కిలండి	గట్టి పిలుపు
కిలస్	తరగతి
కిల్లల్ లెఙ్	సన్నని గొంతు
కిలి -	కేక
కిలియ	కేకపెట్టు
కిలిసి కిలిసి	అరిచి అరిచి
కిస్	అగ్గి పుల్ల
కిస్ డబ్బి	అగ్గి పెట్టె
కిస్క్-	గిచ్చుట
కిస్మత్	అదృష్టం
కీక్ర	ఉలి
కీడ	మొలలు
కీడింగ్ ‌గోడింగ్	వంకర టింకర
కీర్తి	గుర్తింపు
కీర్తివాలె	కీర్తి గల వాడు
కీరెనస్టల్	చెడ్డవాడు
కీల్చ	కీలు
కీవుల్	దయ
కీస	జేబు
కీ-	చేసుకో
కుక్కు	కుంకుమ
కుక్కు గుల్వల్	కుంకుమ గులాల్
కుకుర్ కుమ్డి (పిట్టె)	చెమ్డ కాకి
కుచ్చల్ మల్	మగ నెమలి
కుటుంబ	కుటుంబం
కుడ్డుక్	కుడుములు
కుడ్ది దొస్వల్	కుడితి పెట్టుట
కుడుస్-	మార్చుకోవడం
కుడెకె బసల్	బట్టలు లేకుండా ఉన్నవాడు
కుడెడ్ వొడ్డు	నది ఒడ్డు
కుతుల్	కూర్చొనే పలక
కుద కుద	లబ్ డబ్ లబ్ డబ్
కుద్రు సీమ్	కుదుర్చు
కుదుర్ డొక్కె	బల్లి
కుదుర్క్‌నె ఆ-	కలత చెందుట
కుంట	కుంట
కుంద (జాడి)	గడ్డి
కున్బి	కూలి చేసేవాడు
కుంజి	తాళం చెవి
కుంజి-డబ్బ	తాళము
కుప్పర్	పీతాంబరము
కుప్సె మా-	చొరడం
కుబ్రె	దోసకాయ
కుండి	పూలకుండీ
కుమ్మల్	కుమ్మరివాడు
కుమ్మె	కుమ్మరి పెండ్లం
కుమ్మె వీసి	కుమ్మరి ఈగ
కుముడ్ (మర్ర)	మునగ చెట్టు
కుర్కుమ్	మొటిమ
కుర్చి కీసి	చంకలో పెట్టుకొని
కుర్ప	చిన్న కొడవలి
కుర్మా	ఊక
కుర్వి	కుండ
కుర్సి	కుర్చీ
కులం	కులం
కుల్లొ	తియ్యి
కువరి	అవివాహితుడు
కువ్వత్	శక్తి
కుస కుస	మెల్లగా మెల్లగా
కుసయ్	చాటుగా
కుస్ కుస్ వడ్క్-	మెల్లగా మాట్లాడడం
కుస్తి పియ	కుస్తీపట్టు
కుస్రి	కూర
కుసి	ఆనందంగా
కుసి గమ్మత్	ఆనందం
కుసి లాగుస	తృప్తి కలిగించు
కుసిఆమ్	సంతోసించు
కుసితె మన్	ఆనందంగా వుండు
కుసిరజ్జి	సంతోషంగా
కుహ్చె (మీన్)	అలుగు (చేప)
కూట	మూరెడు
కూటర్	ఊక,మేత
కూట్-	కుంటుట
కూటి కీమ్	కుంటి దానిగ చేయు
కూటెక్ కూటెక్	కుంటుతూ కుంటుతూ
కూడ్సెర్	దొర్లుతున్న
కూడ్-	దొర్లించడం
కూడి	విస్తరి (ఆకులు)
కూత్లి	చంక
కూబ్	చాలా ఎక్కువ
కూయ్‌సఙ్ నోతఙ్	పురిటి నొప్పులు
కూర	వెండి
కూర సాని	పొట్టి వ్యక్తి
కూర్	పీనుగు
కూర్క్-	నిద్ర
కూరి	డెక్క
కూల	పిరుదు
కూలుమ్	చీము
కూస	పలుగు
కూస్క్ వల్	రాకుట
కూస్వల్	కూత
కెక్రెమాయ్వల్	దగ్గు
కెంచ్ బుద్ది	చెడ్డ గుణము
కెంజ్క	కందెన కాయ
కెంచు	చాలా మొండివాడు
కెమ్మల్ గోటి	వంకర మెడ
కెయ్ట	కట్టె
కెయ్త	చేదుగా
కెయ్ముల్	చేదు
కెయ్సర్	చెత్తను ఊడ్చే చీపురు
కెయ్‌ద గడి	చేతి గడియారం
కెర్రె వెర్రె	చప్పుడు
కెర్-	తొడుక్కుంది
కెల్	వెంట్రుక
కెవి	చెవి
కెవి ముద్ద	చెవి పోగు
కెవి కాంచులి	చెవి కింది భాగం
కెవి గద్దింగ్	చెవి కన్నాలు
కెహ్క మాటి	కందగడ్డ
కెహ్-	మూయుట
కేక్డె కాల్ (జాడి)	ఒక రకమైన గడ్డి
కేక్రి కీ-	దగ్గుతున్నాడు
కేడ	అడవి
కేతి కామ్	వ్యవసాయం
కేతి దారల్	రైతు
కేంజ్-	విను
కేంజ్వక్	వినకుండా
కేపత్ వాంత	తరుచుగా వచ్చు
కేప్-	కాపల గాయడం
కేప్వల్	కావలి వాడు
కేయ్-	పిలుపు
కేయ్వల్	పిలిపించు
కేరి	మొనదేలిన గట్టు
కేరె	అరటి
కేరె (మర్ర)	అరటి (చెట్టు)
కేరెల్	మోపురం
కేల్	ఆట
కేస్కుడ్	నిచ్చెన ఎక్కుటకు వాడుతారు
కేస్ల (మర్ర)	మునగ చెట్టు
కేస్లపుడి	గుంపు పురుగులు
కేహల్ వాయొ	జ్ఙప్తికి రావడం లేదు
కొఙల్ బండ	పెద్ద బండ
కొజ్జి	అడుగు
కొట్క	కొట్టాము
కొట్క (పిట్టె)	పిచ్చుక
కొట్వల్ (మీన్)	జెల్ల
కొట్-	కుట్టు
కొడ్కెల	లేతగా
కొడ్డి	కొన
కొడ్వింజ్	కొవ్వు
కొడ్వింజ్ నియ్	కొవ్వు
కొడుతొర్	కొవ్వుగలవాడు
కొడ్స్-	మొలుస్తుంది
కొడ్స	చిగురు
కొడి-	కుట్టుట
కొడొప్	దోసె
కొత్తంగ్	డబ్బు
కొత్త	పైస
కొద్ద పా-	తడబడు
కొంకి	వంకర
కొంటె	పగ
కొనొడ	దేవుని కొమ్ట
కొండ కెల్క్	కను బొమ వెంట్రుకలు
కొండ బుడ్కుమ్	నత్త
కొయ్య	కొయ్య
కొయ్సల్	వంకర
కొయ్-	కోయడం
కొరలిక్ మీసెల్క్	పెద్ద మీసాలు
కొర్	కోడి
కొర్ పిల్ల	కోడి పిల్ల
కొర్కంత	కొరుకుట
కొర్వి	చెంప
కొరి-	తీయడం
కొరెకల్	చెవిలోని జిబిలి
కొరెంజ	కోరిక
కొరొప్	మజ్జిగ
కొల్మి	కొలిమి
కొస్వల్	వేరుపర్చుట
కొసుర్వల్	బేరం చేయడం
కొసొ	మసి
కొహ్క (మర్ర)	జీడి (చెట్టు)
కొహ్క్-	దంచు
కొహ్క్-	పొడిచింది
కొహ్రె	గుమ్మడి కాయ
కొహెమాటి	ఒక విధమైన దుంప
కోక్ల	దగ్గు
కోక్ల కీ-	దగ్గు
కోకొ	తమ్ముడు
కోఙల్ (పిట్టె)	కొంగ
కోజ	గిన్నె
కోట్	కోటు
కోటి	కోటి
కోడ	తుపాకి ట్రగ్గర్
కోడ	గడ్డి చిలుక
కోడ	వెదురు బొంగు
కోడ	లోపల
కోడ పాలుండి	గుర్రపు డెక్క
కోడ పిప్రి	గడ్డి చిలుక
కోడతిరుడి (పుడి)	పెద్ద' జెర్రి
కోడమావ్	అడవిలో ఉండేది
కోడలవ్డ (మర్ర)	వన మూలిక (చెట్టు)
కోడల్ పేన్	నృత్య దేవత పేరు
కోడసాప్	ఒకరకమైన ముళ్ల మొక్క
కోత్లల్	కొత్వాలి
కోన్	మూల
కోప	చిన్న కుండ
కోబ్రె	కుడుక
కోబ్రె నియ్	కొబ్బరి నూనె
కోమ్ట	మూల
కోయ	గోండి
కోయ్‌తొర్	గోండి వ్యక్తి
కోయ్తడ్	గోండి ఆమె
కోయకట్	గోండి కట్టు
కోర	వొడి
కోరతె మన్వల్	ఒడిలో ఉండడం
కొహ్క్	కొమ్ములు
కోర్కె	కోరిక
కోర్టె	ముల్ల పొద
కోర్డ సొత్త	ఎండిపోవడం
కోర్సె	బొగ్గు
కోర్సెంగ్	బొగ్గు
కోరియడ్	కోడలు
కోరుమ్	ఆలస్యం
కోరెల్	కొమ్ములు
కోరొ కాపి	తెల్ల కాఫీ
కోరొకాండి	పెళ్లి కాని పిల్లవాడు
కోరొపేడి	పెళ్లి కాని పిల్ల
కోల	కర్ర
కోలవెహె	కోల చెప్పే
కోల్	లోతు
కోల్ సొత్త	లోతుకు పోయిన
కోలి	మూల
కోలుస్వల్	సానపెట్టడం
కోస్	మూడు కిలోమీటర్లు
కోస్ల పుడి	పట్టుపురుగు
కోసి కీ-	తగిలించు
కోసిద్	ప్రయత్నం
కోసిస్ కీ-	ప్రయత్నము చేయుట
గగ్ర	బిందె
గచ్ పియ	గట్టిపట్టు
గచ్నె	అకస్మాత్తుగా
గజ్ బిజే మా-	చాలా మంది
గట్	గట్టిగా
గట్ ఆతప్	గడ్డకట్టిన
గట్క	ఘడియ
గట్కమెన్	కొద్ది సేపు
గట్టి	ముడి
గట్టి సొరొప్	గవదబిల్లలు
గట్టియల్	సభ్యులు
గట్టిరెహ	చిక్కు విడదీయి
గట్టెడ	చిన్న మొక్క
గడ	గాఢ
గడ్ బడ్	ఆందోళన
గడ్డపార	గుణపము
గడ్డిరూప్	కొండెంగ రూపం
గడ్నుక్	కొద్దిసేపు
గడ్యల్ (గడియల్)	సేవకుడు
గడ్స్	తెలివి
గడి	గడియారము
గడి కీమ్	మడత బెట్టు
గడి కీ-	మడత పెట్టుట
గడికియ్-	మడత పెట్టటం
గడిగడి	మళ్లీ మళ్లీ
గడె మాత	నిర్మాణమైన
గడెంచ	బిందెలు పెట్టే బల్ల
గడెమాయ్వల్	సృష్టించబడింది
గడొల	చిన్న బిందె
గతిసిల్వ	గత్యంతరం లేక
గద్ది	కన్నం
గద్దింగ్ కీమ్	కన్నాలు చేయు
గన్	సుత్తి
గంట	సమయం
గంగ	నది
గన్నె	కణుపు
గన్నెర్ (మర్ర)	గన్నేరు చెట్టు
గంగర్	గంగాళము
గంజ్	గిన్నె
గంటి పామ్	గంటలు కొట్టు
గందెలల్	అంద విహీనమైనవాడు
గంటెల్క్	కమ్మలు
గనగన	గుండ్రంగా
గనిత్ సాస్త్రం	గణిత శాస్త్రం
గప్ ముడుఙ్వల్	బోర్ల పడటం
గప్నె	ఆనించి
గండం	ప్రమాదం
గండ్-	గుచ్చడం
గమ్డి	గొంగలి
గమ్మత్	అద్భుతం
గమ్మెమా-	మనసుపట్టడం
గమత్‌నొర్	హాస్యగాడు
గమతె	విచిత్ర
గమతె మంత	మురికి ఉండి
గరగుర	చిర్రుబుర్రు
గరంజి	నూనె తయారు చేస్తారు
గర్ గర్	చుట్టు
గర్క్‌వర్క్	ఆరోగ్యంగా
గర్గొటి బండ	చెకుముకి రాయి
గర్జ్ వల్	ఉరుము
గర్జె మా-	వాన రావడానికి
గర్బ్	కడుపు
గర్మి (కాక)	వేడిమి
గర్మిఆంత	వేడి అవుతుంది
గర్రి	గాలం
గర్వ	గర్వము
గరికీయన	వడ పట్టుట
గల్తి	నేరము
గల్‌బల	కలకల లాడడం
గలిజ్	మురికి
గవ్వదర్	సాక్షి
గవ్వయేత	సాక్షి తీసుకో
గస్రె మా-	జారడం
గసి కి-	రుద్దడము
గసెమాత	తాకుతూ వెళ్లడం
గహ్రి	ఓర్పుగా
గహె	కొలత పెట్టి(ముగ్గువేయడం)
గ్రహము	గ్రహము
గాజ్లీ	గాజు
గాజ్లింగ్	గాజులు
గాటి కీత	అందుకుంది
గాటి పెట్టి	కడుపు గట్టి పడటం
గాటొ	అన్నము
గాడ్వ	తిట్టు
గాడి	వాసన
గాడి కీమ్	గుచ్చు
గాడి కోర్సె	బొగ్గు
గాడె మాత	దిగి పోవుట
గాది	గాడిద
గాదుర్ వాత	దొరగ
గాదుల్ వాత	పరిపక్వమైన
గాదె (గర్సె)	గరిసె
గాబ	చెట్టు మొద్దు మధ్యభాగము
గాబ్డి	కడుపుతో
గాబ్డి ఆత	గర్భం వచ్చింది
గాబ్రియల్	తొందర పడే వ్యక్తి
గాబ్రె మాసి	తబ్బిబ్బైన
గాయ్కి	పశువుల కాపరి
గాయి	కర్రతో కొట్టే భాగం
గాయింజ	గంజాయి
గార	ఇప్ప పరక
గార్ని	జల్లెడ
గారి కీ-	జల్లెడ
గారె తల్ల	బండి చక్రం తల
గాలియ్	అక్కరలేదు
గాలుమ్	కాలము
గావ్	గాయం
గిట్కెమాతొర్	బాగా దాహం వేసిన
గింద	పేలిక
గింతి	గణితం
గియన్	విఙ్ఞానం
గిరన్/గాడం	గ్రహము
గిర్	కూడ
గిర్క	గిలక
గిర్దవర్	గిర్దవర్
గిర్ని	పిండి మరలో
గిలస్ (చంబు)	గ్లాసు
గీడి పా-	చుట్టుముట్టింది
గీతొ	గీత
గీర తెండ్వల్	ప్రమాణము కప్పుట
గుగ్రింగ్	గుడాలు
గుజ్జి	గెల
గుడ్ఙ	గొంతు
గుడ్డి	గుడ్డి
గుడ్రల్ (తరస్)	గుడ్డి పాము
గుడ్సె	గుడిసె
గుడి	దేవాలయం
గుత్త	గుత్తకు యివ్వు
గుత్తి	గుత్తి
గుద్-	గుద్దడం
గుంగ్	మూర్ఛ
గుంగ్నె	చప్పుడు వినకుండ
గుంతి కోల	బాణము
గుంతి వియ్ద	విలువిద్య
గుంజె వేలి	తీగ
గునల్క్	గుణాలు
గుప్డి (మర్ర)	కుతికెలు వస్తే ఈ చెట్టు చెక్కను దంచి తింటారు
గుప్పుడ్	పిట్టెలు కొట్టడానికి
గుబ్డ	సమూహం
గుండం	గుండం
గుండ్రల్	గుండ్రంగా
గుండుర్ కాయంగ్	వృషణాలు
గుమ్మి కీ-	మొసం చేసాడు
గుమ్మెల	వాయిద్య పరికరం
గుమ్మెల యెంద్వల్	దీపావళికి నృత్యం చెయ్యడం
గుమ్సల్ టొడ్డి	గుండ్రని నోరు
గుముల్ (మర్ర)	బూరుగు (చెట్టు)
గురగుర	గులగుల
గుర్గుల	చిన్న గంప
గుర్ల కియ్వల్	పుక్కిలించుట
గురుజి	గురువు
గులబి పుఙర్	గులాబీ పువ్వు
గుల్లెర్	గుల్లెరు
గుల్వల్	గులాల్
గుల్‌గుల్	గిలగింతపెట్టు
గుహ్	పుట్ట గొడుగు
గుహ్క్	పుట్టగొడుగులు
గూడ	దేవుని కొమ్ట
గూడ	గూడెము
గూన్	గుణము
గూనల్	గూనివాడు
గూబె	కర్ణభేరి
గూండి కీ-	చుట్టడం
గూరె	మట్టి గోడ
గూసి	పందికొక్కు
గెబ్ గెబ్	తేన్చు
గేర్వ యేందంతెర్	గుండ్రంగా నృత్యం చేయడం
గొక్కఙ్	నిప్పు రవ్వలు
గొక్కత గావ్	కాలిన గాయం
గొగ్డి పుఙర్	గోరెంక పువ్వు
గొఙొర (పుడి)	కీటకము
గొట్ట	గొట్టం
గొటిత్ సిర్ముట్	మెడ చుట్టూ
గొడ్డు	గొడ్రాలు
గొడ్డు మూర	గొడ్డు ఆవు
గొడెల జాడి	అడవి కోర్రలు
గొంద	మొలత్రాడు
గొప్ప	ఆవు పేడ
గొయ్ట బొక్క	కీలు ఎముక
గొర్క	బల్లెము
గొర్ర (పుడి)	పురుగు
గొల్క	గొల్కా
గొల్గ్‌వల్	గునుగుట
గొల్లల్	గొల్లవాడు
గొవుర్	ఎరువు
గొస్టి	మాట
గొస్టింగ్	మాటలు
గొస్టి విడ్వ	నిబంధన
గొస్టిన జూండ్	వాక్యబంధం
గొహ్క్	గోదుమలు
గొహ్డల్	మగది
గొహ్డె మా-	మలినం చేసి
గోకుడ్	తామర
గోగ్ల	పొక్కులు
గోచి	చిన్నరొట్టె
గోట్నం	గోట్నం
గోటి	మెడ
గోటి కి-	రుద్దుట
గోడ గోడి	ప్రేమగా
గోడ్	తీయటి
గోడ్ లీమ్ (మర్ర)	ఒక రకమైన వేపచెట్టు
గోడితె	ప్రేమ
గోదవరి	గోదావరి నది
గోంజి కియ్	చెరుగుట
గోంగొర (పుడి)	గొంగళి పురుగు
గోనడి (జాడి)	ఒక రకమైన గడ్డి
గోపెర	సాలె పురుగు
గోపెర (పీటె)	సాలె పిట్ట
గోబె	గోబి
పాన్ గోబె	ఆకు గోబి
గోమెర	పిడక
గోయ్లల్	గుండ్రంగా
గోల్	గుండ్రటి
గోల్‌సాడి	చీర
గోలి	గోళీ
గోలి కీమ్	ముద్ద చేయు
గోవుర్‌దన్ గోటం	పెళ్లిళ్లు చేసే చోటు
గోసతె	శిక్ష పడు
చక్కార్ వా-	తలతిరగడం
చక్కి	గిర్ని
చక్నర్ మాటి	రత్నపురి గడ్డ
చక్నె	నిర్మలమైన
చకిన్ కియ్వల్	పర్యవేక్షించు
చచ్చొల	పూర్తిగా
చట్టం	చట్టం
చడ్డ చడ్డ	స్పష్టంగా
చడ్డి	చడ్డీలు
చడి కీ-	ఎగరవెయ్యి
చతుర్ మన్వల్	తెలివిగా/ జాగ్రత్తగా
చంది	సామాను
చంచి	సంచి
చంచి కీ-	సర్దడం
చంచె మాతొర్	బాగుపడ్డాడు
చందొడ	ఎర
చప్డి	చప్పగా
చప్పుడ్	చప్పుడు
చప్రి కీ-	చప్పరించడం
చపేట	వెడల్పు
చబుక్నె	నెమ్మదిగా
చమ్చ	తీయడం
చమ్చమెన్ సాకుర్	చంచా నిండ చక్కెర
చండ్కె	నేత కాని ఆమె
చంబరల్	చెప్పులు చేసేవాడు
చంబరె	చెప్పులు కుట్టే వాని భార్య
చంబు	గ్లాసు
చంపొ పుఙర్	సంపెగ
చయిన్ సెల్వ	అనారోగ్యంగా ఉన్న
చర్న	చరణం
చర్వి	చిన్న బిందె
చల్ప బండ	చలప రాయి
చవ్కి	చౌకీదారు
చవ్రంగ్	దేవుని గద్దె
చహ పత్తి	తేయాకు పొడి
చహ బాజి	ఆకు కూర
చహ్క్	ముళ్లు
చహ్డింగ్	చాడీలు
చహ్డియల్	నిందలు వేసేవాడు
చహుర్	గోవులతోక వెంట్రుకలు
చాకు	కత్తి
చాచ్‌ గోయిందల్ (పిట్టె)	పక్షి పేరు
చాచుడింగ్	తెరలు తెరలు
చాట్	కమ్చీ
చాటి	వాయిద్యములో శబ్దం వచ్చే భాగం
చాడ్ని	జల్లెడ పట్టడానికి
చాంగ్లొ	మంచిది
చాంది	వెండి
చాప్ర	చాప
చాపి కియ్వల్	ముద్రణ
చాయ్‌చల్	ఉషారుగా
చారొ	పశుగ్రాసం
చాలక్	తెలివిగా/ జాగ్రత్తగా
చాలకి	చురుకైన
చాల్	తీరు
చాహ్-	చాపడం
చిక్కల్	చుంచెలుక
చిక్టల్	లోభి
చిక్ల	బురద
చిచ్చల్ బొట్ట	చిన్న వేలు
చిట పొట	మూర్చ
చిట్క్ చొట్క్	చిటపట
చిట్కి కీ-	చిటికలు వెయ్యడం
చిట్టి	ఉత్తరం
చిట్టె	చిట్టెడు
చిత్తమ్	ఆలోచన
చిత్రన్ కీమ్	చిత్రించు
చింత	విచారకరమైన
చింద వంద	చిందటం
చిప్ టుండ్-	అతికించుట
చిప్డి	కంటి ఊసులు
చిప్నె కీ-	కౌగిలించుట
చిపొట	పాసెం కాయ
చిమ్కి	చిటికెడు
చిమ్ట	శ్రవణం/పట్టుకారు
చిమ్ని	దీపము
చిరచిర పేల్క్‌వల్	నీళ్ల విరేచనాలు
చిర్కల్	కీచురాయి
చిర్క్‌నె	పూర్తిగా
చిర్రల్	తామర
చిర్రల్	కీట్కుర్
చిలటి (మర్ర)	చిలటి చెట్టు
చిల్కె	పూర్తి
చిల్కె ఆ-	మొత్తం అయింది
చిల్కొలటింగ్	ఆట
చిల్మి	గొట్టం
చిల్లర్	చిల్లర
చిల్లల్	హరితము
చిలిమ్	గంజాయి త్రాగే గొట్టము
చిలుమ్ పియ్-	త్రుప్పు పట్టింది
చిలుమ్‌ పియ్త	తుప్పుపట్టింది
చిహ చిహ కవ్-	ముసిముసి నవ్వు
చిహ్డి కియ్వల్	ఎగతాళి చేయు
చీకివాత తోడి	బంకమట్టి
చీచె	పిందె
చీచొక	చింత గింజ
చీచొర బండ	రాయి
చీజ్	వస్తువు
చీతకి	బంగారపు పట్టి
చీతడ్	చిరుతపులి
చీప	బద్ద
చీర్నంగ్	చిన్నగంటలు
చీర్ని	చిన్న ఉలి
చీరిత	చీల్చిన
చీల	కొయ్య చీల
చీల వాట	గడియ వేయి
చుక్క	బిందువులు
చుక్కి ఆత	తప్పు అయింది
చుక్కొ	దురదృష్టం
చుక్డ (జాడి)	ఒకరకమైన గడ్డి
చుక్డియల్	పని దొంగ
చుక్‌చుకె మా-	పశ్చాత్తాప పడడం
చుచ్చి బాజి	ఆకు కూర
చుట్క్‌నె సో	తక్షణం పో
చుట్టఆకి	తునికి ఆకు
చుట్టల్క్	చుట్టాలు
చుడ్‌బుడ్కల్	తుంటరివాడు
చుడుర్	సూక్ష్మ
చుడుర్ జీవ	చిన్న ప్రాణం
చుడుర్ పిర్-	చిన్న వర్షం
చుడుర్ పొద్దుర్	చిన్న ప్రేగు
చుడురె	చిన్న
చున్న	సున్నము
చుమ్మర్	బరువు ఎత్తుటకు చుట్ట చెయ్
చుయ ముయ	గప్ చుప్
చుయ్ ముయ్ ఆ-	ఏదో రకంగా
చురి కీ-	నలుపడం
చులబుల	మసలుట
చుహ్క్-	చప్పరించుట
చుహ్డియల్	తిండిపోతు
చూచొ	సుల్లి
చూన్	పిట్ల
చెక్కంగ్	చెక్కలు
చెక్వల్	చెక్కటం
చెచరల్	సిగ్గు శరం లేని
చెత్	పీనుగు
చెదెవెదె	శిథిలావస్థ
చెన్ని	ఛానల్
చెందవెంద మన్వల్	ముక్కలుముక్కలుగా ఉండే
చెంగుల్క్	కుచ్చులు
చెప్టల్	వెడల్పు
చెప్టె మా-	చిక్కు
చెప్పుల్	చెప్పులు
చెండు	బంతి
చెమ పాత	తడి రావడం
చెర్కి	సందు
చెర్చ	చర్చ
చెర్చొండ	అందంగా కనిపించాలని అమ్మాయి జడ వేసుకుంది
చెల్క బొమ్మి	ఇసుక భూమి
చెల్మె	చెలమ
చెల్లల్	సేవకుడు
చెల్లి	అవుతోక చివరి వెంట్రుకలు
చెవ్ బాలి	కర్ణభూషణం
చెవ్డల్	చెవిటివాడు
చెవ్డి	చెవిటి
చెస్టెంగ్	చెష్టలు
చెహ	తేనీరు
చెహ్టెంగ్	గేలిచెయ్
చెహ్ర	రూపం
చెహ్లి	రవ్వ
చెహ్-	చూయించడం
చేతొ	మేల్కొని
చేపెమాత	చిక్కుకున్న
చేపెమామ్	చిక్కుకో
చేవె మాతొర్	నిద్ర నుండి లేచుట
చొకొట్	నీతిగా
చొకొట్ జోడెమాత	చక్కగా అతుక్కొవడం
చొకొట్ దిసంత	మంచిగా కనిపిస్తుంది
చొకొట్ నిల్ల	సరిగా నిలబడటం
చొకొట్ నేకుస్	బాగా వాయించేవాడు
చొకొట్ మంత	బాగుంది
చొకొట్ వడ్క	స్పష్టంగా ఉచ్చరించు
చొకొట్ వడి	మంచి గాలి
చొకొట్ సూడ్వల్	మంచిగా చూడటం
చొకొట్ సెల్లె	మంచిది కాదు
చొకొట్న	మంచి
చొకొట్న కబుర్	మంచి వార్త
చొకొట్న గొస్టి	మంచి మాట
చొకొట్న దివస్	మంచి రోజు
చొకొట్న రోన్	మంచి ఇల్లు
చొకొట్నబావన	మంచి భావన
చొండ్క	సంగీత వాయిద్యం
చొర్ చొర్ (పిట్టె)	పక్షి పేరు
చొహ్-	దురద
చోప్డల్	నున్నటి
చోప్డి కీ-	నిమరడం
చోర్న	చెడ్డి
చోరి	రవిక
జక్కుస	చంపించు
జక్మక్	చెకుముకి రాయి
జక్మి కియ్వల్	జక్మి
జక్వల్	చంపడం
జగ జగ మిడ్చ్ వల్	జగ జగ మెరువు
జగ్	ప్రపంచం
జగ్ జగ్	మిల మిల
జగ్డ	తగద
జగ్డ ఆపుసట్	పోట్లాట ఆపండి
జగ్డ పుఙర్	గొడవ పువ్వు
జగ్దునియ	ప్రపంచం
జగ్రస్ (పిట్టె)	ఒక రకమైన పిట్ట
జగుం జగుం	మెరుచుట
జగుమ్నె ఆత	వెలుతురు రావడం
జట్కబేమరి	పిట్స్
జట్ట	ఒక రకమైన రోగం
జటుమ్నె	జాగ్రత
జడప్	వేడి గాలి తాకడం
జడ్	బరువు
జడ్త	జడ్తివ్వడం
జడ్ప	తడక బండి
జడి కి-	దులుపుట
జడె మా-	రాలిపోయింది
జత్తుర్	వీణ
జత్ర	జాతర
జన్క్	జనం
జన్మ	పుట్టుక
జన్వర్	పశువు
జంగ్ పి-	తుప్పుపట్టడం
జంత్రి	పంచాంగం
జంగొ	చంద్రుడు
జబన్ సియ్వల్	మాట ఇవ్వడం
జబబ్	జవాబు
జబర్ దస్తి	బలవంతం
జబర్ వాలె	బలవంతమైన
జబుండ్	నల్లి
జమ్నత్ కీమ్	సాక్షి చెయ్యి
జంపర్	రైక
జమ్లి పొద్దుక్	ప్రేగులు
జమ ఇర్వల్	బీమా
జమే-మా-	కలిసింది
జమన	కాలం
తొల్లెతజమనతె	తరం
జమికీత	కూడినది
జమియ	కత్తి
జయ్	విజయం
జర తెర్	కనీసం
జర దీర	కొద్దిగా ఆగు
జర లఙ్	అల్లంత దూరాన
జరజర వడి	కొద్ది కొద్దిగా గాలి
జరబ్నె ఇర	అదుపులో ఉంచుకో
జరసి బూడ్	కొంచెం కిందికి
జర్గ	జరుగు
జర్గ్‌త	పని
జర్గుస్వల్	కదల్చడం
జల్	నీళ్ళు
జల్క్-	ఒలక బొయ్యి
జల్ది అలె	త్వరపడు
జల్మ ఆత	జన్మించుట
జల్ల పుట్వల్	ఊట
జల్వ	నమలడం
జవన్	యవ్వనం
జవన్ పేడి	వయసు పిల్ల
జవని	యుక్త వయస్సు
జవబ్	జవాబు
జవ్ గొహ్క్	బార్లి
జవ్క్-	చంపు
జహ	దంచు
జ్ఞాన్	తెలివి
జాకర్ (పిట్టె)	చిన్న పక్షి
జాగ తపుస	స్థానం తప్పించు
జాగ పియ	చోటు సంపాదించు
జాగతె మన్వల్	స్థలంలో ఉండడం
జాగవాలె	స్థల యజమాని
జాగ్లి	రాత్రి కాపలా
జాట సేఙ	అనుప కాయ
జాడ అరుస్వల్	గుర్తు పట్టడం
జాడ్కల్	పొడవాటి జుట్టు గలవాడు
జాడి	గడ్డి
జాడి కోడ (పుడి)	గడ్డి గుర్రం
జాడి కోల	గడ్డి పోచ
జాడి చాప	గడ్డి చాప
జాడి వాట్వల్	గడ్డి వేయుట
జాడి (పుడి)	గడ్డి పురుగు
జాడున్	అంతట
జాతి	కులము
జాతిత రీతి	జాతి పద్దతి
జాంగ	లోపల వేసుకొనే
జాంజి దొహ్వల్	దడి కట్టుట
జాని గూన్యల్	అంతతెలిసిన వాడు
జానొస	విడిది గృహము
జాప్	ముళ్ల కంచె
జామ్ (మర్ర)	జామ (చెట్టు)
జామ్‌లేండి	అల్లనేరేడు
జాయ్‌జత్	ఆస్తి
జార	కిరణము
జార్	వల
జార్	జ్వాల
జార్-	తొక్కి వెయ్యి
జాలర్క్	తాలలు
జాలిసెల్వ	దయ లేదు
జావ	అంబలి
జావడ్ద్ పొడ్ద్	ఉదయం
జాస్త	ఎక్కువ
జికర్	ప్రయత్నం
జిగ్గి సెల్లె	శక్తి లేదు
జిగుట్	పట్టుదల
జిఙె	చిన్న చేప
జిద్	ఉడుం పట్టు
జిద్ పియ్-	పట్టు విడువకుండ
జిద్నె కామ్	పట్టుదలతో
జిన్గని	జీవితం
జిన్గని కీ-	జీవించు
జిమ్మ	బాధ్యత
జిమ్మెదర్	బాధ్యత గల
జిర జిర పోంగ్వల్	సన్నటి నీటి ధార
జిర్క్‌త	తట్టుకుంది
జిల్ల	జిల్లా
జిల్లమేడియల్	జిల్లా అధ్యక్షుడు
జివ్రస్	జంతువులు
జీక సీ-	ఒరిగి
జీకసీమ్	ఒరుగు
జీతం	జీతం
జీతొ కోర్సె	నిప్పు కణిక
జీతొకె	ప్రాణముతో
జీబ్	జీబు
జీరంగ్	కూరలో వెయ్యడానికి
జీరె మా-	తగ్గి పోయాడు
జీవ	జీవం
జీవ ఆ-	బెంగ పెట్టుకొను
జీవ ఇర్వల్	మోహం
జీవ నోయుస్త	హృదయాన్ని నొప్పించడము
జీవ వాట్తెర్	మనస్సు పారేసుకున్నవారు
జీవ వితుస్త	మనస్సు పారేసుకోవడం
జీవ సొత్త.	ప్రాణం పోయింది
జీవత్ చొకొట్	మానసిక స్థితి
జీవత్ సాటి	ప్రాణము కొరకు
జీవదన్ సుటికియ్వల్	అహింస
జీవంగ్	ప్రాణములు
జుక్కెమాత	జరిగింది
జుట్టి	జుట్టు పిలక
జుంగ్ బేటుస	వేలాడ దియ్యి
జుంజుర్	దట్ట మైన
జుంజుర్ ముంజుర్ మాయ్నల్	అపరిశుభ్రంగా ఉన్న వ్యక్తి
జుప్డె	అరకకట్టే త్రాడు
జుమ్క	కుచ్చెలు
జురత్ సెల్లె	అవసరం లేదు
జుర్ జుర్	సాయంత్రం
జుర్మన	జరిమాన
జురె	తొంభై
జురె అవ్ట్	తొంభై ఎనిమిది
జురె ఉంది	తొంభై ఒక్కటి
జురె నాలుంగ్	తొంభై నాలుగు
జురె పీట్	తొంభై తొమ్మిది
జురె మూంద్	తొంభై మూడు
జురె యేడుంగ్	తొంభై ఏడు
జురె రండ్	తొంభై రెండు
జురె సారుంగ్	తొంభై ఆరు
జురె సియుంగ్	తొంభై ఐదు
జుల్మ కీతొర్	బలవంతం
జులుక్నె	కొద్ది సేపు
జూకర్	నీరసంగా అయిపోయాడు
జూడ	ముడి
జూడ్	గుంపు
జూడ్క్	తీగల గుంపు
జూంజరి	తుంటరి
జూండ్క్	గుంపులు
జూలుర్ (పుడి)	బొద్దింక
జూలె (గమ్డి)	చినిగిన గొంగడి
జెబ్బ అవల్	హూప్ మరియు నోరు
జేల	కొంగు
జేల	మొక్క జొన్న కంకిపూత
జేల్ తగ	జైలులో
జేల్త హర్ర	జైలు గది
జేవి	భోజనము
జొన్న	జొన్నలు
జొన్న (పుడి)	జొన్న పురుగు
జొప్నల్ తెహ	నిద్రలేపు
జొమ్మొ	రసం
జొర్దర్	బలంగా
జొల్	సొల్లు
జోక	ఒక్క సారి
మూంద్ జోకంగ్	మూడు సార్లు
జోకర్	హాస్య నటుడు
జోక్నె	తిన్నగా
జోకి కీంతొర్	జోకడం
జోకి కీ-	తూగు
జోడ సరింగ్	చౌరస్తా
జోడ్ అర	జతగా చేరు
జోడి	జత
జోడి కీమ్	కలుపు
జోడి కీ-	జంట చేయుట
జోడె మా-	అత్తుకో
జోతడ	దూలము
జోప్	నిద్ర
జోర	దుప్పటి
జోర్	బలము
జోర్తె	వేగం
జోర్తె అప్టెమాంత	గట్టిగా తగులుతుంది
జోర్తె తొడ్డి బుర్వల్	గట్టిగా ముద్దు పెట్టు
జోరి	జోరి
జోలె మా-	పూనకం
జోస్నె	ఉల్లాసంగా
టక్కర్ ఆసి	ఢీకొని
టక్కి కియ్వల్	మోసం చేయుట
టక్లియల్	బోడి గుండు
టగరి	బేసన్
టట్టుసిమ్	ఇరికించు
టట్-	చిక్కుకోవడం
టడంగ్నె నేక	కంగున మ్రోగు
టంట	ఘర్షణ
టప్ప	ఉత్తరం
టవ్వె హాబర్	నీలి మబ్బులు
టహర	వాయిద్యాలను మోగించడం
టహ్క (మర్ర)	తాండి చెట్టు
టహ్కడొగ్రి	కంటి కురుపు
టాకి	బంబు
టాట	తట్ట
టాట్రల్ మండ	పెద్ద పందిరి
టాటి	తడక
టాటొస్ వెడిల్	గట్టి ముసలివాడు
టాంగి కీ-	కాళ్లను వెడల్పుగా చెయ్యడం
టారెల్	మజ్జిగ చేసే కవ్వము
టారొ	మాడు
టాల్యల్	బట్టతల గల వారు
టావ	మంచం కోళ్లు
టావ సెల్వక్	గుర్తు లేదు
టావ్	అహారపు పళ్లేము
టావుక్	తెలియడం
టిక్క టిక్క సూడ్వల్	కళ్లు ఆర్పకుండా చూడడం
టిక్రి	శిఖరం
టిక్ల	టిక్లి (బొట్టు)
టిప్క	చుక్క
టిప్లి డాండు	గిల్లి దండు
టిమ్క	బిందువులు
టిస్సిఙ్	తుమ్ము
టిహ టిహ	మోడుగా
టీబి	క్షయ వ్యాధి
టీవి	టెలివిజన్
టుక్డె	ముక్క
టుక్డె-కీ-	ముక్కలుగా చేయడం
టుక్డెంగ్ కీ-	ముక్కలు చేయు
టుగ్రి	పొట్టి
టుప్సి	పొట్టి
టుండ్-	అంటుకోవడం
టురుట్	వగరుగా
టురెట	కంది కట్టె
టూటి కాల్	కుంటి కాలు
టెక్డి	దిబ్బ
టెట్టె	సన్నము
టెట్రెంగ్	అలచింత
టెట్రెమాటి	ఒక రకమైన గడ్డ
టెప్ప	మబ్బు
టెప్సి	చిన్నచేప
టేక్ జాగ	మంచి స్థలము
టేప్	టేపు
టేబల్	కూర్చి ముందు కూర్చొని వ్రాసే బల్ల
టేమ్	బిందువులు
టేమ్ పియ్త	సమయం పట్టింది
టేమ్ సెల్లె	సమయం లేదు
టొక్స వాడె (పిట్టె)	వడ్రంగి పిట్ట
టొఙల్	ఎత్తు
టొఙల్ (పిట్టె)	ఒక రకమైన కొంగ
టొఙి	మోచెయ్యి
టొంగ్ర	మోకాలు
టొఙి బొక్క	మోచేయి ఎముక
టొట్టె	ఆడది
టొట్టె నెయ్	ఆడ కుక్క
టొట్టె పద్ది	ఆడపంది
టొట్టె హెర్రె	ఆడ మేక
టొట్టెకోడ	ఆడ గుర్రం
టొటొక్ సివ్లి	పెద్ద పెదవి
టొడ్డి	నోరు
టొడ్డి బుర్వల్	ముద్దు పెట్టడం
టొడ్డింగ్	కుతికెలు
టొడ్దగొస్టి	నోటి మాట
టొప్లి	గుల్ల
టొమ్ర	జొన్నల పాయసం
టొవ్రి	పిడక
టొస్సుర్	మందం
టొహ్టుడి	చప్పుడు చేసే బొంగు వాయిద్యం
టోక్రె	పిడక
టోకె మాసెర్	దొంగలించుట కొరకు ప్రయత్నం
టోట్క	బీరకాయ
టోడ్మ	తొడిమె
టోన్ పహ్డియల్	లేని పోనివి చెప్పడం
టోప్ర	గుహ
టోండ్రి	దొండ కాయ
టోయ్టల్	తోటి
టోయి	పిడక
టోవి	తొక్కుడు బిళ్ల
డక డక డెయంత	సలసల కాగుతున్న
డక్నె కియ్వల్	నోరు తెరుచుట
డగ్	కుప్ప
డగ్గరి	దుప్పి
డగ్గుక్	పెద్దది
డగ్గుక్ మాయ్నలిర్	యాజమాన్యం
డగ్లి కి-	నెట్టడం
డగ్లి కీమ్	తోసివెయ్యి
డగుర్	పెద్ద
డగుర్ ఆస	అమితమైన కోరిక
డగుర్ దీప్	మహా దీపం
డగుర్ సార్	అధికారి
డగుర్‌వడి	పెద్ద గాలి
డఙల్	ఎత్తైన
డట్టి కీమ్	ఒత్తిడి చెయ్యి
డడ్డి నించివాత	ఒడ్డు నిండ వచ్చును
డడ్డితె అప్టెమాయ్వల్	ఒడ్డున తాకుట
డబ్బ	డబ్బా
డబ్బంగ్ వాట	పట్టిక తయారు చేయడం
డబ్లల్	మాటకారి
డబులింగ్ పాయ్వల్	జలకాలాడుట
డండరి	నృత్య బృందము
డండరి డప్	డండారి డప్పు
డండ్	మోచేతి కడియం
డండుగ్	జరిమాన
డండె	చేతి పై కండరము
డయ్-	దూకడం
డర్డి	ఒడ్డు
డవరింగ్	సరదా
డవరింగ్ కీ-	జోక్యం చేసుకునేవారు
డవ్ల	చంచా
డవ్‌డవ్ ఆంత	విపరీతమైన నొప్పి
డవెరియల్	హాస్యం చేసుకునేవాడు
డాక	మడమ
డాకలి	దాగిలి
డాక్టరల్	వైద్యుడు
డాగ్	మరక
డాగుల్క్	మరకలు
డాట్	ఎక్కువ
డాడి మంత	గర్భవతి
డాడియల్ గొర్రె	పెద్ద గొర్రె
డాప్క	రాతి బోను
డాబ్ల	గరిటె
డాండ	గొడ్డలి కర్ర
డాండ్వి	మంగలి
డాండియల్	మగ నెమలి
డాండె	తిరస్కరించు
డాయిడల్ పెట్టితొర్	బొర్రగలవాడు
డారి	పప్పు
డావ్ పోస్వల్	పగ పట్టడం
డిఙ్వల్	నిక్కబొడుచుట
డిఙెరల్	తిరుగుబోతు
డిజన్ కియ్వల్	నమూనాకారుడు
డిజిల్	డీజిల్
డిడ్డి	ఇంటి చుట్టు స్థలము
డిబ్బల్	బొర్రగలవాడు
డియ ఆతపేడి	వయోజనురాలు
డియంగ్	వయసుకు వచ్చిన అమ్మాయిలు
డియొర్	యువకుడు
డిరెవర్	వాహన చోదకుడు
డిలల్ కి	వదులు చేయడం
డివ్రల్	చేపలు పట్టే వాళ్లు
డిస్టి	దిష్టి
డిస్టి బొట్టు	దిష్టి చుక్క
డుక్ డుక్	చప్పుడు
డుక్రి కి-	రంకె వేస్తుంది
డుక్లి	నిద్రలో ఒక భాగం
డుగ డుగ ఆత	ముసలమ్మ
డుడ్డుస్	దుమ్ము; ధూళి
డుడ్డె	బర్రె గూణ
డుంక	గుంట
డుబి కీ-	ముంచారు
డుబె మా-	మునిగిపోయాను
డుండ్వల్	మంట చెలరేగడం
డుండుస్	కాలిపోయింది
డుండుస్వల్	కాల్చుట
డుమ్మల్	రుమాలు లేని వాడు
డుమ్మెర	ఇప్ప పువ్వు
డుర్డ	ధూళి
డువల్ తోల్	పులి చర్మం
డువల్ బుయరి	పులి గుహ
డువ్ల	గరిటె
డూండి కయ్	ఒంటి చేతి
డెగ్గల్ (పిట్టె)	రామ చిలుక
డెప్డి	చిన్న డప్పు
డెబ్డ	మెత్తగా
డెబ్రల్ కాల్దొర్	బోద కాలు గల వాడు
డెండ్కి	వీపు
డెమ్మ	ఎడమ
డెమ్మ కయ్దె	ఎడమ చేతితో
డెమ్మడి	ఎడమ
డెమ్స	నృత్యం
డెమ్స పాట	డెంస పాట
డెయ్సి డెయ్సి	జల జల పారుతుంది
డెర్క	త్రెంపులు
డెహ్క	దూకు
డెహ్క్-	దునుకు
డెహ్డ	బురద
డేగొ (పిట్టె)	డేగ పిట్ట
డేటె	కాండము
డేడ కండి	ఒక పుట్టెడు సగం
డేప్ల	మట్టి పెళ్ల
డేప్ల తెండ్వల్	పెల్లగించు
డేండె	చొప్ప కట్టె
డేర	డేరా
డేరింగ్	గుంజలు
డొక్కె	తొండ
కుదుర్ డొక్కె	బల్లి
డొకొడ్క్‌నె ఆత	లోపలికి పోవడం
డొగ్గి	ముసలి జంతువు
డొడ్డె	కంకి
డొడ్డొ	గుంత
డొప్పొ	డొప్ప
డొబ్బల్	మందం
డొండెనెయ్	ఆడ కుక్క
డొల్కి పాట	డొల్కి పాట
డొహ్డ	అలుకు నీళ్లు
డొహ్బడ్	బురుద నీరు
డొహున్	కుడితి నీళ్లు
డొహుర్ యేర్	మురికి నీరు
డొహొ	పెద్ద మడుగు
డోకాలుమ్	ఎండకాలం
డోకుం (పిట్టె)	రాబందు
డోబ్ర	తొర్ర
డోబ్రలిక్ పల్క్	పుచ్చి పోయిన పళ్లు
డోండెర (మర్ర)	జమ్మి (చెట్టు)
డోర్కల్	పశువులను కాచేవాడు
డోర్కె	జంతువుల మేపు వారి పెండ్లం
డోరియల్	పశువు
డోల యెంద్వల్	పీర్ల పండగ నృత్యం
డొల్‌క్యల్	డోలు వాయించేవాడు
డోల్ పేప్రెంగ్	భాజా భజంత్రీలు
డోల్ వాజంగ్	భాజా భజంత్రీలు
డోల్ వాల్యలిర్	వాయిద్య బృందం
డోల్‌కోల	డోలు వాయించే కర్ర
తక్క	అక్క
తక్కెమా-	నీరసించి పోయిన
తక్దిర్	అదృష్టం
తక్లిబ్	కష్టం
తక్లిబ్ కీమ్	దు:ఖ పెట్టు
తగ్డియల్	బలమైన
తగ్తొర్	చిక్కిపోవడం
తఙె	వదిన
తఙొరడ్	వదిన
తట్-	తట్టుకుంది
తడకి	కాలేయం
తడంజల్	తోడేలు
తడ్కవల్	గోకుడు
తడ్మిగుట్ట	అగ్నిపర్వతం
తడ్మిత గావ్	కాలిన గాయం
తడి	దేవుళ్లను స్నానం చేయించే మడుగు
తడియ	వెదజల్లు
తడివల్	చల్లు
తడెంజల్	తోడేలు
తడెయ్	చెరువు
తత్త అద్	తీసుకు వచ్చిన
తత్-	తెచ్చింది
తన్ దాత్	తన వలె
తంగడ్ మంగడ్	ఆశుభ్రత
తన్న వాయిర్	అతను రాని
తన్వతన్	తనకు తానుగా
తంగ్ కియ్మ	విసిగించకు
తంగ్‌మరి	మనుమడు
తంగ్ ‌మియడ్	మనమరాలు
తన్‌లాడ	బతిమిలాడు
తనయ్ యేత్వల్	వ్యక్తిగతంగా తీసుకోవడం
తపస్ కీతొర్	ధ్యానం
తప్	తప్పు
తప్పతప్ప	నీటి తుంపర
తప్పుసిమ్	తప్పించుకో
తప్పెచారి	ఋషి
తప్పొ	తప్పని
తమ్మ	రాగి
తమ్మ తమ్మొ	తమకు తాము
తమ్ముక్ ఆకి	పొగాకు
తమ్మున్ ఇవ్విర్	అన్నదమ్ములు
తయర్ ఆయ్వల్	తయారు అగుట
తర	తెచ్చుకో
తర తుర	తొందర తొందర
తర వచ్చొ	తెచ్చుకోవచ్చు
తరగతి	తరగతి
తరతర	వణకడం
తర్ తురియల్	తొందరపడుట
తర్పంగ్	నగలు
తర్సొ	తో
తర్సొ పుట్టె	తోడ పుట్టినవాడు
తర్సొ మీరెమాసి	తో కలిసి
తర్-	తెచ్చుట
తరిక	నియమం
తరు సియ్వల్	తెప్పించుట
తరుస	తెప్పించు
తల ఊడ్సి	దువ్విన
తల టోక్రె	కపాలం
తల తిరివల్	తల తిరగడం
తల నోయ్వల్	తల నొప్పి
తల మొసొర్	ముక్కునుంచి రక్తం కారుట
తల వరుస	తల వంపు
తలకెల్క్	తల వెంట్రుకలు
తలతోడి	తలకు రాసే మట్టి
తలదగ	తల వద్ద
తలదల్ తుంగ్వల్	తలంటు స్నానం చేయడం
తలద్ పొర్రొ	తలపైన
తలదె కొహ్క	తలతో పొడువు
తలనొర్వల్	తలంటుకుని స్నానం చేయడం
తలబిల్ల	దిండు
తల్క	వసులు చెయ్యి
తల్క్-	అడగడం
తల్లుర్ కొర్	కోడిపెట్ట
తల్లుర్ పుడి	తల్లి పురుగు
తల్వర్	కత్తి
తహ్-	ఎత్తడం
తాక	నడుచుకో
తాకట్	నడుచుకోండి
తాకత్ మత్త	బలముగల
తాకద్	బలం
తాక్వల్ జమన	వర్తమాన కాలం
తాక్-	నడుచుట
తాకుస్	నడుపుట
తాకుస్వల్	నడిపించుట
తాకు సియ్వల్	నిర్వహణ
తాడ	తవ్వు
తాడ్క్-	గోకుట
తాడ్-	బొక్క
తాడింగ్	పుస్తెలాంటివి
తాడింగ్ (మర్ర)	తాటి చెట్టు)
తాడి కల్	తాటికల్లు
తాడిఆకి	తాటి ఆకు
తాడిఙ్	గంటి లాంటి
తాడిస్ కమ్మల్	ఇంద్ర ధనుస్సు
తాతొ	వేడి వేడిగా
తాదల్	అన్నయ్య
తాదొ	తాత
తాదొ-బాబల్	తండ్రి, తాత
తాన్	దానిని
తాన్ దాత్న	దాని లాగా
తాన్ మొడి	ఆమేలాగా
తాన్గటల్ వెల్లె	దాని కన్న ఎక్కువ
తాన	ఆమెది
తాన జాగతగ	దాని స్థానంలో
తానజోడ్	ఆమె జత
తాప్డ పా-	చెంప కొట్టడం
తాపి కీమ్	బుజ్జగించు
తాపి మాయ్నల్	తాపీ వాడు
తార్	వైర్
తారిక్	తేది
తాల వాట్వల్	తాళము వెయ్యటం
తాలి	పితకడం
తావ	పెనం
తావ్-	తీయడం
తావి	కాల్చడానికి
తాస్	వరుస
తాస్లి వాట్వల్	పన్ను వెయ్యడం
తాస్లితె సీమ్	కౌలుకివ్వు
తిక మక	తికమక
తికలి (జాడి)	గున్క గడ్డి
తిక్క	తిక్క
తిక్కల్	తెల్లగా
తిక్కవాలె	తల పిచ్చెక్కి
తిడిగ్యల్	కోపిష్టి
తిడింజ్	గోరు
తిత్తి	తిత్తి
తింతంగ్	తింటాయి
తిన్వల్ కమ్ర	భోజనం చేసే గది
తిన్వల్ పుర్క	సొరకాయ
తిన	కుడి
తిన కయ్దె	కుడివైపు
తినడి	కుడి
తిప్పున్	గొర్రు
తిమింగలం	తిమింగలం
తియ్ నరిగి	ఉడుత రకం
తిర్తుం	త్రిలింగ దేశం
తిర్నె	బూడిద రంగులో
తిర్నె తల	తెల్లటి తల
తిర్ప్ పాయ్వలిక్	మెరుపు మెరిసినట్టు
తిరి	తిరిగింది
తిరివల్ మాయ్నల్	తిరిగే వాడు
తిరిసివ	తిరిగిరా
తిరుడి బాజి	ఒక రకమైన ఆకుకూర
తిరుని	జెర్రి
తిరుస	తిప్పు
తివ్-	విరగడం
తిహ్-	తినిపించు
తీకె	ఆవలు
తీజ్ బీజ్	పిడుగు
తీర్ సెల్వక్	హద్దులేని
తీర్ప్ వల్	చెరగటం
తీర్ప్-	జల్లించు
తుక్కు	తుక్కు
తుఙన	చేసుకోవాలి
తుఙ్వల్	చేసుకోవడం
తుడ్కల్	ముస్లింవాడు
తుడుస్-	తూర్పార పట్టడం
తుత్-	త్రాగే నీరు తట్టుకుంది
తుంగ్	చేయుట
తుంగ్వల్	కర్మ
తుపన్	తుఫాను
తుపాన్‌తున్ దాత్	తుఫాన్ లాంటిది
తుండ్సి	అంటుకొని
తుమ్మ (మర్ర)	తుమ్మ (చెట్టు)
తుమ్రి (మర్ర)	తునిక (చెట్టు)
తుర్ర	తుర్ర కొమ్ము
తుల్సి (మర్ర)	తులసి (మొక్క)
తుస్క్ వల్	తొలుచుట
తుహ్క తుమ్రి	చిన్న తునిక చెట్టు
తుహ్క్-	తుమ్ముట
తుహ్తొర్	ఒలకబొయ్యి
తూటెమాతెర్	విడిపోయారు
తూమ్	(పిండ ప్రదానం) పెద్ద దేవుని దగ్గర చనిపోయిన వారి పూజలు చేస్తారు
తూమ్ సియ్వల్	పిండప్రదానం చేయుట
తూర్-	ఒలకబొయ్యి
తూస్-	పంచడం
తెగ్తొర్	తెగించాడు
తెండ్క	విప్పనా
తెండ్త	తీసినది
తెండ్-	తియ్యడము
తెయ్ల	సంచి
తెర్	కంటె
తెర్గ్-	ఎక్కుట
తెర్య	తెరుచుట
తెర్వల్	పీకడం
తెర్వి జాడి	ఒక రకమైన గడ్డి
తెర్-	పీకు
తెరియ	తెర్చుకో
తెరి-	తెరుచుట
తెరుస్వల్	గొడవ పెట్టుకో
తెరుస్-	గొడవ చేయుట
తెలగొల కియ్వల్	ముగింపు
తెల్‌ఙడ్	నాలుగు దిక్కులలో దక్షిణము ఒక దిక్కు
తెహ్చ్-	చెరుగు
తెహ్-	లేపు
తేక మర్ర	టేకు చెట్టు
తేచ్చి	లేచి
తేడల్	తేడా
తేద్-	లెమ్ము
తేన	ఈమె
తేనె	దీనితో
తేనె తుంక	ఈమెనే చేసుకుంట
తేర్య	బుడిమ్ కాయ
తేల్వల్	తేలడం
తొక్కుడ్ గిందంగ్	ముట్టు గుడ్డలు
తొక్కుడ్ బండ	త్రొక్కే బండ
తొడ్ద్ మున్నె	ఎదురు బదురుగా ఉండి
తొత్ వేస్-	పూర్వపు వలే
తొత్త బాసన్	పురాతన వస్తువు
తొత్తఙ్ గొస్టింగ్	పూర్వ పదాలు
తొత్త	మూర్వకాలపు మహిళ
తొంద్డె	నత్తి
తొల్లె	అప్పుడు
తొల్లె-జమనతె	పూర్వము
తొల్లె గడె మాత	పూర్వము జరిగింది
తొహ	చూపించు
తొహ్-	చూపడము
తోకొర్	తోక
తోకొర్ సుక్కుం	తోక చుక్క
తోట	ఉద్యాన వనం
తోడ్గ్-	తీసుడు పోసుడు
తోడి వాట్సి	మట్టి కప్పి
తోడికట్ట	మట్టి కట్ట
తోడినియ్	మట్టినూనె
తోడొ	తోడు
తోడొస	కొద్దిగా
తోతె	నత్తి
తోయ (మర్ర)	మేడి (చెట్టు)
తోయ్లె	తిండిపోతైన
తోయ్-	ఉబ్బడము
తోర్-	తీయడం
తోల్	చర్మము
దక్కుస	కాపాడు
దక్కుస్-	కాపాడుట
దక్నెఆ-	కలత చెందడం
దక్సిన్ మహ సమ్దుర్	దక్షిణ మహా సముద్రం
దక్-	మిగిలిపోయింది
దగట్న	తగిన
దడ	పాఠము/అక్షరాలు
దడస్క	జలగ
దడ్కె మా	గుండె కొట్టుకోవడం
దడ్డి	ఒడ్డు
దడ్మి	నీడ
దడియ	పళ్లెం
దడుఙ-	నీడ
దడొ	మొండెము
దదుల్	పొక్కు
దన్	ధనం
దంద	పని
దన్ దవ్లత్	సంపద
దన్క	దెబ్బ
దంచ్-	దంచు
దనెవంతల్	సంపన్నుడు
దబ్	నిశబ్దంగా
దబ్ కీమ్	బుజ్జగింపు
దమ్ ఆపుస	ఊపిరి ఆపు
దమ్ వాత	దమ్మొచ్చింది
దమ్కికి	హెచ్చరిక
దండెడ	దండ
దండొస్	దండము
దయ	దయ
దయ వోటి	బతిమి లాడు
దయకీసి	దయ చేసి
దయసెల్లె	దయలేని
దయ్వ	అదృష్టం
దర	విలువ
దరదుర	దుబారా
దరపియ	వెల కట్టు
దర్కస్ సియ్వల్	ఫిర్యాదు
దర్తిరి	భూమి
దర్బ	సగం నిండిన యెన్ను
దర్మ	దానం
దర్మబుద్ది వాలె	ధర్మ బద్దుడు
దర్యంవాలె	సాహసోపెతమైన
దరేజ	ఆధిపత్యం ఉన్న
దలల్	దళారి
దల్	మందం
దల్ ఆర్స	మందంగా ఉన్న అద్దం
దలినల్	మబ్బు నుండి
దవ్ అర్వల్	పొగ మంచు
దవ్డి కియ్వల్	పోగొట్టుకోవడం
దవ్డెమాత	తప్పిపోయిన
దవ్రల్	తెలుపు
దవ్రల్ యెల్లి	తెల్లటి ఎలుక
దవ్రలిక్ పల్క్	తెల్లటి పళ్లు
దస్తకత్ కియ్వల్	సంతకం
దస్తి	దస్తి
దహ	(10) పది
దహన్	అలాగు
దహి	పెరుగు
ద్యాన్ కీమ్	గురి పెట్టు
దాకట్ ద	పోదాం పద
దాచెన	దాచెన
దాడ	దవడ
దాడ వర్నుమ్	దవడ నొప్పి
దాడ్‌గాయ్టల్	చెడు ప్రవర్తన కలవాడు
దాడి	గడ్డం
దాతల్	ధర్మదాత
దాత్న	లాంటివి
దాదల్	అన్న
దాద్ సెల్వ	స్పర్శ లేని
దాద్ర	పొత్తి కడుపు
దాద్‌ లాగ్వల్	స్పర్శ
దాందర్ వాందర్	తొందర తొందర గా
దాంద్రెమాసి	ధైర్యము కోల్పోయి
దాంతొర్	పోతున్నాడు
దాన	ధాన్యము
దాని	దాత
దాపి	పాదం
దాబ	అటక
దాబి కీమ్	అణచి వెయ్యడం
దామ్డి	తనుగు
దాయ్ బయ్	బంధువులు
దార	ప్రవాహము
దార్ కీమ్	పదును చెయ్
దార్యలిర్	చుట్టాలు
దారుక్	నిట్టెలు
దాసి వోతడ్	ఆయ
దిక్ సెల్లె	దిక్కులేని
దిక్డి	చీర
దిక్డియల్	నృత్యం చేసే వాడు
దిద్వల్	దిద్దు
దిన్స్	వస్తువు
దిమక్	మేధస్సు
దియ	రోజు
దిర్ దిర్	మెరుపు
దిర్మన్ పోడ్ద్	ఉషస్సు
దిర్య	ధైర్యము
దిల్	హృదయం
దిల్ దార్	మంచి మనస్సు
దిల్ మంజి	ఆశ గల
దివడి	దీపావళి
దివడి (మహ్న)	సెప్టెంబరు అక్టోబర్
దివ్స్-	తొక్కడము
దివ్‌స్వల్	తొక్కివేయడం
దివొస్క్ మంత	కడుపుతో ఉన్నది
దిస	కనిపించు
దిస్-	కనిపించింది
దిహన్	ఙ్ఞాపకం
దీడి	వడ్డీ
దీపె మాత	జిగెల్ మనడం
దీర	ఆగు
దీసొడ	దీపము స్టాండు
దుక్	రోగము
దుకెలలిర్	రోగస్తులు
దుడ్డె	బొక్కు
దుడ్మ	ధ్వని ఇచ్చె ఇత్తడి గంట
దునియ	ప్రపంచం
దునియత్ బూడ్	ప్రపంచం కింద
దుపరి	పగటి పూట
దుప్పటి	దుప్పటి
దుబ్బ	దుమ్ము; ధూళి
దుబ్బ దుబ్బ ఆ-	దుబ్బ-దుబ్బ అయింది
దుమ్కి జాడి	ఒక రకమైన గడ్డి
దుమ్మె	హారంలోని దిమ్మె
దురడి (మహ్న)	పాల్గుణం
దురడి (మహ్న)	పాల్గుణమాసం
దుర్ నాగి (తరస్)	ఒకరకమైన పాము
దుర్బిన్	దుర్బిన్
దుర్స్-	చొప్పించు
దుర్‌పుర్కి (వేలి)	గురి గింజ
దులమ్	దూలము
దుస్మన్	వైరం
దుస్రొ	వేరేది
దుస్రొ జాగ	ప్రాంతీయ
దుస్రొ దేస్నె	విదేశాలలో
దుస్రొ దేస్నొర్	విదేశీయుడు
దుస్రొక్ దుస్రొక్	వేర్వేరు
దుస్రొన్ పీట	వేరేవారి బిడ్డ
దుస్రొర్	ఇతరుడు
దుహర్	పొగ మంచు
దూది	దూది
దూది (మర్ర)	ప్రతి చెట్టు
దూదొ	రొమ్ము
దూందడ్	గాలి దుమారం
దూర	సరిహద్దు
దూర	ఎడ్ల బండి నొగ
దూర వాట్వల్	హద్దు ఏర్పరువు
దూర్ కారియల్	ముందుకు వచ్చు
దూస పియ్త	బూజుపట్టింది
దెడియ	పళ్లెం
దెడె	పళ్ళెం
దేన	రాగము
దేవదేవి	దేవి పూజ
దేవరి	పూజారి
దేస్	దేశం
దేస్ తిరివల్	జాతర
దేస్నొర్	దేశీయ
దేస్‌ముకల్	నాయుడు
దొడ్డి	పశువుల పాక
దొంగ్ దింగ్ ఆ-	వెలాడం
దొస్-	పెట్టడం
దొహ్చి ఇర్వల్	కట్టి ఉంచారు
దొహ్వడ	కట్టవలసిన
దొహ్వల్	కట్టడం
దొహ్-	అదుపులో ఉంచుకో
దోక	ద్రోహం
దోత్రె	దోతి
దోబె (మర్ర)	మునగ చెట్టు
దోరంగ్	సిరలు
దోర్న	విత్తనాలు విత్తే పరికరం
దోర్వసుర్	ఒక రకమైన జంతువు
దోస్తల్	స్నేహితురాలు
దోస్త్	మిత్రుడు
నక్కల్	నకలు కొట్టడం
నక్టి మొసొర్	నడ్డి ముక్కు
నక్రెంగ్ వాలె	పొగరుబోతు
నకిలి	నకిలీ
నగుర్	పట్నం
నఙ	అప్పుడు
నట్క్-	నరుకు
నట్టలు	నట్టలు
నట్పె	నడుమ వాడు
నడ్	నల్లి
నడ్డుమ్	నడుమ
నడ్డుమ్ నర్క	నడిరాత్రి
నడ్డుమ్ సరి-	మార్గమధ్యంలో
నడ్మంత్రం	సగం వరకు
నడ్వంజ్	వానపాము
నడి	నడుము
నడిపట్ట	నడుము పట్టి
నడి నొప్పి	నడుము నొప్పి
నడి బొక్క	వెన్నెముక
నడితగ	నడుములో
నడిపట్టి	వడ్డాణం
నడిమెన్ కోల్	నడుము దాకా ఉన్న లోతు
నడివల్	ఈతకొట్టుట
నడి-	ఈత
నడుమ్న	నడుమలో
నత్ని	ముక్కు పుల్ల
నదుర్	చూపు
నదుర్ కీ-	చూపు పెట్టు
నన్న	నేను
నమ్ముస	తెంపు
నమ్వక్	సందేహించు
నమ్-	తెంపుట
నమిస్-	తెంపు
నర్క	రాత్రి
నర్కపడింగ్	రాత్రంతా
నర్క పడింగ్	రాత్రింబగల్లు
నర్కడ కామ్	చీకటి పని
నర్మంత	నిద్రపోయింది
నర్మ-	నిద్రపో
నరుమ్ మ	నిద్రపోకు
నరుమ్తొర్	నిద్ర పోయాడు
నరుమ్వల్	నిద్ర పోవడం
నరె	ముప్ఫై
నరె అవ్ట్	ముప్పయి ఎనిమిది
నరె ఉంది	ముప్పయి ఒక్కటి
నరె నాలుంగ్	ముప్ఫై నాలుగు
నరె పీట్	ముప్పయి తొమ్మిది
నరె మూంద్	ముప్ఫై మూడు
నరె యేడుంగ్	ముప్ఫై ఏడు
నరె రండ్	ముప్పై రెండు
నరె సారుంగ్	ముప్పై ఆరు
నరె సియుంగ్	ముప్ఫై ఐదు
నల్	గుర్రం నాడా
నల్ల	కుళాయి
నవ్కరి	ఉద్యోగము
నస్	నసెము
నసిబ్	అదృష్టం
నహ	నానబెట్టుట
నహంత	నానుట
నహ్గ	నా వద్ద
నహ్డి కీమ్	బుజ్జగించు
నహ్వల్	నానబెట్టుట
నహ్-	నాన బెట్టడం
నాక్	నాకు
నాక్ లాగొ	నాకు అవసరం లేదు
నాక్-	నాకుట
నాక్వల్	నాకుట
నాకున్	నాకు
నాజుక్	మంచి
నాజుక్ వడ్క్‌వల్	మెల్లగా మాట్లాడడం
నాటక్	నటించు
నాట్నుర్	ఊరివాళ్లు
నాట్నొర్ కార్ బారి	గ్రామ కార్యదర్శి
నాడ్	నాడా
నాడి	రేపు
నాతోడొ	నాతోటి
నాదన్	చిచ్చర పిడుగు
నాన్త	తడిసింది
నాంద్	చప్పుడు
నాంద్వల్	తడిసి పోతుంది
నాంద్-	నాని పోవడం
నాపుర్త	నాకోసం
నాయ్చల్	జోకర్
నాయ్‌ఙల్	నాగలి
నాయుమ్ (తరస్)	నాగు పాము
నారజ్	చింతించు; బాధగా
నార్	గ్రామము; ఊరు
నార్ నాటె	గ్రామ గ్రామంలో
నార్ గొర్రె	పెంపుడు గొర్రె
నారి (మీన్)	జలగ చేప
నారి-	చెక్కుట
నారెల్	కొబ్బరి కాయ; టెంకాయ
నారెల్ (మర్ర)	కొబ్బరి (చెట్టు)
నాలుంగ్	నాలుగు
నాలుంగ్ మూలంగ్	చతురస్రం
నావ	నాది
నావ నన్నయ్	నా అంతట నేను
నాసి కీ-	చెరుపు
నాసి కియ్వల్	డస్టర్
నాహో పా-	ప్రతిధ్వని
నిగనిగ	నిగనిగ
నిగ్రన్	గమనించుట
నిడ్డుర్	పూర్తిగా నిండిన కంకి
నిత్-	నిలుచో
నితూస్-	నిలుపుట
నిన్నె	నిన్న
నింద్-	నిండిన
నింద్వల్	నిండుగా
నిప్పుసి ఇర్ర	నిలిపి ఉంచు
నిప్-	నిలుచో
నిపుస్-	నిలబెట్టటం
నిమ్	నీవు
నిమ్మె	నీవు
నిమ్మెట్	మీరు
నిమిసం	నిమిషము
నియత్నె	న్యాయ
నియమ్ కీమ్	నియమించు
నియవ్	న్యాయం; తీర్పు
నియవ్ ప్రకర్	న్యాయ రీతి
నియవ్త	న్యాయపర
నియ్	నూనె
నియ్ గడ్డ	తేనె
నియ్యతున్ బద్లి	న్యాయ వ్యతిరేకమైన
నియ్‌కడ	ఒక రకమైన చెట్టు
నిర్వొ	మండుట లేదు
నిరుస్-	ముట్టించడం
నిరు-	ముట్టించడం
నిరుస్-	ముట్టించుట
నిల్సి మన్	నిలిచి ఉండు
నిల్సిమంత	ఆగి ఉన్నది
నిల్-	నిల్చుండు
నిలుస్-	నిలుపు
నిలుబార్చి	పెద్ద బాడిస
నివ్డి కీమ్	తయారు చెయ్యి
నివ్డి కీ-	ఉత్పత్తి చేయగల
నివ్డె మా-	తయారైనది
నివ్డి-కీ-	తయారు చేయ్
నివొద్	నైవేద్యము
నిసన్	గురి
నిసని	ఙ్ఞానపకార్దం
నీక్ టావ	నీకు తెలుసు
నీకె	నీకే
నీడల్	నీలిరంగు
నీతి వంతల్	నీతివంతుడు
నీంద్మకి	నిండ లేదు
నీర వెలుమ్	చుండ్రు
నీర్	బూడిద
నీరె	గత సంవత్సరము
నీలి టెప్పంగ్	నీలి మబ్బులు
నీలిఅబర్	నీలి నింగి
నీవ	నీది
నీసాటి	నీ కొరకు
నుక్సన్	నష్టము
నుజ్రెమాతెకె	నుజ్జు నుజ్జు అవడం
నుంగ్	నువ్వులు
నుయ్యల్ కియ్వల్	నునుపు చేయడము
నుర్మె	చిన్న/ సన్నము
నుర్మె పెత్తె	చిన్ననైన చీమ
నురిత	కరిగినది
నుల్క	మంచం త్రాడు
నుల్పె	సాయంత్రం
నుల్లె	దోమ
నూడ	కట్టెపిండి
నూడ పుడి	చెద పురుగు
నూర్	వంద
నూర్ సాల్క్	వంద సంవత్సరములు
నూల్	దారం
నూసి	లక్క పురుగు
నెత్తుడ డోబి	రక్తపు మడుగు
నెత్తుడ బొట్టు	రక్తం బొట్టు
నెత్తుర్	రక్తము
నెత్తుర్ఉర్త	రక్తం గడ్డ కట్టింది
నెమ్	గురి
నెయ్ నొడొంజ్	ఊసిరవెల్లి
నెయ్లొన్	నైలాన్
నెయ్‌ తోకొర్ (జాడి)	ఉత్తరేణి
నెయ్‌పల్క్ (పొదెలకాయంగ్)	పిచ్చి మొక్క
నెరుస్వల్	పొదుపు
నెరొండ	ఆముదం
నెరొండ నియ్	ఆముదము నూనె
నెరొండ లాద	ఆముదపు పిండి
నెల్లి (మర్ర)	ఉసిరి చెట్టు
నెహర్ వడ్కవల్	నెమ్మదిగా మాట్లాడడం
నెహలి	అల్పాహారం
నెహ్రి	సద్ది
నెహ్రుకమిస్	నెహ్రూ చొక్కా
నేకంత	చప్పుడు
నేక్-	చప్పుడు
నేకి కీమ్	పాటించడం
నేకుస్వల్	వాయించేవాడు
నేఙ	దూరు
నేటి	ఈ రోజు
నేంగ్వల్	ప్రవేశం
నేంగ్-	చొచ్చుట
నేండ్	ఈ రోజు
నేండ్త	బతికింది
నేండ్తొర్	బతికాడు
నేమి కీమ్	నియమించు
నేరొయ్	వేరుగా
నేలీ	కిందకు
నేస్కడ్	ఊపిరి
నేస్క్-	ఊపిరి పీల్చు
నేస్‌డంగ్	మగవారి బీజాలు
నేహరె	మెల్లగా
నేహ్-	లోపల చొచ్చుకు పోవడం
నొగ్గ	ఎడ్లబండికి పొడుగాటి కట్టెలు
నొడ్క్-	పాకడము
నొముర్ అయ్వక్	ప్రమాద రహిత
నొర్-	కడుగుట
నొవ్	(09) తొమ్మిది
నొవ్ మహ్నంగ్	తొమ్మిది నేలలు
నొవ్కరి	ఉద్యోగం
నొవ్రల్	పెళ్లి కొడుకు
నొవ్రి	పెండ్లి కూతురు
నొవ్రి	పెళ్లి కూతురు
నొవ్వొంగ్	దినుసులు
నోట్-	అల్లుట
నోయ్వడె వరివల్	నొప్పితో వంగుట
నోయ్వల్	నొప్పి కలగడం
నోయు సీయ్వల్	నొప్పించుట
నోయుస	నొప్పి చెయ్యి
నోయుస్వల్	ఇబ్బంది పెట్టు
నోర్వల్	పిండి పట్టడం
నోర్-	విసురుట
నోస్కమాటి	చిలగడ దుంప
నోస్కా మాటి	ఒకరకమైన దుంప
నో-	ఇబ్బంది పెట్టడం
పక్క కీ-	నిర్ణయించు
పక్కి	వెదురు బద్ద
పక్త్	సంపూర్ణంగా
పగ	పగ
పగ్రి కీ-	వెడల్పు చెయ్యి
పచ్చె మా-	చెడిపోయింది
పజ్జె	వెనుక
పట పట	చప్పుడు
పటడి	ప్రధాన్ (కులం పేరు)
పటపట ఇంజెర్ఉరుంగ్త	పట పట మని విరుగుట
పటం	పటం
పట్ పియ్సి	ప్రత్యేకంగా
పట్టి	కొలతల పట్టీ
పట్నె	తొందర
పట్సి	పండుకొని
పట్-	నిద్ర
పటెక	టపాకాయలు
పటెకంగ్	టపాకాయలు
పడన	ప్రాచీన
పడన పిడి	ప్రాచీన యుగము
పడ్డ	ఆడ దూడ
పడ్ద్	పండును
పడ్సంగ్	జలుబు
పడ్స్ కాండి	యువకుడు
పడి	చంచ
పడిగెల్క్	చెవి పోగులు
పడిజుదాల్	పాతబడ్డ
పడిద్అర్త	మరుగుపడ్డ
పడియ	దువ్వుకోవడానికి
పడె	పడగ
పడెమెన్	నాల్గవ భాగం
పడోసా	దాని
పతంగ్	గాలి పటం
పత్తంగ్	పేకాట
పత్తి	బ్లేడు
పత్తెకమ్	ప్రత్యేకించి
పత్తెం	పథ్యం
పత్పార్	పెంపకం
పత్రంగ్	రేకులు
పత్లొ	పల్చని
పతివర్తల్	నిజాయితీ గల
పతెకమ్ ఆచ్వల్	మొదలు యెంచు
పద అవ్ట్	పద్దెనిమిది
పద ఉంది	పదకొండు
పద నాలుంగ్	పదునాలుగు
పద పీట్	పంతొమ్మిది
పద మూంద్	పదమూడు
పద యేడుంగ్	పదిహేడు
పద సారుంగ్	పదహారు
పద సియుంగ్	పదిహేను
పద్	పది
పద్ది	పంది
పద్దుర్	అంచు
పదిస్	తిట్టుట
పదున్	పదును
పంచ	పంచ
పంట పండుస్వల్	పంట పండించడం
పంక వడి	పంకా గాలి
పంగత్	సామూహిక ఆరగించడం
పంటతున్ ముడుస్త	పంటలను ముంచుట
పంచంగం	జ్యోతిష్యం
పన్నస్	50
పన్నె	కప్ప
పన్నె	కండరము
పంచ్	పంచాయితీలో ఉన్నవారు
పంద్ర దియంగ్	పదిహేను రోజులు
పంజ్వల్	కడుపు నిండుట
పంజ్-	కడుపు నిండ
పబ్లిక్ నమ్మవక్నె	జనం సమ్మతం కాని
పండ్త	పండింది
పండ్మకి	పండలేదు
పండ్-	పండు
పండి మాయ్నల్	పండుముసలి
పండి మిచ్చొ	ఎర్ర తేలు
పయ్త	చీరిన
పయ్త్‌కమ్	పైత్యం
పయ్స్	వెడల్పు
పయ్‌టన్	మైదానం
పయ్‌రి	మెట్లు
పయ్‌సంగ్	పైసలు,డబ్బు
పరక్	తేడా
పరటి	పత్తి కట్టె
పరడ్ (తరస్)	పాము
పరత్	పెద్ద పళ్లెము
పరన్	జీవం
పర్చ	అస్థిర నివాసపు గుర్తు
పర్జత పార్టి	ప్రజాస్వామ్య పార్టీ
పర్మన్	ఉత్తరం
పర్మన్ వెహ	ప్రత్యుత్తరం చెప్పు
పర్ర	తబలా
పర్సి బండ	చలువరాయి
పర్సు	పర్సు
పర్సొత	కడుపు అయింది
పరిక్స	పరీక్ష
పరి-	ఎగిరింది
పరెండ	రాబోయే సంవత్సరానికి తర్వాత
పరెండ	(12) పన్నెండు
పరెవయ్	పది వేలు
పరెవయ్‌కి	పది లక్షలు
పరెసన్	కష్టం
పల్	పన్ను
పల్క్‌నె కాత్రీ-కీ-	పండ్లతో కొరుకు
పల్ల	సమ చోటు
పల్ల విల్ల	చిందర వందర
పవిత్ర	పవిత్రత
పసంద్	ఇష్టము
పసర్	ఆకుపసరు
పస్పర	అంట్లు
పసి కీ-	మోసం చేయుట
పసిపిక్ మహ సమ్దుర్	పసిపిక్ మహా సముద్రం
పసిపిక్ సమ్దుర్	పసిపిక్ మహా సముద్రం
పహజ్లె	కావాలి
పహండి (జాడి)	ఒక రకమైన గడ్డి
పహ్జె	అవసరము
పహ్న	పచ్చిది,తడిది
ప్రచర్	ప్రచారం
ప్రయోగ్ కీ-	ప్రయోగించు
ప్రసుద్ ఆత	ప్రసవం
ప్రార్తన	ప్రార్థన
ప్రేమతె	ప్రేమతో
పాక	పాక
పాకం	పాకము
పాక్ కియ్వల్	వేరు చేయడం
పాక్డి (మర్ర)	రావిచెట్టు
పాకి కీత	విభజింపబడ్డ
పాకి కీమ్	విడదీయు
పాకి కీ-	చేతు
పాకే-మా-	అవయవము
పాకిట్	ప్యాకేజి
పాగొట	రుమాలు
పాఙుడ్	బట్టలు
పాచ్వి	పురుడు పుట్టిన రోజు వేడుక
పాట	పాట
పాట	వాసము
పాట నిహ్వల్	పాట నింపడము
పాట బండ	చలువ రాయి
పాట మార్త	పాట అయిపోయింది
పాట వారంత	పాట పాడుతుంది
పాటంగ్	పద్యం
పాటన జూండ్	పద్యభాగం
పాటన సోక్	పాటల సోకు
పాటర్	రాతి నేల
పాటల్క్	పాఠ్యాంశాలు
పాట్	పాటు (2వ పెండ్లి)
పాట్లల్	పటేలు
పాట్లె	పటేలు భార్య
పాటి	పలక; చెక్క
పాటుమ్ పోరి	మేకపిల్ల
పాడి	కట్ట
పాడి	ఇంటి పేరు
పాత	కొట్టిన
పాతడ్	పాతాళం
పాతి	బంతి
పాతుర్	పలచని
పాంత	నీళ్లు కాచే కుండ
పాన్ గోబే	ఆకు గోబి
పాన్కం	పానీయం
పాంచాటియల్	పచ్చి అబద్దల కోరు
పాంజొల్	గజ్జలు
పాన్‌గాట్	నీళ్ల రేవు
పాపల్	పసికందు
పాప్	పాపము
పాపుడ్	పొర
పాపెస్తల్	పాపి
పామ్	కొట్టు
పాయ్ద	లాభం
పాయ్దొస్	జన్మించుట
పాయ్లి	మానిక
పాయ్వల్	కొట్టడం
పాయె	వాయించే
పార్	చాలా
పార్కత్	విడాకులు
పార్యక్	స్త్రీల విందు
పార్యడ్	వియ్యంకురాలు
పార్లమెంట్ నొర్	పార్లమెంటు సభ్యుడు
పారి	వియ్యంకుడు
పారి కప్డింగ్	వియ్యంకుడి తరపు బట్టలు
పాల	ఆకు
పాలకమల్	ఇంద్రధనుస్సు
పాలంగ్	ఆకులు
పాల్కి	పల్లకి
పాల్చబొగ్గె	ఒక రకమైన తీగ
పాలాన్ కీ-	జాగృతంచెయ్యి
పాలిస్టర్	పాలిస్టర్
పాలుండి (మర్ర)	జిల్లేడు (చెట్టు)
పాలె	నాగలికి ఆనుకొని ఉండే కట్టె
పావ్డ	పార
పావె మా-	దర్శనం ఇవ్వు
పాస	ఉరి వేసి
పాస్	పలుగు
పాస్క్-	నచ్చలేదు
పాస్రి	పెద్ద తరాజు
పాసి జక్వల్	చంపడం
పాసిరి పెడ్కంగ్	గుండె, కాలేయం
పాసివోత	కొట్టుకు పోయింది
పాసుడి	చద్దర్/ దుప్పటి
పాహ్డి	ఒక రకమైన గడ్డి
పిట్టె	పిట్ట
పిట్టె-పురడ్	పిట్టలు
పిట్టెంగ్ కేప్వల్	పిట్టల కాపు
పిట్టెన కర్ప	పిట్టల గుంపు
పిడ్క	పెంకు
పిడ్క్	గుప్పెడు
పిడ్గ్	పిడుగు
పిడ్చ్-	తెల్ల వెంట్రుకలు
పిడ్ప్	తడక
పిడ్వల్	తయారు అవ్వడం
పిడ్స్‌తంగ్ కెల్క్	తెల్లని వెంట్రుకలు
పిడ్స్‌తొర్	తెల్ల వెంట్రుకలు గల
పిడ్-	ప్యాలాలు చెయ్యడం
పిడి	తరం
పిడి కీ-	మర
పిత పిత	రెప్పలు కొట్టడం
పిత్తల్ కడ్	మొల్ల కన్లు
పిదెడ్యల్	త్రాగుబోతు
పింజొర	దేవుని కొమ్ట
పిండం	పిండం
పిండ్	పిండం
పిండి	పిండి
పియడ వేడ్చి	పగటి వెలుతురు
పియల్	పగలు
పియల్ పోడ్ద్	పగలంతా
పియ్త	పట్టింది
పియ్య	దూడ
పియ్సిమన్	పట్టుకొని ఉండు
పిరద్ కీమ్	ఫిర్యాదు చేయు
పిరది	ఫిర్యాదు
పిరంత	మొలకెత్తుట
పిర్	వాన
పిర్ గాలుమ్	వాన కాలం
పిర్ వడి	గాలివాన
పిర్త	మొల్చింది
పిర్త	ఆరిపోయింది
పిర్నె	ఎల్లుండి
పిర్పిహొ (పిట్టె)	కోకిల
పిర్మకి	మొలకెత్తలేదు
పిర్‌యేర్	వర్షపు నీరు
పిరిక్యల్	పిరికితనము
పిరింగ్	కత్తి
పిల్ల	పిల్ల
పివ్డల్	నీలి
పిసగతి	బతుకు
పిసంగ్ పియ్వల్	పిచ్చి పట్టడం
పిసపిస	పిచ్చి పిచ్చిగా
పిస్క-	పిండి కల్పుట
పిస్తొల్ చంచి	పిస్తోలు సంచి
పిస్వల్	బతకడం
పిస్స	జీవించు
పిస్-	కాపాడు
పిసుస్వల్	బ్రతికించుట
పిసుసి సూడ	బతికించి చూడు
పిసుసీమ్	కాపాడు
పిసెటల్	పిచ్చోడు
పిహ్క్-	పిత్తడం
పిహ్-	ముయ్యి కప్పి
పిహుస	అర్పించు
పి-	పట్టు
పీఙ్	పీ
పీచపియ	పట్టుబట్టు
పీచి	పీచు
పీట	ఈస్టు
పీట్	తొమ్మిది
పీటెమంత	కడుపుతో ఉన్నది
పీటెమన్వల్	కడుపుతో ఉన్న
పీడిమెన్	100 శతాబ్దములు
పీంజ్ (మర్ర)	మునగ చెట్టు
పీంగ్క్	పియ్యి
పీని	చలి
పీనిగాలుమ్	చలికాలము
పీని పియంత	చలిగా ఉంది
పీని యెడ్కి	చలిజ్వరము
పీని వసంత	చలి వేస్తుంది
పీప	డబ్బా
పీర	పిండు
పీర్	కడుపు
పీర్ కీ-	గర్భం చెయ్యడం
పీర్వల్	పిండుట
పీర్-	పిండడము
పాల్ పీర్-	పాలు తియ్యడము
పీరి కుప్ప	వరి గడ్డ కుప్ప
పుకీ కీ-	తుపాకి కాల్చుట
పుకుట్	ఉచిత
పుకుట్నె తర	ఉచితంగా తెచ్చుకో
పుకొట్	పుక్యం
పుగ పుగ	అరుగుట లేదు
పుగ్గె మాతప్	ఉబ్బటం
పుఙక్	పువ్వు
పుఙక్నవాడి	పువ్వుల తోట
పుఙర్ గోబె	పూల గొబి
పుచపుచ	ఎక్కువ
పుచుక్నె	పులకించుట
పుజరి	కొలాం
పుట్ట	పుట్టుట
పుట్టుస	కనిపెట్టు
పుట్టుసి	పుట్టించి
పుట్టొంగ్	కొరత
పుట్త	దొరికిన
పుట్తనార్	పుట్టిన ఊరు
పుట్-	దొరుకుట
పుట్వల్	జన్మించుట
పుట్‌ మచ్చ	పుట్టుమచ్చ
పుడ	పొట్లం
పుడ్ పల్	పుచ్చు పన్ను
పుడ్క్	పురుగులు
పుడ్క్ న కుప్ప	పురుగుల గుంపు
పుడ్క్ న మర్ర	క్రిమి సంహారక మందు
పుడ్డె	పూకు
పుడ్డె సివ్లింగ్	స్త్రీ జననాంగ పెదవులు
పుడ్పుల్క్	మినుములు
పుడ్-	నడుపు
పుడ్‌పల్క్	పిప్పి పండ్లు
పుడి	పురుగు
పుడిత	పుచ్చిపోవుట
పుడితంగ్ తిన్వల్	పురుగులు పట్టిన తినడం
పుత్తి	పుట్ట
పుత్తితగ	పుట్టలో
పుత్నయల్	తమ్ముని కొడుకు
పుత్ల	విగ్రహం
పుదెలల్	తిండికి మాలిన
పున్	గాయం
పుంజ	కుప్ప
పున్నె	బుద్ధి
పున్నెవంతల్	పుణ్యాత్ముడు
పుంగర్	పువ్వు
పుంద్-	తెలుసుకొనుట
పునక్	పూర్ణిమ
పుయ్ పుయ్ కీ-	ముద్దుగా పెంచడం
పురడ్ (పిట్టె)	గువ్వ
పురడ్ దేగొ (పిట్టె)	చిన్న గ్రద్ద
పుర్సద్	వీలు
పురున్ సారి	బూరె
పురుపున్ అదర్	సాక్ష్యాధారం
పురె మా-	సరి పోతుంది
పుల్లల్	తెల్లటి
పుల్లెగాండల్	తిరుగు బోతు
పుల్సు	చారు
పుస్తక్	పుస్తకం
పుస్తె	మంగళ సూత్రం
పుసుక్నె	ఒక్క క్షణంలో
పుహ	నానబెట్టు
పుహంత	తడుపుతుంది
పుహ్త	నాన్పింది
పుహ్-	తడపడం
పూకర గొస్టి	గాలి వార్త
పూజ	పూజ
పూజ కియ్వల్	పూజచేయు
పూట	పూట
పూటు	ఫోటో
పూటుంగ్ రెహ్వల్	కెమేరా
పూడ్ సీమ్	తరుము
పూన	కొత్త
పూన జోడి	కొత్త జంట
పూనజల్మ	పునర్జన్మ
పూర	మొత్తం
పూర్-	తడుచుట
పూస్ (మహ్న)	పుష్యం
పూసి కీ-	పరిచయం చేయుట
పెకికియ్వల్	విసరడం
పెకికియ్వల్ కయ్	విసిరే చేయి
పెట్టి	కడుపు
పెట్టి నింద్నల్	కడుపు నిండ
పెట్టి నోంత	కడుపు నొప్పి
పెట్టి సూల	ఒక రకమైన రోగం
పెట్టితె మంత	కడుపుతో ఉన్నది
పెట్టింగ్ పొద్దుక్	కడుపు ప్రేవులు
పెట్రొల్	పెట్రోలు
పెడె	గింజ
పెత్త వెత్త	క్రింద పైన
పెత్తె	చీమ
పెన్నె	కప్ప
పెన్సిల్	పెన్సిల్
పెంగెడ్ వెంగెడ్	ఒక్క రకమైన నడక
పెందొ	పొడుపు కథ
పెండ్ర	పేం తో డప్పు రింగులు చేస్తారు
పెయూస్-	పాపుట/విరవడం
పెర బొక్కీ	పెద్ద తేనె
పెర్రె కాల్	వంకర కాలు
పెర్స	పెద్ద
పెర్స కట్టె	పెద్ద కర్ర
పెర్స పేన్	పెద్ద దేవుడు
పెర్స పొద్దుర్	పెద్ద ప్రేగు
పెర్స బుయ్లి	జనుము
పెర్స బొట్ట	పెద్ద వేళ్ళు
పెర్స లేఙ్	పెద్ద రాగము
పెర్స సమ్దుర్	మహా సముద్రం
పెర్సపిర్	తుఫాను
పెర్సి	ఏరుకొని
పెర్-	ఏరుకోవడం
పెరెక్	బియ్యము
పెరెకా	మెడ వెనుక భాగం
పెల్క పేండ	గుదము
పెసిత	వెల్లింది
పెసి-	వెలాడం
పెసెల్ డారి	పెసర పప్పు
పెహ్లె	మొదలు
పేకి కీత	పడ వేసిన
పేకింగ్	ఆడపిల్లలు
పేకీ కీ-	విసరడం
పేకుర సాడ	పిల్లల బడి
పేకుర్	కుమారులు
పేటి	పేటి,వీణ,గిటార్
పేడల్	కొడుకు
పేడి	కూతురు
పేడి సూడ్వల్	పెళ్లి చూపులు
పేన్	దేవుడు
పేన్‌గడ	దేవుని స్థలము
పేన్ గాగ్ర	దేవుని గజ్జ
పేన్క్	దేవతలు
పేన్క్‌నగ	దేవుళ్ళకు
పేప్రె ఉహ్కంత	సన్నాయి ఊదుతుంది
పేపి	పెద్ద నాన్న
పేమ్	భూమిలో వరి ఉంచు సొరంగం
పేండ	యోని
పేండ నొర్ర	గుద్ద కడుగు
పేండ్య	చొప్ప కట్ట
పేరి	పెద్దమ్మ
పేల్ ఆతొర్	అపజయం పాలయ్యాడు
పేల్క్-	మరుగు దొడ్లు
పేల్క్‌వల్	మల విసర్జన చేయుట
పేవ్డె	నిచ్చెన మెట్టు
పేస్	నురుగు
పొక్నె	ఉబ్బడము
పొకుల్ వాత	బొబ్బలు వచ్చుట
పొకొట్	ఉచిత
పొకొట్నఆయొ	అనుచిత
పొగ్గ	శిశ్నము
పొగ్డి కీంత	విరేచనాలు
పొట్	పొట్టు
పొట్క్ పొట్క్	ఊపిరి పీల్చుట,
పొట్ట గంజి	చెడ్డవాడు
పొట్‌పొహుడ్	గ్రద్ద రకము
పొడ్రి బొక్క	కాలి ఎముకలు
పొడికిసి వెహ్వల్	వివరించి చెప్పుట
పొడెల్	గొర్రె పోతు
పొతం కియ్వల్	బాగు పర్చు
పొత్-	మండుట
పొతుస్-	మండించుట
పొద్దుక్	ప్రేగులు
పొద్దుర్	పేగు
పేండ పొద్దుర్	పేగులు
పొద్-	లోనికి రాకుండ
పొదెల	పొర్క
పొంటిన్	కలము
పొనిస్	తొంభై
పొప్పయ్ (మర్ర)	బొప్పాయి (చెట్టు)
పొప్పొట	నీటిబుడగ
పొప్పొస్ వాలె	ఊపిరి తిత్తులు గల వాడు
పొపొస్	తిత్తులు
పొండ్త	కట్టుకున్న
పొరయింగ్	పడమర
పొర్క	మోదుగు చెట్టు
పొర్కలిర పార్టి	కమ్యూనిస్టు పార్టీ
పొర్కె (తరస్)	పరికి పాము
పొర్కె (మర్ర)	పరికి (చెట్టు)
పొర్తొ తర్వల్	పై బడటం
పొర్రొ	పైన
పొర్రొ డెహ్క	పైకెగురు
పొర్రొ తెర్గ	మీదికి ఎక్కు
పొర్రొ పొర్రొ	పైన పైన
పొర్రొడ	అంతరిక్షం
పొర్రొడొర్	పై వాడు
పొరెయ్తొర్	పశ్చిమ దిక్కు వాడు
పొరొల్	పేరు
పొలం	పొలము
పొలెస (మర్ర)	మునగ చెట్టు
పొస్ గాయిటల్	పనికిరానివాడు
పొస్ పొస్	బుస్ బుస్
పొహ్న్‌యల్	చుట్టము
పొహ్పి	ఉలి
పొహ్ర	బకెట్టు
పొహ్రె మాంత	పారుట
పొహున్‌ చార్	విందు భోజనం
పొహెంగ్	పేలాలు
పోక్డ	గర్వము
పోక్రల్	బోలుగా
పోఙంత	కారింది
పోచమ్మ	అవ్వల్ పెన్
పోటి	పోటీ
పోటిత పార్టి	ఎదురు తిరుగు
పోటొ	బొమ్మ
పోడ్	పొక్కు
పోడ్క్	పొక్కులు
పోడ్ద్ పెసివల్	సూర్యుడు ఉదయించు
పోడ్ద్ పెసియంత	సూర్యుడు ఉదయిస్తున్నాడు
పోడ్ద్ మల్త	సూర్యుడు అస్తమయమునకు మల్లును
పోడ్ద్ (మీన్)	సూర్య చేప
పోడ్ద్‌ నంగ్ జారంగ్	సూర్య కిరణాలు
పోడ్ద్‌న వేడ్చి	సూర్యుని వెలుతురు
పోడ్ద్‌రెక్	సాయంత్రం
పోడ్ని	తాలింపు
పోడ్రి	కంకి, గెల
పోడ్రి	మోకాలు
పోత్ర	అలకడానికి వాడుకొనే గుడ్డ
పోతి	నల్లపూసల మంగల సూత్రం
పోతె	సంచి
పోతెనగ	బస్తాలలో
పోద్రెక్	సాయంత్రం
పోన్	టెలిఫోన్
పోంగ్వల్	పారుట
పోంగ్వల్	పారుట
పోనడ్	గువ్వ
పోండ్-	కట్టుకోవడము
పోయ	పొగ
పోయ	పొగ
పోయ మచ్	పొగ మంచు
పోయ వడి	పొగ గాలి
పోయ హాబర్	పొగ మబ్బు
పోయంత	పూయుట
పోయ్సల్	కండరాలు గలవాడు
పోయ్-	పూస్తుంది
పోయుస్	తాలింపు
పోర (మహ్న)	శ్రావణ మాసం
పోరడ్	అత్త
పోరల్	పిల్లవాడు
పోర్ని	పిచికారీ
పోరి	పిల్ల
పోరి యెహ్వల్	కోడి పిల్లతో ఎగరడము
పోరోడల్ బూడ్	పైనుండి క్రిందికి
పోలిస్	పోలీస్
పోవున్ వేలి	నీటిపై ఉండే తీగ
పోసటి	అనద
పోసి కీ-	పెంచుకో
పోసెర్ మత్తొర్	ఎదురు చూసెను
పోహ్ని-	నీటిలో ఈదడం
బక్కల్	సన్ననివాడు
బక్కి	తోలు అంతర పొర
బక్తల్	భక్తుడు
బక్తి	భక్తి
బక్ర	మేకపోతు
బక్ర పిల్ల	చిన్న మేకపోతు
బగబగ	మండు
బగవంతల్	భగవంతుడు
బగ్గ	ఎక్కడ
బగ్గగిరె	ఎక్కడైన
బగ్గయ్ వొడ్కితుర్	ఎక్కడో తెలిసిన వారు
బగ్నె పొత్వల్	భగ్గుమను
బగ్లత్ సూడ	పక్కకు చూడు
బచ్చి కియ్వల్	కాపాడేవాడు
బచ్చొంగ్	ఎన్ని
బచ్చొర్	ఎంత
బచ్చొర్ ఉంబర్	ఎంత వయసు
బచ్లె	ఎన్ని
బచ్విర్	ఎందరు
బజన్ పాట	పూజ పాట
బజె	సమయం
బట్వడ	బట్వాడా
బడ్	శక్తి
బడ్గ	కర్ర
బడ్గె	తిరగబడేవాడు
బడ్డె	వెదురు కర్ర
బడి కీసి	పెంచు
బడి కీ-	పెంచుకో
బడే-మా-	పెంచు
బడికీమ్	పెంపొందించు
బడెమాత	పెరిగి
బతల్ వెహ	ఏమిటో చెప్పు
బత్తి	కాని
బతిమిలాడు	ప్రాథేయ పడు
బద్	ఎవరు
బద్దె	ఎవరో ఒకరు
బద్దె ఉంది జాగ	ఏదో ఒక చోట
బద్దెన	ఎవరిది
బద్నంతర	నిందించు
బద్ర	(1000) వెయ్యి
బద్లి	మారకం
బద్లి కీ-	మార్పు
బద్లె-మా-	మారింది
బదెక	బాతు
బదొయ్	ఏదో
బంజడ్	ఎక్కువ గడ్డి
బంద్	సమ్మె
బంద్ కీ-	ఆపి వేయుము
బండ	ఆగిపోయింది
బంద్వ	చుట్టం
బంటి	ఎప్పుడు
బనిన్	బనియన్
బండ	బండ
బయ్	ఎక్కువ
బయ్ పొట్టి	అతి పొట్టి
బయ్ బయ్ ఆ-	తెల్లవారు జామున
బయ్ వెల్లె	ఎక్కువ
బయ్ సక్రె	చాలా ప్రొద్దున
బయ్మన్	వ్యతిరేకంగా
బయ్యె	అమ్మ
బయ్‌ చొకొట్ రుచి	రుచిగా
బయ్‌ డగుర్	పెద్దదిగా
బయ్‌ సోబత	కోమలమైన
బర్కడి బొమ్మి	సారంలేని భూమి
బర్ఙడి	రొమ్ము ఎముకలు
బర్తి కియ్వల్	నింపుట
బర్తి కీమ్	భర్తి చెయ్యు
బర్బత్ కీమ్	నాశనం చేయడం
బర్మ	శ్రవణం/పట్టుకారు
బర్మచారి	బ్రహ్మచారి
బర్మడాండి	ఒకరకమైన చెట్టు
బర్మపుఙర్	ఒకరకమైన పువ్వు
బరెమాత	నిబ్బరం
బరెమాయ్వల్	నిండుగా
బరొబర్	సమానం
బరొస	నమ్మకం
బరొసతొర్	నమ్మకం గలవాడు
బలంతె	యోగ్యమైన
బలబల	గలగల
బలం వాలె	బలమైన
బల్మిత్క్	బలవంతంగా
బవిస్యత్	రాబోయే కాలం
బవిస్యత్ కాలం	రాబోయే కాలము
బస్	బస్సు
బస్క్‌యల్	బర్రెలు మేపేవాడు
బస్కె	ఎప్పుడు
బస్కెట్	ఎప్పటికీ
బస్కెయె ఉంది దియ	ఒకానొక రోజు
బస్కెయొ	ఎప్పుడో
బస్తుర్ వార్	గురువారం
బహన్	ఎలా
బహన్ తెర్	ఎలాగైన
బహ్కె మా-	తప్పయింది
బహ్నె ఆయి	తెగించు
బహ్నెమని	ఏదో రకంగా
బహ్రి	బహిష్టు
బహ్రి టెండ	వెలికి తీయు
బ్రమ	భ్రమ
బ్లిచింగ్ పోడర్	బ్లీచింగ్ పొడి
బాక సీమ్	ప్రమాణం చెయ్యి
బాకి	అప్పు
బాగ్డియల్	వంకర
బాగి కీ-	వంపుట
బాఙి	పాపిడి
బాజ్	వైపు
బాజి పాల	కూరగాయలు
బాజి పాలంగ్	కూర గాయలు
బాటె	అంటుకోవడం
బాటొ	బావ
బాడి	కొరలు
బాతల్	ఎలాంటిది
బాన్	బాణము
బాన్ విద్య	ధనుర్విద్య
బాంద్వ వాలిర్	చుట్టపు చుట్టం
బాపె	దేనితో
బాబ్డె (మర్ర)	ఒకరకమైన చెట్టు
బాబుర్ (మర్ర)	దంతె (చెట్టు)
బాండె గొట్ట	తుపాకి గొట్టం
బాయ్కొ	భార్య
బాయి	అక్క
బార	పన్నెండు
బారత్ నొర్	భారతీయుడు
బార్‌వాత	పూతకు వచ్చింది
బారి	ఎందుకు
బారిక్	సన్నగా
బారిత	విలువైనవి
బారెతె	గురించి
బాలొబల్	సంతృప్తికరమైన
బావన	అనుకునడం
బావ్	ఏవి
బావ్డి	బ్రా
బాసన్	గృహ పరికరం
బికట్న	ఇబ్బందియైన
బికర్ వాడల్	బిచ్చం అడిగే వాడు
బిచ్చె గాండల్	బిచ్చగాడు
బిచ్చెగాండే	అడుక్కునే అమ్మాయి
బిజురి (మర్ర)	నిమ్మ (చెట్టు)
బిత్తి	జాన/ బెత్త
బితి దొహ్వల్	గోడ కట్టు
బిద్ది	పశువుల పాక
బిందె	బిందె
బిబుత్ (మర్ర)	ఒక రకమైన చెట్టు
బియ్యె	మరదలు
బిర్	గట్టి
బిల్	బిల్లు
బిల్ల	బిళ్ళ
బివ్డ	గుల్ల
బిసుడ్క్-	జారుట
బీడ	బయట
బీడి	బీడీలు
బీతి	గోడ
బీబట్	చిరుత పులి
బీమల్	బీము దేవుడు
బీర్య మర్ర	మునగ చెట్టు
బుక్ పరుందులి	రెక్కల పిల్లి
బుక్క	ముద్ద
బుక్కి	గుద్దు
బుక్ని	చూర్ణం
బుగ్గ	బుగ్గ
బుచ్చలిక్	కురుచైన
బుచ్చి	మక్క బూజు
బుచ్చి	పాప
బుచ్నె	ఒత్తుగ
బుజుక్నె	నెమ్మదిగా
బుట్టి	బుట్ట
బుడర్కన్	జోకర్
బుడ్క్-	నీటి కదలికలో రాబోయే చప్పుడు
బుడ్నంగ్ పల్క్	క్రింది దంతములు
బుద్ది	బుద్ధి
బుద్ది సెల్వ	బుద్ధిలేని
బుద్దివంతల్	బుద్దిమంతుడు
బుద్దెల	మల విసర్జన అవయవము
బుద్‌వార్	బుధవారం
బుంకల్	పూజారి
బునది	పునాది
బుయరి	గుహ
బుయ్ సేఙ	పల్లి కాయ,వేరుశెనగలు
బుయ్లి	జనుము
బురబుర	మెల్లగా
బుర్క	తుక్కు
బుర్రిక్ కెల్క్	తక్కువ వెంట్రుకలు
బుర్సల్	బొచ్చు
బుర్సిక్	దీపావళి పండగ అప్పుడు అన్నంతో దీపాలు చేస్తారు
బుర్-	ముద్దు
బుల్ల	మునగ చెట్టు తొర్ర
బూగొల సాస్త్రం	భూగోళ శాస్త్రం
బూజ్	బూజు
బూట్క్	బూట్లు
బూడంగ్	అట్లు
బూడ్	క్రింద
బూడ్నొర్	కిందవాడు
బూడెమాత	నష్టం రావడం
బూడెస్తల్	మోసగాడు
బూత కాలం	గడిచి పోయిన కాలం
బూత్	భూతం
బూత్యల్	కార్మికుడు
బూతి	కూలీ
బూయ్తల్	కూలివాడు
బూయ్తె	కూలి స్త్రీ
బూర	ఈక
బూరి	తెలువు
బూలి కీమ్	తప్పించు
బూలె మాయ్వల్	తప్పి పోవడం
బూలె మా-	తప్పిపోయాడు
బూలెమామ్	తప్పడం
బూస్	ఊక/ధాన్యపుపొట్టు
బూస్కడ్‌ పియ్త	బూజు పట్టిన
బెకబెక	కప్ప అరుపు
బెందొ	కోళ్లను పెట్టె బుట్టి
బెయ్ వెల్లె	చాలా ఎక్కువ
బెర్రల్	తేనెపట్టు
బెర్రల్ వీసి	తేనెటీగ
బెర్స్-	ఎదుగు
బెరులి (మర్ర)	రావి (చెట్టు)
బెహ్రియల్	చెవిటివాడు
బెహ్రి	చెవిటి ఆమె
బేకుబ్	తెలివిలేని
బేకె వాతి	ఎక్కడికీ వచ్చావు
బేకెగిర్ సొందవచ్చొ	ఎటు వైపు కైనా వెళ్ళ వచ్చు
బేటె మా-	కలవడం
బేడ్కి	జింక
బేత్ బడ్డె	కొలతకర్ర/బద్ద
బేద	తేడా చూపు
బేంద్	ఏది
బేంగ్వల్	పాకడము
బేంగ్-	పాకుట
బేంచి	బల్ల
బేపరి కియ్వల్	వ్యాపారం చేసేవాడు
బేబ్రెంగ్	టమాటలు
బేండి	బెండకాయ
బేండింగ్	బెండ కాయలు
బేమరి	రోగి
బేమరివాలె	రోగి
బేరెంగ్	బేరెలు/బద్దలు
బేలి	బెల్లం
బేవొస్	మతి లేని
బేహాలత్	చెడ్డ
బైతెడల్	చేతకానివాడు
బొక్క	ఎముక
బొక్కెన	బొక్కెన
బొక్-	పొక్కులు
బొగ్డ	ఒడ్డు
బొట్	బొట్టు
బొట్ట	వ్రేలు
బొట్టంగ్	వ్రేళ్ళు
బొట్టె	మొట్ట
బొడ్సంత	కాల్చుట
బొడ్స్-	కాల్చుట
బొత్తల్	లావు
బొద్ర	జలపాతం
బొంక్వల్	పొగడడం
బొంగ్సడ్ గద్ది	సొరంగం
బొమ్	రొమ్ము
బొమ్క్	చళ్ళు
బొమ్డల్	బ్రాహ్మణుడు
బొమ్మ	బొమ్మ
బొమ్మతున్ వర్నించ	బొమ్మ వర్ణించు
బొమ్మంగ్	పోస్టర్లు
బొమ్మి	భూమి
బొమ్మి మెలివల్	నేల
బొవ్రి	సుడి గాలి
బోక్డి కియ్వల్	గోర్లతో గాయము చేయు జంతువులు
బోకుడ్	మేకపోతు
బోకుడ్ పిల్ల	మేకపోతు (పిల్ల)
బోకె	బట్టలు లేకుండా
బోగెమాయ్వల్	అనుభవించుట
బోడల్	పసుపు
బోడల్ రంగ్-	పసుపు రంగు
బోడలిక్ పల్క్	పసుపు దంతములు
బోడ్కల్	జుట్టు పిలక లేనివాడు
బోడి	బట్టతలగల
బోదడ్ పాంత	మురుగు వాసన గల
బోదెల	చిన్న బుడమకాయ
బోంక్వల్ వోర్-	అభిమాని
బోన	ఎవరిది
బోనె కేంజొర్	ఎవరి మాట వినడు
బోండ్	కవచము/పొట్టు
బోండ్కి	బోండ్లు
బోయల్	మత్స్యకారుడు
బోయే	మత్సకారి
బోయిండ	చనుమొన
బోరింగ్	దయ్యం
బోర్	ఎవరు
బోలల్	అమాయకుడు
బోలిబాల్	ఆనందంగా
మ్యావ్	మ్యావ్
మక్కె	మొక్కజొన్న
మక్-	దాచుట
మక్సి	దాక్కొని
మకుస్వల్	దాచి పెట్టు
మగ్రియల్	పొగరు బోతు
మగ్వల్	తగ్గడం
మఙి (మర్ర)	చెట్లు వాగు దగ్గర ఎక్కువగా ఉంటాయి
మచ్	మంచు
మచ్చ	మచ్చ
మజ్బుత్	గట్టిగా
మడ్	పది కిలోలు
మడ్కస్క్	జలగ చేపలు
మడ్సెఙ	మునగ చెట్టు
మడి	నారు మడి
మడి	మణి పూస
మడుత	మాడింది
మత్	మందు
మత్క్ న చిట్టి	మందుల చీటీ
మత్త	ఉండే
మత్తప్	కల్గి ఉండటం
మత్తపె చాపి కియ్వల్	నకలు ప్రతి
మద్న	టైఫాయిడ్
మన్	మనస్సు
మంత	ఉండినది
మంద	మంద
మన్ నోయుస్వల్	మనుసును నొప్పించుట
మన్ బాగ్	మనస్సు లోని మాట
మన్క వెడ్యల్	మనస్సు తెలుసు కోవడం
మన్గట్	మణికట్టు
మందన	ఉండాలి
మన్నె	ఎల్లుండి
మందర్	కావచ్చు
మన్వల్	ఉండడం
మంజిల్	అంతస్థు
మందుడి	సమూహము
మంగుర్ వార్	మంగళ వారం
మంతొర్	ఉన్నాడు
మందొల	పందిరి
మన్‌నోత	మనుసు నొప్పి
మబ్	మబ్బుగా
మండల్	మండలం
మండి బేమరి	మెండి
మయడ్	మాయాజాలం
మయ్జ	మంగలి కత్తి
మయ్త	తప్పడం
మయ్య	ప్రేమ
మయ్వల్	గెలవడం
మయ్‌దన్	విరోచనాలు
మయ్‌దన్ సొం-	దొడ్డికిపో
మయాడ్ ఆ-	మాయము అవ్వడం
మయుస్-	గెలిపించు
మరకొండల్ (తరస్)	చెట్టుపై ఉండే పాము
మరట్	మనము
మరటి	మరాఠీ
మర్క	మామిడి పండ్లు
మర్ఙ	మానుకో
మర్ఙుస్వల్	మాన్పించడం
మర్ద్ (మర్ర)	ఒక (చెట్టు)
మర్న్‌డడ్	మరదలు
మర్న్‌డు	మరిది
మర్మింగ్	పెళ్లి
మర్మిన దివొస్	పెళ్లి రోజు
మర్మియడ్	సంతానము
మర్యద	గౌరవం
మర్యద సీమ్	గౌరవించు
మర్ర	మునగ చెట్టు
మర్ర-డబ్బ	విషపు డబ్బా
మర్రత మొద్దు	మునగ చెట్టు మొద్దు
మర్రతున్ కొయ్వల్	చెట్టును కోయడం
మర్రమెట్ట	ప్రకృతి
మర్రి	కుమారుడు
మర్రి ఇవ్విర్	తండ్రి కొడుకు
మర్రి మియడ్	సంతానము
మర్ల	తర్వాత
మర్ల సీమ్	మళ్లీ యివ్వు
మర్లజన్మ	పునరుత్పత్తి
మర్లపుట్వల్	పునరావృత్తి
మరియ	మారు
మరుంగ్-	మర్వడం
మరుమ్	పక్కకు
మలంజ్ (మీన్)	చేప
మల్ల	తర్వాత
మల్వజాడి	ఒక రకమైన గడ్డి
మల్సి	తిరిగి
మల్‌పట్ట	మగవారు తొడుగుకునే
మల్‌సుడుం	డేగ
మలుస్-	మలుపు
మలెద	ఒక రకమైన తీపి
మస్క్	మసక
మస్త	అద్భుతం
మస్త్ జోర్తె	అద్భుతం
మస్రల్	కొంచెం నలుపైన
మస్రె మాత	కాగిన
మసిద్	మసీదు
మసెమల్ పేన్	మైసమ్మ దేవుత
మహజన్	సభ్యులు
మహరజ్	హాని కలిగించని
మహరాని	దొరసాని
మహ్క (మర్ర)	మారేడు (చెట్టు)
మహ్క్-	వెతకడం
మహ్గ్	విలువైన
మహ్చి	పూర్తిచేసి
మహ్న	నెల
మహ్నతప్త	నెల తప్పింది
మహ్వల్	ముగింపు
మహిత్	ఙ్ఞాపకం
మాక్డె మా-	మాసి పోయింది
మాచ్-	అతికించు
మాట్ వొల్వల్	మాటు
మాటి	గడ్డ (దుంప)
మాటిగడ్డ	గడ్డ
మాటిబాజి	చుక్క కూర
మాడ్క్-	తొంగి చూడు
మాడ్సొ	మొగడు
మాడి	బంగ్లా
మాత్రల్	ముసలివాడు
మాతెర	ధాన్యంలో కసువు/చెత్త
మాతోడొ	మాతోటి
మాద్గి	మాదిగ
మాంజ పుడి	మిణుగురు పురుగు
మాన్ద గొస్టి	గర్వకారణం
మాంది	జనం
మానం సెల్లె	మానం లేదు
మానె మాయ్వల్	అంగీకరించు
మాప్ వెహ	క్షమాపణ చెప్పు
మాపి	క్షమించు
మాండి	తొడ
మాండి కీ-	వేటాడటం కోసం
మాండికిసి	ఊరిపెట్టి
మామ	మామయ్య
మాయ	మాయము
మాయ్ట	కడియం
మాయ్నన్ పుర్స్	నీ తలకు మించి
మాయ్నన	మానవుని
మాయ్నల్	వ్యక్తి
మాయ్‌టల్	సుడిగాలి
మార్	దెబ్బ
మార్కుల్క్ వాట	మార్కులు వెయ్యి
మార్త	అయిపోవడం
మార్తొర్	మరణించాడు
మార్తొర్ (సాతొర్)	చనిపోయిన
మార్య	మార్పు
మార్వల్	తగ్గడం
మార్వెలి (జాడి)	ఒక రకమైన గడ్డి
మార్-	అయిపోయింది
మారివల్	మారటం
మారుస	మార్చు
మారెల్	రెక్క
మారెల్క్	రెక్కలు
మాల్	పంట
మాల్కల్	యజమాని
మాలుండి (తరస్)	రెండు తలల పాము
మావ	మనది
మావంగ్	మనవి
మాస	అగ్గి పెట్టు
మాస్-	నిప్పు చేయుట
మాసుల్ (తరస్)	కొండచిలువ
మిఙ	మింగు
మిచ్చొ	తేలు
మిట్క్‌త	బెణుకుట
మిట్కుస్వల్	బెనకడం
మిటుస్-	బొట్టు
మిడ్చ్-	మెరుస్తుంది
మిడుంగ్-	పల్టీ
మిడుసిమ్	మడుచు
మిన్ఙుల్	నిప్పురవ్వ
మింగ్వలిక్ జన్వర్క్	మ్రింగే జంతువులు
మింగ్-	మింగుట
మింజ్-	మునుగుట
మింది	కన్ను రెప్ప
మినుంగ్	రుచికరమైన
మినుంగ్త	రుచికరమైన
మినొడ (మర్ర)	ఒక రకమైన చెట్టు
మిమ్మెట్	మీరు
మియడ్	కూతురు
మిరట్	మీరు
మిర్కుట్	గొడ్డు కారము
మిర్గ్	వాన కాలం
మిర్వల్	చిమ్ముట
మిసడిత	కలుషిత
మిస్డి కీ-	కలపడము
మిస్డె మాసి	కలుసుకొని
మిస్వల్	సమాది చెయ్యి
మిస్-	బొంద పెట్టుట
మిసిన్	యంత్రం
మిహ్-	స్నానము చేయించుట
మీన్	చేప
మీన్ జారి	చేప వల
మీన్ మేస్	చేప గుడ్డు
మీన్క్	చేపలు
మీన్క్‌న లవ్డి	చేపల చెరువు
మీనొడల్	తాబేలు
మీండ్-	పండుకో
మిండూస్-	పండబెట్టుట
మీరి కియ్వల్	కూడికలు
మీరి కీ-	జమ చేయడము
మీరె-మా-	కలిసింది
మీరియంగ్	మిరియాలు
మీరె మాసి	కలిసి మెలిసి
మీవ	మీది
మీసెల్	మీసము
మీసెల్క్	మీసాలు
ముక్క	ముద్దు
ముక్క బుర్వల్	ముద్దు పెట్టుట
ముక్కెర	ముక్కు పుడక
ముక్డియల్	మూగవాడు
ముగ్గ ముగ్గ	నిగ నిగ
ముగ్గి	మొగ్గ
ముచ్చ	కప్పి
ముచ్చడ్	మూత
ముచ్చుక్	తోడు లేకుండా
ముచ్వల్	కప్పడం
ముజ్ర కీ-	వందనాలు
ముట్టి	పిడికిలి
ముట్-	గురుతుపట్టు
ముడ్డుస్	మడత పెట్టుట
ముడ్త	ముడుత
ముడ్-	మునగడము
ముడూస్-	ముంచుట
ముడియంతొర్	గుర్రు కొట్టడం
ముడి-	గురక
ముడు సియ్వల్	ముడుచుకునే
ముడుంగ్త	మునిగింది
ముడుంగ్సి	మునిగి
ముడుస	ముంచు
ముతెల్క్	ముత్యాలు
ముద్ద	ఉంగరము
ముద్ద బొట్ట	ఉంగరపు వేలు
ముద్ద	పదమూడు
ముద్ద కెల్క్	ఉంగరాల జుట్టు
ముద్ద మొకం	గుండ్రని ముఖం
ముద్ర వాట్వల్	అచ్చు వేయడం
ముదెర	మందు మొక్క
మున్నిస్	ముప్పది
మున్నె	ముందు
మున్నెగడ్	నాయకత్వం వహించేవాడు
మున్నెత్‌ సూడ్సెర్ మత్త	ఎదురుచూడబడ్డ
మున్నెతె	రాబోయేది
మున్నెన్	ముందుగా
మున్నెమన్	ముందుండు
ముంజ్కవాత	సొమ్మసిల్లి పోవడం
ముంజాలిర్	పిల్లలు పుట్టని వారు
ముంగూర్	ఇంటి వాకిలి
ముంగె (మర్ర)	మునగ చెట్టు
ముంజెటల్	మొండి
మునొప	లాభం
ముప్ట	మడత
ముండ్యల్ కీమ్	మొండికెయ్యి
ముండి	మొండి
ముండిక్ కెల్క్	పొట్టి వెంట్రుకలు
ముండెల్	శేరలు, మొగ్రెలు
ముయ్క్ ముయ్క్	నోటి లోపల నములుట
మురడి	ఆవుల పందిరి
మురన మంద	ఆవుల మంద
ముర్ పుఙర్	మోదుగు పువ్వు
ముర్కెటల్	చెడ్డవాడు
ముర్గుడి కీ-	పిసుకుట
ముర్త	ముదిరిన
ముర్రెంగ్	పుట్నాలు
ముర్స్-	వంగడం
ముర్-	మూసుకు పోయింది
మురుంగ్త	చల్లటి (నీరు)
ముల్గె (మర్ర)	మునగ చెట్టు
ములుక్నంగ్ పొరొల్క్	ప్రాంతాల పేర్లు
ముస్ ముస్ కవ్-	ముసిముసి నవ్వు
ముస్కె	చిక్కం
ముస్‌డెర్క	అన్నము జీర్ణము అవ్వక పోవడం
ముహ్చ్-	మొరగడం
ముహ్చి	మూసి
ముహ్చివాట	మూసుకో
ముహ్-	అడ్డగించు
మూకల్	మూగవాడు
మూకి	మూగది
మూడవ	మూడవ
మూంద్	మూడు
మువ్విర్	ముగ్గురు
మూండ్యల్	చెడ్డవాడు తనం గల వాడు
మూర పాల్	ఆవు పాలు
మూర సవ్వింగ్	గొడ్డు మాంసం
మూర్త	నిండి
మూర్త్	రూపం
మూర్తి	విగ్రహం
మూర్యల్	మామయ్య
మూరె మర్న్‌డడ్	మామ కూతురు
మూరె మర్రి	సడ్డకుని కొడుకు
మూరెమాతంగ్	అంతరించి పోయినవి
మూల	కొన
మూస్క్-	వాసన చూడడం
మెచ్తొర్	మెచ్చుకొను
మెచ్వల్	మెచ్చుకో
మెట్ట	గుట్ట
మెద్దుర్	మెదడు
మెదుల్వల్	మెలుగుట
మెన్	నిండ
మెంటల్ కడ్క్	మెల్ల కండ్లు
మెయంత	మిగులుతుంది
మెయ్తొర్	విజయం
మెలి-	కదిలి
మెలుస్	కదిలించు
మెలుస్త	కదిలించింది
మెస్ వీసి	చిన్న తేనెటీగ
మెసి-	పదునుపెట్టు
మెసెల్-బండ	వాడి చేయు బండ
మెహ్-	మేపడం
మేడ	వాసాలు
మేతింగ్	మెంతి
మేతిబాజి	మెంతి కూర
మేన్ వాలె	ముఖ్యమైన
మేందొడ లెహ్మి	ఆభరణాలు
మేందొదె వాత	పరవశత
మేందొల్	దేహం
మేయ్-	మేపడం
మేస్	గుడ్డు
మేస్ర్తి	కార్మికుడు
మొక్ట కీ-	మడత
మొక్డొ కీ-	మృదువుగా చెయ్యి
మొక్సల్	సభ్యులు
మొకె మర్ర	మునగ చెట్టు
మొకొట	ముసుగు
మొకొమ్	ముఖం
మొజ్	మోజ
మొటర్	వాహనము
మొట్ వాలె	మోటైన
మొట్‌సబ్బ	పురిటి భోజనం
మొడ్	బొడ్డు
మొడ్డల్	చిన్న మొగ పాప
మొడ్డె	చిన్న ఆడ పాప
మొడ్డె	చిన్న ఆడ బిడ్డ
మొడి	మలుపు
మొడి మల్వల్	మలుపు తిరుగుట
మొడొక	మొలక
మొతి	రత్నం
మొద్	మొద్దు
మొదొడ	ఆదిమ
మొదొల్	తొలి
మొప్ ఆ-	మొదలు పెట్టు
మొప్లెర్	మప్పురెల్
మొపామ్	మొదలెట్టు
మొమొట్	మేము
మొయ్-	హత్య
మొర్	ముద్ర
మొర్రొ	పులిపిరి
మొరొల్	మొక్క
మొరొస్	తీగ
మొల	మొలలు
మొలొక	నార
మొవెర	ఆవలు
మొసొర్	ముక్కు
మొసొర్ ముద్ద	ముక్కు రింగు
మొహ్తుర్‌ కియ్యె	మొదలెట్టేవాడు
మోక	అవకాశం
మోర	ఆకుల టోపి
యాద్ కియ్వల్	గుర్తు పెట్టుకోవడం
యాది	జ్ఞాపకం
యాయల్	చిన్నమ్మ
యుగ్	యుగం
యునివర్సిటి	విశ్వవిద్యాలయం
యెకంది	ఒక వేళ
యెక్కి సెల్లె	అనైక్యత
యెక్టి	ఎక్కిల్లు
యెక్టి కీ-	ఎక్కిళ్ళు
యెక్లల్ పద్ది	మగ అడవి పంది
యెక్‌నాడ	రోగం
యెకిన్ పీ-	నమ్ము
యెగ్గ బడ్వల్	తిరగబడేవాడు
యెగ్దమ్	ఒక్కసారిగా
యెడ్కి	జ్వరము
యెద్దకట్టెంగ్	వంట చెరకు
యెద్ది	ఎండకాలం
యెద్ది తెరంత	ఎండ కొడుతుంది
యెద్ది యేతన్	ఎండ తీసుకొనుట
యెద్దిపాత	వడదెబ్బ
యెంజుర్	నువ్వుల పొడి
యెంజె	గింజ
యెనల్క్	ఆభరణాలు
యెమ్ లోక్	నరకానికి
యెండి యేర్	స్వచ్ఛమైన నీరు
యెర్తం	పాడు
యెర్ప్‌వల్	ఏలేవాడు
యెర్రి నెయ్	పిచ్చికుక్క
యెరిసెర్	ఈడ్చు
యెలక్టిరింగ్	విద్యుత్
యెల్లి	ఎలుక
యెల్లి సూపె	ఎలుక పిల్ల
యెల్లికెవి	ఎలుక చెవి
యెవ్త	చేరి
యెవ్వ	అందుకో
యెవ్వన	చేరడము
యెవ్‌తప్	సరిపోయినట్లు
యెవ్‌తొర్	చేరినాడు
యెస్ట వాత	అలసి పోయ
యెహ్-	ఎగిరించడం
యేకార్యల్	ఒకే ఒక్కడు
యేటి	చెక్కు
యేడుంగ్	ఏడు
యేడ్విర్	ఏడుగురు
యేత గర్మి	నీటి వేడి
యేత టాక	నీటి ట్యాంకు
యేతగ	నీటిలో
యేతంత	తీసుకుంటుంది
యేత్మ	దేవుని పేరు
యేత్-	తీసుకో
యేత్‌తొర్	పొందాడు
యేంద్కట్	నృత్యం చేద్దాం
యేనిత పల్	ఏనుగు దంతం
యేమ్ దర్మ రాజల్	యముడు
యేమలిర్	కవల మగ పిల్లలు
యేమెక్	కవల అమ్మాయిలు
యేమల్-యేమె	కవల పిల్లలు
యేర్	నీరు
యేర్ తుంగ్-	స్నానం చేయు
యేర్ డోండియల్ (తరస్)	నీటి పాము
యేర్ వోలెమాత	లాలా జలము
యేర్కొర్	నీటి కోడి
యేర్ప	ఏర్పరచ బడ్డ
యేర్‌ నెయ్	నీటి కుక్క
యేల	సమయం
యేవుస	అందజేయు
యేసెమ్	అవతారం
రక్కెసల్	రాక్షసుడు
రక్త పింజర (తరస్)	రక్త పింజర
రక్వలి	రక్షక భటులు
రగ్గల్	ఎరుపు
రగ్డికీ	రాకడం
రచ్చి కీ-	సేకరించు
రచ్చికియ్వల్	రచన చేసేవారు
రచ్నుక్ కీ-	పేర్చడం
రచికియ్యె	రచించేవాడు
రట్	మందం
రద్ద రద్ద	కుండ పోత
రంజన్	రంజను
రంగ్న సినిమ	రంగుల సినిమా
రంగ్నెనింత	రంగులతో నిండిన
రంగ్-	రంగు
రంజాన్	రంజాన్
రప్నెలాక్త	గట్టిగా తాకడం
రబర్	రబ్బరు
రండ్	రెండు
రండ్‌ తీర్క్‌నె	రెండు
రండ్‌ సరింగ్	రెండు మార్గాలు
రండునల్ వెల్లె	రెండు కన్న ఎక్కువ
రంపె	రంపము
రస్స	రసం
రసిద్	చీటి
రహె మా-	జీవించు
రా	రా
రాక్మ	తిట్లు
రాకి కీ-	పెంచడము
రాకెట్	రాకెట్
రాగం	గొంతు
రాగొ	చిలుక
రాఙ	తిట్టు
రాచ్-	కత్తిరించు
రాజ కప్డింగ్	రాజు దుస్తులు
రాజదాని	రాజధాని
రాజన మందిర్	రాజ మందిరం
రాజనంగ్ ఆంగ్డెంగ్	రాజ దుస్తులు
రాజల్	పాలకుడు
రాజల్ వాటె సిక్స	రాజదండనకు అర్హమైన నేరం
రాజ్	రాజ్యాంగం
రాజ్క్	రాజకీయాలు
రాన్జి	వెదురు కంక
రాంగ్‌సిమ్	తిట్టుకో
రాందున్ కారల్	వంట వ్యక్తి
రాందున్ కారె	వంట స్త్రీ
రాంటెక్	ఈశాన్యం
రాని	రాణి
రాండ్వల్	పెండ్లం కోల్పోవడం
రాండె	ముండ
రాయల్ (పిట్టె)	రాబందు
రాయ్	నిర్ణయము
రాయ్త	పచ్చడి
రాయిసద్ వాలె	డబ్బున్నవారు
రాయిసిడి మిట్టు	రామచిలుక
రాలంత	రాలుతుంది
రావ్డల్	రామ చిలుక
రాసి	వంద
రాసి	దాన్య రాశి
రాసెడ	చదును చేయడం
రికమ్	ఖాళీగా
రిక్స	రిక్షా
రీక్-	చల్లడం
రీతి	రీతి
రీతివెహ	న్యాయ చెప్పు
రుచ్ పాత	ఉషస్సు
రుచిత	రుచికరమైన
రుచిమంత	రుచికరమైన మిఠాయి
రుద్దె	చిన్న చేప
రుద్దె (మీన్)	సన్న జిమ్మ
రుప్య	రూపాయి
రుప్యంగ్	రూపాయలు
రుమ్న	రుమడ
రుమ్మల్	రుమాలు
రుయ్	దూది
రూక దలం	నౌకా దళం
రూంద్	వెడల్పు
రూపం	ఆకృతి
రూపము నివ్డి కియ్వల్	రూపము కల్పన
రూప్	రూపం
రూసి	కత్తి
రెప్సె మా-	విరిగి పోయిన
రెండ్	రెండు
రెయ	తగ్గిపో
రెయ్వల్	దిగడం
రెయ్సి సొత్త	గర్భం దిగిపోయింది
రెహ	గియ్యి
రెహ్వల్	చిత్రించు
రేఙ	రేగుపండు
రేజర్ పత్తి	రేజర్ పత్తి
రేడు	రేడియో
రేంగ్-	విడుపు
రేల	రేల చెట్టు
రేల్ గాడి	రైలు బండి
రేస్క్-	అభిమాని
రొక్వల్	జీర్ణము అగుట
రొక్-	జీర్ణం
రొప్పొ	లోపల
రొప్పొడ బనిన్	లోపల బనీన్
రొబ్బ	రుబ్బు
రొబ్బె రోకల్	రుబ్బు రోలు
రొబ్బెకల్	రచ్చబండ
రొబ్వల్	రుబ్బుట
రొండి	తొడ
రొహ్డి	వనమూలిక చెట్టు
రొహ్వల్	పంపడం
రొహ్-	పంపించు
రొహి	దుప్పి
రోకల్	రోకలి
రోగ్	రోగి
రోగిత పుస్తక్	రోగం శాస్త్రం
రోజి	ప్రతిదినం
రోజిత పేపర్	దిన పత్రిక
రోజినయ్	ప్రతి రోజు
రోత్‌ లాసి	ఇంటి కోసం
రోతొర్	ఇంటి యజమాని
రోంజంత	ప్రతి ధ్వని వస్తుంది
రోంజ్-	చప్పుడు
రోప్	నారు
రోప్ ఉర్సవల్	నారు నాటడం
రోమ్	విశ్రాంతి
రోండ	కలుపు
రోమి (మర్ర)	విశ్రాంతి (చెట్టు)
రోస్క్-	నీలు విసరడం
లక లక	తళతళ
లక్ ఇర్ర	దూరంగా పెట్టు
లక్క	లక్క
లక్నల్	దూరం నుండి
లక్స	1,00,000
లక్సకియ్వక్	అలక్ష్యం
లక్సకియ్వల్	గురి
లగ్డి	లగ్నము
లగ్డిన దివొస్	పెళ్లి రోజు
లగ్నింగ్	లగ్నము
లగుత మయ్య	శక్తి
లజ్జ	సిగ్గు
లజ్జె మాయ్వల్	సిగ్గు పడడం
లట్క్‌నె	లటుక్కున
లట్టింగ్	జిడ్డుగా
లడెయ్	యుద్ధం
లంగ్	దూరము
లంగ్	బహిష్టు
లంగ్ ఆయ్వల్	నెలసరి
లంజె	లంజె
లంజె రాండె	లంజె బొడ్డి
లప్పంగి	అబద్దికుడు
లబడ్	అబద్దం
లబన్క్	లంబడి
లమ్గ	లవంగం
లమ్డల్	బంజారా
లంబొ	పొడవు
లయిన్	క్రమం
లయిన్తె	వరుసక్రమం
లరె	నలుబై
లరె అవ్ట్	నలభై ఎనిమిది
లరె ఉంది	నలభై ఒక్కటి
లరె నాలుంగ్	నలభై నాలుగు
లరె పీట్	నలభై తొమ్మిది
లరె మూంద్	నలభై మూడు
లరె యేడుంగ్	నలభై ఏడు
లరె రండ్	నలభై రెండు
లరె సారుంగ్	నలభై ఆరు
లరె సియుంగ్	నలభై ఐదు
లవ్వ లవ్వ	తొందర తొందరగా తినుట
లవ్వి జాడి	తుంగ దుస్తుల
లసుడ్క్	ఎల్లి గడలు
లసున్	ఎల్లిపాయ
లహ్క్ లహ్క్	పొడవు పొడువుగా
లహ్కి	తొందర
లాక్సి	తగిలి
లాక్సిమన్	కలిసి ఉండు
లాక్‌తప్నె	తాకినట్టు
లాగ్త	తగిలింది
లాగ్-	తగిలింది
లాటి	వెదురు బొంగు
లాడల్	పెళ్లి కోడుకు
లాడ్ కియ్వల్	ప్రేమ చూపడం
లాడ్క్‌యల్	ముద్దు బిడ్డ
లాడ్న	ప్రియంగా
లాడ్నె	ప్రేమగా
లాడి	పెండ్లి కూతురు
లాడి గోడితే మన్వల్	ప్రేమగా
లాత	కాలు దెబ్బ
లామ్ కీమ్	పొడుగ్గా చేయు
లాండి	పొట్టిగా
లాండిగల్	తోడేలు
లామ్‌ వాలె	పొడుగైనది
లామ్‌టాడ్వ	పొడవాటి దవడ
లారి	లారీ
లావి కియ్వల్	వేలాడదీయు
లావి కీ-	పెట్టుకోవడము
లాస్	నష్టం
లాసి	కొరకు
లిక్కన్	బలపం
లిప్పల్	మెత్తని
లిమ్ లొమ్ అయ్వల్	వేలాడడం
లింబు పండి	నిమ్మపండు
లింబు (మర్ర)	నిమ్మ (చెట్టు)
లిమ్‌ లొమ్ కీ-	వేలాడ దీయడం
లీడర్	నాయకుడు
లీమ్ (మర్ర)	వేప (చెట్టు)
లుద్దల్	మంచి
లుంగి	లుంగీ
లూటి కియ్వల్	దోపిడి
లూటి కీ-	దొంగిలించుట
లూన	మోటర్ సైకిల్
లెక్కంగ్ కియ్వల్	గుణించుట
లెక్-	లెక్క
లెటర్	ఉత్తరం
లెంగ్	రాగం
లెంగ్డల్	కుంటివాడు
లెండల్	మొండి తీరు
లెల్లెంజ్	చంద్రుడు
లెహ్డ దొస్వల్	ఎంగిలి అన్నం తినిపించుట
లెహ్మి	నగలు
లెహెంగ	సాడితున్ రోపో కెర్వల్
లెహెంగ్	పేలాలు
లేఙ్	గొంతు
లేడ్	తెల్లబట్ట
లేతొ	లేత
లేప్	పరుపు
లేండ్య (మర్ర)	మునగ చెట్టు
లేండి (మర్ర)	అల్లనేరేడు (చెట్టు)
లొడల్	పలుచని
లొద్ద పుడి	లద్దె పురుగు
లొద్ది	లోయ
లొంద్క	గుంత
లొంగ్వక్	లొంగి పోకుండా
లొల్లి కి-	చప్పుడు
లోకుర్	జనం
లోట పోఙంత	వరద పారుతుంది
లోడ	చేప పేరు
లోమె మా-	వ్రేలాడు
లోర	మాంసం
వొస్	దినము
వకిలు	న్యాయవాది
వకుత్	సమయం
వకుత్ (వక్త్)	సమయము
వక్తూన్-వక్త్	సమయమును-సమయం
వగ్గర్	వయసు బర్రె
వచ్చిసొత్త	ఎండి పోయింది
వజన్	బరువు
వట్క్-	దాహం
వట్ట	జగడం
వట్టియ్	అక్కర లేని
వట్టియ్ ఇన్	తిరస్కరించు
వట్టెడ	బటాని
వడ్ (మర్ర)	మరి చెట్టు
వడ్క్-	మాట్లాడు
వడ్క్‌వల్	ప్రసంగించుట
వడ్ఙ్	వేళ్ళు
వడ్డ	వీధి
వడ్-	కారుట
వడ్‌మర్ర సీర్క్	మర్రి ఊడలు
వడి	గాలి
వడి దూందడ్	తుఫాను
వడి నేకంత	గాలి చప్పుడు
వడియ	పొయ్యి
వడిసెల్వ	గాలి లేని
వడుస్	బిడ్డ కేకలు వెయ్యటం
వడుస్వల్	వాయించడం
వత్త	వాడిన
వత్తుసన	ఎండ పెట్టుట
వత్వల్	ఎండుట
వత్-	ఎండు
వతుస్వల్	ఎండబెట్టడం
వన్క్ జోమెమాత	వనుకు పుట్టింది
వంత్	వంతు
వంజి	వరి
వని కీసి	పొగడడం
వయవయ సొన్	వేగంగా వేళ్లు
వయ్	వెయ్యి
వయ్ జుంజుర్	దట్టమైన
వయ్దు	వైద్యుడు
వయ్నె	తొందరగా
వెయ్నె వెయ్నె	తొందర తొందర
వయ్నెఇర్ర	త్వరపెట్టు
వయ్నెసొన్	తొందర వెల్లు
వయ్య వయ్య	వేగంగా నడవడం
వయ్యుక్ సీ-	ఆవలింతలు
వయ్యుక్ సీ-	ఆవలించుట
వయ్‌కి	లక్ష
వయుక్ వాత	ఆవలింత వచ్చింది
వయుర్	తీగ
వర్టల్	చాకలి
వర్టె	చాకలి ఆమె
వర్ర సియ్యొ	దాటనియ్యదు
వర్వల్	ఎక్కు
వర్స	సంవత్సరము
వర్సమొల	అర్స మొలలు
వర్-	ఎక్కడం
వర్‌సోస్	ఒక రకమైన రోగం
వరిత	వంగిన
వరొనయ్	ఒంటరి
వరొయ్	ఒక్కమేనె
వరొర్	ఒక్కడు
వస్తు	వస్తువు
వసుల్ కీమ్	వసూలు చేయ్
వహ్చ్-	కాగించడము
వహ్డి కియ్-	వడ్డించడం
వహ్డియల్	వడ్డించేవాడు
వహ్త	ఈనింది
వహ్-	ఈను
వహి	వయసు
వ్యవహర్	వ్యవహారం
వాక్డల్	వంపు
వాక్డల్ సెల్వ	వంకర లేనిది
వాక్డియల్	వంకరగా
వాగ జోగి	క్రమ శిక్షణ
వాగటి	పులి మీసం
వాగ్ సెల్లె	పరివర్తన లేదు
వాగ్నుక్	ధోరణి
వాగ్నున్	పరివర్తన
వాగ్‌చెయ్న (వేలి)	ఒక రకమైనా తీగ
వాగెమాయ్	మంచి నడవడిక
వాఙంత	కారడం
వాఙ్-	కారుట
వాచి కీ-	చదవడము
వాజగాజత కుప్ప	సంగీతం వస్తువుల గుంపు
వాజా గాజ	భాజా భజంత్రీలు
వాట	పొయ్యి
వాటన	వెయ్యాలి
వాట్	వేయుము
వాట్త	వేసుకున్నా
వాట్ని	ఉచ్చ
వాట్వల్	వెయ్యడం
వాట్సి	పోసి
వాటి కియ్వల్	నూరుట
వాటి కి-	నూరుట
వాటొ	వెయ్యదు
వాడ్‌ సీమ్	పార వెయ్యి
వాడి	తోట
వాతద్	పరంపర
వాతం	వాతం
వాతి	వత్తి
వాతొర్	వచ్చాడు
వాద్రిపియ్త	చలి పుట్టింది
వాంత	వస్తుంది
వాన్ కీమ్ట్	సమర్థనం
వాంద్	కారణం
వాందె మా	అలవాటు అవ్వడం
వాపస్	వాపసు
వాప్	ఆవిరి
వాయర్	రావచ్చు
వాయిట్	చెడ్డ
వాయిట్న బుద్ది	చెడ్డవాడు భావన
వాయిద వాట్తెర్	వాయిదా వేయడం
వాయుస్వల్	రానివ్వడం
వార్ పియ్త	బీట
వార్ వార్	వారం వారం
వార్-	పాడుట
వారి	తీగ
వావ్టె	చేన్లొ
వావుర్	చేను
వాసంగ్	వాసాలు
వాసి	వచ్చి
వా-	రావాలి
వికటం దిస్వల్	చెడుగా కనిపించేది
విక్	విషము
విక్న తరస్	విష సర్పము
విక్ పగ్రెమాత	విషం వ్యాపించుట
విక్రి	విడగొట్టు
వికారం	చెడుగా
వికున్ వేస్న	విష పూరితమైన
విచర్	సమస్య
విచర్ కియ్వక్నె	అనాలోచితంగా
విచర్తె మన్వల్	ఇబ్బందిలో ఉండడం
విచ్ బొట్ (పిట్టె)	పిట్ట
విచ్కడ్ (మీన్)	చేప పేరు
విచ్చిసొ	పారిపో
విచ్రె మామ్	తెలుసుకో
విజ్జ	విత్తనము
విజ్జ వాట్-	విత్తనం విత్తుట
విట్టడ్	సూత్కం
విడ్క్‌వడ (పార్కత్)	విడాకులు
విడ్య	అరక లో విడ్య
విత్-	పరుగు పెడుతుంది
విద్రింగ్	విత్తనాలు వేసే టప్పుడు పూజ చేస్తారు
వినతి	మనవి
వియర్	చెత్త
వియ్యడ కుప్ప	చెత్త కుప్ప
వియ్-	విత్తడం
విలువ దొహ	విలువ కట్టడం
విలెకర్	విలేఖరి
విసం గాడి	గబ్బు వాసన
విసయ్	విషయం
విస్వల్	బంతి
విస్వస్	నమ్మకం
విస్-	జొన్నలు వేరు చేయడం
వీచ్	సమాది
వీచ్ డాగి	సమాది స్థలం
వీడ	దాటు
వీడాకివేలి	తమల పాకు
వీడుసీమ్	దాటించు
వీర్	వీరు
వీస	(20) ఇరువై
వీస్క్-	అందడము
వీస్క్‌వల్	లాగుకోవడం
వీస్కుడ్	మంటతో కూడిన కట్టె
వీస్-	అరుగు
వీసి	ఈగ
వీసొరంగ్	ఆయుధాలు
వెఙుర్ (మర్ర)	మునగ చెట్టు
వెచె వెచె	అల్లరి చేసేవాడు
వెట్టె	నృత్య వాయిద్య వస్తువు
వెడ్మ (మర్ర)	తిర్మన్ చెట్టు
వెడి-	నింపు
వెద్దుక్	వెదురు
వెంజెర్	నాలుక
వెయ్నెన్	వెంటనే
వెయ్లొ	పెండ్లం
వెర్కడ్	పిల్లి
వెర్చె	చమటకాయ
వెర్తల్	చుట్టం
వెర్తలిర్	చుట్టాలు
వెర్రె	భయం
వెర్రె పీ	బెదిరించింది
వెర్రె కొండల్	పిరికివాడు
వెర్రెతె పిస్వల్	భయంతో జీవించడం
వెర్స్-	కాల్చుట
వెరిత	కలత పడింది
వెరితొన్	కలత చెందాను
వెరినల్	గంభీర్యంగా
వెరివక్	ధైర్యంగా
వెరివల్	పిరికి
వెరిసి	గాబరా
వెరుస్-	బెదిరించే
వెరు సియ్వల్	బెదిరింపు
వెల్కడ్ సాంగ్త	వంశము సాగడం
వెల్కి (మర్ర)	మునగ చెట్టు
వెల్తెర్	మునగ చెట్టు
వెల్లె	చాలా
వెల్లె ఆమ్	ఎక్కు అవుట
వెల్లె కరెమాత	బాగా తెలిసిన
వెల్లె కారి-	ఎక్కువ నల్లగా
వెలిలె	పర్యటన
వెలిసి సూడ్వల్	తిరిగి చూచుట
వెలుం పెత్తె	చెదలు చీమ
వెహ తొహ	సలహా ఇవ్వడం
వెహ్త	చెప్పిన
వెహ్మ	చెప్పకు
వెహ్-	చెప్పండి
వేగ్రొ (వెగొర)	వేరుగా ఉండడం
వేగొర	వేరు
వేట్	అంచు
వేడ	పెరడు
వేడ్చి	వెలుతురు
వేత-	ఉడికింది
వేన	ఇతని
వేనింగ్	జడలు
వేమ్	కాలు
వేయ్	వాతం
వేయ్వల్	కాలిపోవడం
వేర్	ఇతడు
వేర్ని	మట్టి పల్లెం
వేరి	దాకా
వేలడ్	రాణి
వేలి ఇట్త	పాము కుట్టుట
వేలి ఊమ్వల్	పాము కుట్టినది
వేలి సాంగ్త	వంశము సాగింది
వేలింగ్	తీగలు
వేలిమాటింగ్	తీగ దుంపలు
వేస్న	పోలిన
వేస్-	కప్పుట
వేసుని	ముక్కు తాడు
వొజ్జె	మోపు
వొజికియ్వల్	ఏర్పరచిన
వొడ్	ఒడ్డు
వొడ్క కియ్వడ్‌ మొడి	గుర్తించ దగిన
వొడ్కి	పరిచయం
వొడ్కితొర్	తెలిసినవాడు
వొడుంగ్-	ఒలవడం
వొద్రె మాయ్వల్	కూలీ పోయిన
వొప్ కీమ్	సహించు
వొప్కె పియ్వల్	ఓపికపట్టడం
వొప్నల్	ఒప్పుకోతగిన
వొప్పుస	ఒప్పించు
వొమ్వల్	విక్రయం
వొమ్వల్ వాలె	అమ్మేవాడు
వొర్కె	ప్రక్కకు
వొర్చి కీమ్	ఓర్చుకోవడం
వొర్తెకె నాంద్	పేలుడు ధ్వని
వొర్సొనె	ఒకే సారి
వొల్	దాగుట
వొల్సి	దాక్కొని
వొహ	పేల్చు
వొహొ	పాలు గ్రంధి
వొహొ కీత	పాలు పెరిగినాయి
వోక్ర	వాంతి
వోటి తేండ్వల్	వోడి తీయుట
వోటితె	దత్తత తీసుకో
వోటు	ఓటు
వోడ	దీపం పెట్టె వోడ
వోడ్వల్	అర వేయు
వోడు సీ-	పొట్టు తీయడం
వోతడ్	స్త్రీ
వోదల్ ఆ-	వదులవడం
వోందల్	జాతి పేరు
వోన	అతని
వోన వోర్-	అతని అంతట అతను
వోన సారిమత్త	అతని రొట్టె ఉండే
వోప	మడి
వోపంగ్	మళ్ళు
వోండి	మీగడ; వెన్న:
వోమ్-	అమ్మడం
వోయ్వల్	రవాణా
వోర్	అతను
వోర్త	పేలుడు
వోర్-	పగిలింది
వోరి	వరుస క్రమం
వోస్రి	వసరా
వోహ్త	పలిగింది
వో-	తీసుకు పోవడం
సక్కెడ	ప్రొద్దున
సక్రె	ప్రొద్దున
సగబుగ	ఇటు అటు దిక్కులు చూచుట
సగ్గ	గోత్రం
సగ్లల్	సడ్డకుడు
సగున్	తుమ్ము
సగున్ సారింగ్	పెళ్లి చూపులకు చేసే రొట్టెలు
సఙి	మేన మామ కొడుకు
సఙొ	మేన మామ కూతురు
సట్టి (మహ్న)	డిసెంబర్
సటి	జనవరి
సడ	వాసలు
సడ	పగ్గము తాడు
సడక్న కచ్డ వాడ్‌ సియ్యె	రోడ్ల చెత్త వేసేవాడు
సడపి	పెండ
సడ	అలుకుతా నీరు
సడపి పుడి	పెండ పురుగు
సడయ్ డారి	సెనగ పప్పు
సడయి బాజి	చెనగ కూర
సడయింగ్	చెనగలు
సడ్	పండుగ
సడ్కల్	నిలువు
సడ్కల్‌ గీతొ	సరళ రేఖతో
సడ్-	కారడం
సడె	అల్లుడు
సడె మర్రి	అక్క కొడుకు
సడె మా-	కుళ్ళిపోవు
సడెమాత	రాలి పోవుట
సత్	నిజం
సత్ బుద్దివాలె	మంచి బుద్ధి గలవాడు
సత్తి కియ్వల్	సతాయించు
సత్తి పేన్	దేవుని పేరు
సత్తె వచ్చన్	నిజమైన వాక్యము
సత్తె వతి	నిజాయితీ పరురాలు
సత్పురుసల్	సత్యవంతుడు
సన్	పండుగ
సంకట్	సంఘటన
సంతర్	నారింజ
సంతర్ (మర్ర)	నారింజ చెట్టు
సంద్	సందు
సంగ్	తోడు
సంగ్డి	వేటాడు
సందితగ	సందులలో
సంజీకీసి	సముదాయించి
సందొక	పెట్టె
సన్‌సుమ్	చప్పుడు లేకుండ
సనివార్	శనివారము
సపక్ (సపోక)	చేప పొలుసు
సపయ్	సారవంతమైన
సపసిప్ప	తొందర తొందర
సప్నతె దిస్వల్	కలలో కన్పించుట
సప్నె కామ్	అత్యవసర గురించి
సప్నె దురియ	లటక్కున దూర్చు
సప్నెసొ	వెంటనే వెల్లిపో
సప్రి	చప్రి
సపుర్	సన్నము
సపొట (మర్ర)	సపోట (చెట్టు)
సపొట్	సహాయంగా
సబ్బల్	గడ్డపార
సబ్బుడ్	గట్టిగా
సబ్బుడ్ ఉర్ఙికియ్వల్	గట్టిగా కౌగిలించు
సబాస్	మంచి
సమ్జి	సంజాయించు
సమ్జీ కీ-	నచ్చజెప్పు
సమ్జె మా-	అవగతం చేసుకున్న
సమ్ది	మొత్తం
సమ్దిన్ ఆక్రి	చిట్టచివరి
సమ్దిన్ డగుర్	అన్నింటి కన్నా పెద్దది
సమ్దిర్	అందరు
సమ్దిర్ నడ్డుమ్	అందరి నడుమ
సమ్దిరొర్	అందరివాడు
సమ్దుర్	సముద్రము
సమ్దుర్‌కాట్	సముద్ర తీరం
సమ్దొ	పూర్తి
సమ్దొ జగ్	పూర్తి ప్రపంచం
సమ్దొ జాగంగ్	అన్ని చోట్ల
సమ్దొయ్	సంపూర్ణమైన
సంబంద్ సెల్లె	సంబంధం లేని
సమ్మర్	కొత్తిమీరు
సమ్య	దీప స్తంభం
సంసార్	సంసారం
సమజ్ వాలె	ఓర్పు గల
సమడ్ కీమ్	బల పరుచు
సమడ్‌ కీత	మైదానంగా చేసింది
సమడ్‌ఆత	సమానంగా
సమర్ పాల	కొత్తిమీర
సమొక	మునగ చెట్టు
సయ్ కర్స్‌వల్	కోతికొమ్మచ్చి
సయ్‌గరె	యాభై
సయ్‌గరె అవ్ట్	యాభై ఎనిమిది
సయ్‌గరె ఉంది	యాభై ఒక్కటి
సయ్‌గరె నాలుంగ్	యాభై నాలుగు
సయ్‌గరె పీట్	యాభై తొమ్మిది
సయ్‌గరె మూంద్	యాభై మూడు
సయ్‌గరె యేడుంగ్	యాభై ఏడు
సయ్‌గరె రండ్	యాభై రెండు
సయ్‌గరె సారుంగ్	యాభై ఆరు
సయ్‌గరె సియుంగ్	యాభై ఐదు
సరం సెల్లె	సిగ్గు లేదు
సరముండి	సిగ్గు లేనివాడు
సర్క	జరుగు
సర్కర్	సర్కార్
సర్కర్‌త హాక్	సర్కార్ అధికారి
సర్కే మా-	జరిగి పోయింది
సర్త	చింపుట
సర్త లెంగ్	పగిలిన రాగము
సర్త్	ఒప్పందం
సర్దె సూడ్వల్	మార్గంలో చూడడం
సర్నె సొన్వల్	ఝల్లుమని బయలుదేరు
సర్య	అల్లటం
సర్రి	హారం
సర్వ	మిగులు
సరి	మార్గము
సరి తాక్-	బాటసారి
సరి సూడ్-	ఎదురు చూచుట
సరి వెహ	దారి చెప్పు
సరి సూడ్తొన్	ఎదురు చూసాను
సరిత	అల్లడం
సరిత్ నడ్డుమ్	దారి నడుమలో
సరిత్ పొర్రొ	దారిలో పైకి
సరితొహే	దారి చూపేది
సరింగ్ అవ్వల్	మార్గాలు దాటడం
సరింగి	వాయిద్య పరికరం
సరిసూడ్వక్	దారి చూడకుండా
సరి-	అల్లు
సరు కీమ్	అనుమతించు
సరున్	శ్మశానం
సరుసి	చింపి
సరె	ఇరవై
సరె అవ్ట్	ఇరవై ఎనిమిది
సరె ఉంది	ఇరవై ఒక్కటి
సరె నాలుంగ్	ఇరవై నాలుగు
సరె పీట్	ఇరవై తొమ్మిది
సరె మూంద్	ఇరువై మూడు
సరె యేడుంగ్	ఇరువై ఏడు
సరె రండ్	ఇరువై రెండు
సరె సారుంగ్	ఇరువై ఆరు
సరె సియుంగ్	ఇరువై ఐదు
సలల ఇంత	సలసల మరుగుతుంది
సల్లె	దేవ ప్రతిమ
సవతి బాయ్కొ	రెండవ పెండ్లం
సవతి మూంద్	పెనిమిటికి ముగ్గురు పెళ్లాలు
సవతి రండ్	పెనిమిటికి రెండు పెళ్లాలు
సవద్	రుచి
సవరి (మర్ర)	మునగ చెట్టు
సవల్	ప్రశ్న
సవ్రి కియ్వల్	తయారు చెయ్యి
సవ్రి కీ-	తయారు చేయు
సవ్రే-మా-	తయారవు
సవ్రె	ముస్తాబు
సవ్రె మాయ్వల్	తయారు కావడం
సవ్రెమామ్	తయారగు
సవ్లత్	సౌకర్యం
సవ్లత్ సెల్వ	అసౌకర్యం
సవ్వ	పావు
సవ్వద్న	రుచికరమైన
సవ్వి	మాంసము
సవ్విటుక్డె	మాంసపు ముక్క
సవ్విత అంగుర్ పండి	పుల్లని ద్రాక్ష పండు
సవ్వితెల్త	కండరము తేలింది
సవిత	పులుపు
సవెయ్	వడ్డీ
సస్తొ	సులువైన
సస్తొతె	అనుకూలమైన
సహయ్	సహాయం
స్వబావ్	రూపురేఖ
స్వర్గ	స్వర్గం
స్వాతంత్ర్యం వాత	స్వాతంత్ర్యం పొందిన
సాకలి	గొల్సు
సాక్రి	గొలుసు
సాకుర్	చక్కెర
సాఙ సియ్వల్	సాగింప చెయ్యడం
సాఙుసిమ్	సాగదియ్
సాట	బండి చాట
సాట్	(60) అరవై
సాడత పొరొల్	బడి పేరు
సాడి	చీర
సాత	చని పోయింది
సాత్‌ సియ్వల్	సహాయపడె వాడు
సాతి	రొమ్ము
సాతొన యేంద్వల్	దహనం చేసేటప్పుడు నృత్యం
సాతొర్	మరణించు
సాదరన్	సామాన్యంగా
సాదర్	సామాన్య
సాదల్ వాలె	సామాన్యమైన
సాదలిక్	సామాన్య
సాద్రల్	సుందరంగా
సాద్రి	మంచిగా
సాద్వల్	కాయ
సాద్-	కాయడం
సాది కీమ్	కొట్టడం
సాదించ	చేయుము
సాంచ్	అవకాశం
సాంత్ కీమ్	సాంతి యుత పరుచు
సాంత్ఇర్ర	ఆనంద పెట్టు
సాంత్న	నిర్మలమైన
సాంత్నెమన్వల్	శాంతితో ఉండడం
సాంగ్-	సాగడం
సాంతి	ఓర్పు
సాంతి సెల్వ	మనశ్శాంతి లేని
సాన గడ్డ	ఒక రకమైన గడ్డ
సాన పాట	చనిపోయినప్పుడు పాడుతారు
సాన పూజ	చనిపోయినవారి పూజ
సాన మక్కె	అడవి మొక్కజొన్న
సానల్	మృతుడు
సానె	మృతురాలు
సాపంగ్	వంకాయలు
సాప్	ముల్లు
సాప్ కీ-	బాగుపరుచు
సాప్ సపయ్ కీ	పరి బాగుపరుచుట
సాప్డి కీ-	దొరక పట్టుట
సాప్డె-మా-	దొరికింది
సాప్డె మాత	దొరికింది
సాప్‌ కీమ్	బాగుపరుచు
సాపెన	శపించు
సాబున్	సబ్బు
సామ్	చనిపో
సాండియల్	నంది లాంటి వాడు
సామ	కొర్రలు
సామన్ నడ్డుమ్	వస్తువుల మధ్య
సామను కోలి	సామాను గది
సాయన్ లాసి	చావడానికి
సాయ్	సిర
సాయ్బల్	మొగడు
సాయ్మన్	ఇల్లు ముందు
సాయ్వల్	చని పోవడం
సాయ్‌లెన్‌ గిర్	చావుకైన
సార ఆయ్వల్	వరుసగా
సార సార	సవ్యంగా
సార్కితెర్	పంపించారు
సార్ని	వరుసగా
సార్‌ మేడి	జిల్లా అధ్యక్షుడు
సారి	రొట్టె
సారి కియ్-	పంపి వెయ్యి
సారితిహ	రొట్టె తినిపించు
సారుంగ్	ఆరు
సార్విర్	ఆరుగురు
సారువ	తాపీ
సారె సారె	క్రమము
సాల్	సంవత్సరము
సాలి	ప్రతి సంవత్సరము
సాలె (మర్ర)	అందుక చెట్టు
సాలెత బొమ్మ	అందరూ చెట్టు బొమ్మ
సావ్లి	నీడ
సావ్‌ కారల్	యజమాని
సాస్త్రమ్	శాస్త్రము
సాసి తెద్వల్	చావు నుండి బయట పడడం
సాసి నెండ్తొర్	పునర్జన్మ
సా-	చావడం
సాతొర్	మరణించాడు
సికటి	చీకటి
సికటితె	చీకటిలో
సికర్	వేట
సికర్ కి-	వేటాడడం
సికరి	వేటాడు
సిక్క	ఉట్టి
సిక్క నోడె	తాడు
సిక్స	శిక్ష
సిక్సన్	శిక్షణ
సిఙర్	పచ్చబొట్టు
సిటుక్నె పల్క్	కొక్కిలి దంతములు
సిడయ్తొర్	తూర్పు దిక్కు వాడు
సిడయింగ్	తూర్పు దిక్కు
సిడ్కంత	చినుకులు పడుతున్నాయి
సిడ్క్-	చినుకులు వచ్చుట
సిడొ యేర్	నిన్నటి నీళ్ళు
సిడొపొరొ	ఒక్క దాని మీద ఒక్కటి
సితపడ్ (మర్ర)	సీతాఫలం (చెట్టు)
సితప్ కరెమాంత	ఇచ్చేట్లు కనిపిస్తుంది
సిత్త జొమ్మొ	పులుసు
సిత్త (మర్ర)	చింత (చెట్టు)
సిత్రి	గుల్ల
సిత్రి (మర్ర)	మునగ చెట్టు
సితుర్	చల్లని
సితుర్ ఆ-	చల్లబడింది
సితులి (మర్ర)	మునగ చెట్టు
సిదయ్ సొన్వల్	నిటారుగా వెల్లడం
సిన్నూం	కడియం
సింగర్	పచ్చబొట్టు
సింగల్ బోండె	పాడు బొడ్డిది
సింగ్రె మాసి	తయారు అయి
సినిమ	చలన చిత్రం
సిబ్బి	గుమ్మి
సిమ్గ	హోళీ
సియ్మ	ఇవ్వకు
సియ్యుంగ్	(05) ఐదు
సియ్విర్	ఐదుగురు
సియ్వడ	చెల్లించవలసిన
సియ్వల్	చెల్లించడం
సియొన్	ఇవ్వని
సిర్డల్	కోపంగల
సిర్డియల్	కోపం గలవాడు
సిర్డుంమర్ర	మునగ చెట్టు
సిర్న	గంటలు
సిర్పుట్ (జాడి)	గడ్డి
సిర్మిందింగ్	అవమానించు
సిర్ముట్	చుట్టు
సిరిప్	కేవలం
సిరుమ్	తిమ్మిరి
సిరులి	దూల గొండి
సిల్కత యేర్	వాగు నీరు
సిల్పం	శిల్పం
సివ	పొలిమేర
సివ్లింగ్	పెదవులు
సివొడ	కాడి కనలు
సిస్యల్	శిష్యుడు
సిసుడి	కోతి తనం
సీకరి వెలియె	వేటకాడు
సీటి	ఈల
సీటె	తోడుక
సీతప్	ఇచ్చినట్టు
సీతబతల్	ఇచ్చింది ఏమిటి?
సీద	నేరుగా
సీన్క	ఈనె
సీంగ్	కొమ్ము
సీంది కల్	ఈత కల్లు
సీందెర్	సంరాలు
సీపి	దర్జి
సీపి	అలు చిప్ప
సీమ్	ఇవ్వు
సీయ్-	ఊడ్చుట
సీర	నరము
సీర్	వేరు
సీర్	పేండ్లు
సీర్క్‌నె కీ-	ఎగపీల్చు
సీల్క	చిన్న కాలువ
సీస	సీసా
సీస్రి	ఈల
సీ-	ఇవ్వు
సుకం	ఆరోగ్యం
సుకమ్నె	ఆనందంగా
సుక్ దుక్	సుఖదు:ఖాలు
సుక్కుడ్	అన్నం కలిపే కట్టె
సుక్కుం	చుక్క
సుక్కుం పెల్క్‌వల్	తోక చుక్క
సుక్నె	ఆరోగ్యంగా
సుక్వల్	ఉతకడం
సుక్-	ఉతుకు
సుక్‌మన్వల్	సుఖంగా ఉండటం
సుకున్	ఇబ్బంది లేకుండా
సుకుర్ వార్	శుక్రవారము
సుజర సీమ్	బలి ఇవ్వు
సుజరంగ్	బలి ఇవ్వడం
సుట్టి	సెలవు
సుట్టింగ్	సెలవులు
సుట్టెమాతెర్	విడి పోయారు
సుటి కీ-	విడువు
సుట్టె-మా-	విడిపోయింది
సుతరి బడ్డె	ముల్లు కర్ర
సుత్తె	సుత్తె
సుత్లి	తాడు
సుద్రె మాత	అభివృద్ధి చెందిన
సుద్రె మా-	కోలుకున్న
సుద్రెమాయ్వల్	అభివృద్ది చెందడం
సుదుడ్ కియ్వల్	కడగడం చెయ్యి
సుదుడ్త	పవిత్రత
సున్న	సున్న
సుప్నె కెల్క్	వంగిన వెంట్రుకలు
సుప్లి	చిన్న చాట
సుప్లె	చిన్న గంప
సుయ్	సూది
సుయ్క్‌న మత్	సూదుల మందు
సుయ్యల్	మొన
సుయ్‌ పద్ది	ముళ్ల పంది
సుర్మ	కాటుక
సుర్వె	యేడు తెట్టెల తేనె
సుర్-	రొట్టెలు తయారు చెయ్యడం
సుర్‌పాపె	కొండ చిలుక
సురు	మొదలు
సురు కీ-	ప్రారంభించు
సురుఙ్ పాయ్వల్	తియ్యదనం
సురుత	మొదటి
సురుస్-	తీసి వెయ్యి
సురె	డెబ్భై
సురె అవ్ట్	డెబ్భై ఏనిమిది
సురె ఉంది	డెబ్భై ఒక్కటి
సురె నాలుంగ్	డెబ్బై నాలుగు
సురె పీట్	డెబ్భై తొమ్మిది
సురె మూంద్	డెబ్భై మూడు
సురె యేడుంగ్	డెబ్భై ఏడు
సురె రండ్	డెబ్భై రెండు
సురె సారుంగ్	డెబ్భై ఆరు
సురె సియుంగ్	డెబ్భై ఐదు
సులుడి	వేణువు
సుస్త్	మబ్బుగా
సూట్	గురి
సూడ్త	చూసినది
సూడ్తెర్	తిలకించారు
సూడ్నెన్ వాతెర్	చూడడానికి వచ్చారు
సూడ్లెన్ వికారం	క్రూరమైన
సూడ్లెన్ సొత్తెర్	చూడడానికి వెళ్లారు
సూడ్వక్ కీమ్	గుడ్డిగా చేయు
సూడ్సి	చూసి
సూడ్-	చూచుట
సూపే	చిట్టెలుక
సూర్ద యేర్	ఇంటి చూరుది నీరు
సూర్య గిరన్	సూర్యగ్రహణము
సూరె (మర్ర)	మునగ చెట్టు
సెక్‌పాంత	సెగలు
సెక్‌మామ్	ఎండ కాయడం
సెట్ట	బాహువు
సెట్ట సెవ్	కొంగు
సెట్టతగ	చేయిమీద
సెట్టతె	బాహువుతో
సెట్టెడ్	కొడవలి
సెడ్త బుద్ది	చెడ్డవాడు బుద్ధి
సెడ్మి	పుట్టింటి
సెన్	కంకి
సెర్క (మర్ర)	మొర్రి చెట్టు
సెర్న్‌డడ్	మరదలు
సెర్పుం	చెప్పులు
సెరులి (మర్ర)	మునగ చెట్టు
సెల్లె	లేదు
సెవ్వెర జాడి	మొక్క
సెవ్వెర్	బంక
సేక్ కీమ్	ఆరబెట్టు
సేకె మామ్	వేడికాచుకోవడం
సేకెమాంత	వేడి అగుట
సేఙ	కాయ
సేజరి	దగ్గరవాడు
సేట్	సేటు
సేటెంగ్	జననేంద్రియ వెంట్రుకలు
సేడ్త	అంటుకోవడం
సేడ్వ (జాడి)	ఒక రకమైన గడ్డి
సేప్ పండి	ఆపిల్ పండు
సేమెడ్	చీమిడి
సేర	ఒక చేతిలో తీసుకోవడము
సేరమెన్	దోసిల నిండ
సేర్	అరక
సేర్న్ డు	మరిది
సేర్న్‌డడ్	మరదలు
సేర్యడ్	తోడు కోడళ్లు
సేరి (తరస్)	జెర్రి పోతు పాము
సేరిక్	నమోదు అయినాడు
సేల	తువాలు
సేలడ్	చెల్లె
సేలడ్ తక్క	అక్కాచెల్లెలు
సేల్టె	చీము చెట్టు
సేవ	సేవ
సేవ్కల్	హాస్య నటుడు
సేస	పూజ బియ్యం
సొఙెటల్	కోపంగలవాడు
సొడ్య	వెళ్లిపో
సొడియ	పొమ్ము
సొడియంత	వెళుతుంది
సొడి-	పోయింది
సొడు సీమ్	వెళ్ళగొట్టు
సొద్దెల్	పొయ్యి
సొన్	బయలుదేరు
సొన్నెకె	వెళ్తున్నప్పుడు
సొన్మ	పోవద్దు
సొంట్	వెళ్ళండి
సొమ్మర్	సోమవారము
సొరొప్	రాలిన లేత చొప్ప
సొవ్వొర్	ఉప్పు
సొవిలె	పులుపు
సో	వెళ్ళు
సోక	పెట్టు
సోక్	శోకు
సోక్న	మంచిది
సోక్నె	అందంగా
సోక్వల్	పూయడం
సోక్-	రాసుకోవడం
సోకె మాయ్వల్	సంక్రమించు
సోకెర	పక్కకు
సోఙ్	కోపము
సోడ	పదహారు
సోడ్ బాబత్	విడాకులు
సోడ్త	కోసింది
సోడ్-	కోసింది
సోదిర జాగ	మాంత్రికుల స్థలం
సోదె	మంత్రగాడు
సోదెంగ్	మంత్రము
సోంచ్ కీ-	ఆలోచించుట
సోంగ్నె	ఉద్రిక్తత
సోంగ్నెమత్త	కోపంలో కూడిన
సోంచ్-	ఆలోచించుట
సోంచి కియ్వక్	అనాలోచిత
సోనె	బంగారం
సోనె పుడి	బంగారు పురుగు
సోనె వోతడ్	దాయమ్మ
సోనెత ముద్ద	బంగారపు ముద్ద
సోనెత్ సాటి తాడ్వల్	బంగారం కోసం తవ్వడం
సోనొరల్	అవ్సులోడు
సోప్త్‌యల్	స్నేహితుడు
సోప్తి	స్నేహితుడు
సోప్రి కీమ్	కలగా చెయ్యి
సోప్రెమం	అంకితమవ్వు
సోపెతల్	స్నేహితుడు
సోబ	అందం
సోబత	అందంగా
సోబ్డె రోగ్	అంటు రోగం
సోయబిన్	సోయాచిక్కుడు
సోయ్సల్	సోమరితనం
సోర	పెద్ద కుండ
సోరతగ	పెద్ద కుండలో
సోర్యలిర్	చుట్టాలు
సోర్లింగ్	దూల్ దుమ్మకాయలు
సోరిక్	సంబంధం
సోరె	అరవై
సోరె అవ్ట్	అరవై ఎనిమిది
సోరె ఉంది	అరవై ఒక్కటి
సోరె నాలుంగ్	అరువై నాలుగు
సోరె పీట్	అరవై తొమ్మిది
సోరె మూంద్	అరువై మూడు
సోరె యేడుంగ్	అరవై ఏడు
సోరె రండ్	అరువై రెండు
సోరె సారుంగ్	అరువై ఆరు
సోరె సియుంగ్	అరువై ఐదు
సోల	(16) పదహారు
సోసి కీ-	పెంచడం
సోసెమాయొ	ఆపుకోలేక పోవడం
హక్	హక్కు
హక్కె	అక్కడ
హందల్	అక్కడి నుండి
హక్కె ఇక్కెయెవ్వొంగ్	అటు ఇటు సరిపోదు
హక్సియ్వల్	పిలవడము
హజర్	(1000) వెయ్యి
హజర్ సాల్క్	వేయి సంవత్సరాలు
హజ్రి ఆయ్వల్	పాల్గొనుట
హజిర్ ఆయ్వల్	హాజరు కావడం
హజిరి ఆతొర్	హాజరైనాడు
హట్	తదేకదీక్ష
హట్టె	అలిసి
హట్టె మా-	అలిసిపోవడము
హట్టెమాసి	అలసిపోయి
హత్తి	ఏనుగు
హందక్	అటునుంచి
హందకాకున్	అవతల ప్రక్కన
హన్మంతల్ పేన్	హనుమాన్ దేవుడు
హందుర్	అక్కడివారు
హనె నేటి	మొన్న
హబ్బిడుర్	వేరేవారు
హండంగ్	వృషణములు
హంసవెలి	వంశం
హయ్లల్	దున్నపోతు
హర్	ప్రతి
హర్ర	గది
హర్రె లెండ	మేక గోతిక
హరి సొన్	తోడు రావడం
హరిబ్	ధనవంతుడు
హల్కల్	అనుకూలమైన
హల్కొ	తేలిక
హల్కొ యేత్వల్	తేలికగా తీసుకోవడం
హాత్ కడింగ్	చేతి సంకెళ్ళు
హాన్	అలాగ
హాబర్	నింగి
హార	పెద్ద గంప
హార్	దండ
హారి కీమ్	ఓడించు
హాలత్	స్థితి
హాల్	సంగతి
హాలి కి-	కదిలించుట
హిక్తి	యుక్తి
హిక్మత్	ఉపాయము
హిజ్డల్	కొజ్జవాడు
హిందు	హిందు
హిందు సమ్దుర్	హిందు మహా సముద్రం
హిందువుల్క్	హిందువులు
హిమ్మత్	ధైర్యము
హిమాలయ గుట్ట	హిమాలయ పర్వతం
హిర్డ	జిగురు
హిర్డుమ్	కీటకం
హిర్దులి (మర్ర)	చిటమొట చెట్టు
హిర్ప్ (మర్ర)	ఇప్ప చెట్టు
హిర్వల్	పచ్చగా
హిర్వల్ జాడి	పచ్చిక కారుడు
హిరుక్ కుడ్డుక్	ఇప్ప పువ్వు కుడుములు
హిరొడ (మర్ర)	కరక్కాయ
హీర	వజ్రము
హుక్క	పొలుసు
హుకుమ్	ఆజ్ఙ
హుకుమ్ దార్	అధికారి
హుకుమత్	అధికారము
హుడి కీ-	ఎగర వెయ్యడం
హుండి	కూడినది
హురిలి	ఒకరకమైన చెట్టు
హురె	ఎన్‌బై
హురె అవ్ట్	ఎనభై ఎనిమిది
హురె ఉంది	ఎనభై ఒక్కటి
హురె నాలుంగ్	ఎనభై నాలుగు
హురె పీట్	ఎనభై తొమ్మిది
హురె మూంద్	ఎనభై మూడు
హురె యేడుంగ్	ఎనభై ఏడు
హురె రండ్	ఎనభై రెండు
హురె సారుంగ్	ఎనభై ఆరు
హురె సియుంగ్	ఎనభై ఐదు
హూడంగ్	అటుకులు
హూడె (పిట్టె)	గోరెంక
హెక్డల్	వంకర బుద్ధి
హెంగ్డల్ బుద్ది	చెడ్డవాడు బుద్ధి
హెర్మి పుర్కి	బర్రె పేను
హెర్మింగ్ బస్కల్	బర్రెల కాపరి
హెర్రె బోకుక్	మేక పోతులు
హెల్వ మెలివల్	అలలు కదులుట
హేతు	జ్ఞాపకం
హేప్సల్ టొడ్డి	వెడల్పు నోరు
హేండ్వల్	నర హంతకుడు
హేల్వతె పాసివోంత	అలలతో కొట్టుకు పోతుంది
హొటల్	హోటల్
హొబ్రె మాయ్వల్	పొగడడం
హో ఇన్	ఒప్పుకో
హో ..రా.	అవును
హోరి	మంటలు లేవడం
హో...	అవును
